[INFO] This is o2-sim version 1.2.0 (84e43136cb)
[INFO] Built by ALIBUILD:1.17.18+noble, ALIDIST-REV:b7fc841932b3cc029df0f41192797a1c75652a3f on OS:Linux-6.8.0-60-generic
[INFO] BINDING TO ADDRESS ipc:///tmp/o2sim-notifications-5608 type pub
[INFO] Running with official detector version 'ALICE2'
[INFO] Running with official detector version 'ALICE2.1'
[INFO] Running with official detector version 'ALICE2'
[INFO] Running with official detector version 'ALICE2.1'
[INFO] Running with 8 sim workers 
[INFO] CREATING SIM SHARED MEM SEGMENT FOR 8 WORKERS
Spawning particle server on PID 5611; Redirect output to o2sim_serverlog
Spawning sim worker 0 on PID 5637; Redirect output to o2sim_workerlog0
Spawning hit merger on PID 5638; Redirect output to o2sim_mergerlog
[INFO] DISTRIBUTING EVENT : 1
[INFO] DISTRIBUTING EVENT : 2
[INFO] DISTRIBUTING EVENT : 3
[INFO] DISTRIBUTING EVENT : 4
[INFO] DISTRIBUTING EVENT : 5
[INFO] DISTRIBUTING EVENT : 6
[INFO] DISTRIBUTING EVENT : 7
[INFO] DISTRIBUTING EVENT : 8
[INFO] DISTRIBUTING EVENT : 9
[INFO] EVENT FINISHED : 8
[INFO] EVENT FINISHED : 7
[INFO] DISTRIBUTING EVENT : 10
[INFO] EVENT FINISHED : 10
[INFO] DISTRIBUTING EVENT : 11
[INFO] EVENT FINISHED : 1
[INFO] DISTRIBUTING EVENT : 12
[INFO] EVENT FINISHED : 5
[INFO] DISTRIBUTING EVENT : 13
[INFO] EVENT FINISHED : 9
[INFO] DISTRIBUTING EVENT : 14
[INFO] EVENT FINISHED : 11
[INFO] DISTRIBUTING EVENT : 15
[INFO] EVENT FINISHED : 3
[INFO] DISTRIBUTING EVENT : 16
[INFO] EVENT FINISHED : 15
[INFO] DISTRIBUTING EVENT : 17
[INFO] EVENT FINISHED : 2
[INFO] DISTRIBUTING EVENT : 18
[INFO] EVENT FINISHED : 6
[INFO] DISTRIBUTING EVENT : 19
[INFO] EVENT FINISHED : 17
[INFO] DISTRIBUTING EVENT : 20
[INFO] EVENT FINISHED : 4
[INFO] DISTRIBUTING EVENT : 21
[INFO] EVENT FINISHED : 14
[INFO] DISTRIBUTING EVENT : 22
[INFO] EVENT FINISHED : 18
[INFO] DISTRIBUTING EVENT : 23
[INFO] EVENT FINISHED : 19
[INFO] DISTRIBUTING EVENT : 24
[INFO] EVENT FINISHED : 16
[INFO] DISTRIBUTING EVENT : 25
[INFO] EVENT FINISHED : 13
[INFO] DISTRIBUTING EVENT : 26
[INFO] EVENT FINISHED : 12
[INFO] DISTRIBUTING EVENT : 27
[INFO] DISTRIBUTING EVENT : 28
[INFO] EVENT FINISHED : 24
[INFO] EVENT FINISHED : 22
[INFO] DISTRIBUTING EVENT : 29
[INFO] EVENT FINISHED : 20
[INFO] DISTRIBUTING EVENT : 30
[INFO] EVENT FINISHED : 21
[INFO] DISTRIBUTING EVENT : 31
[INFO] EVENT FINISHED : 28
[INFO] DISTRIBUTING EVENT : 32
[INFO] EVENT FINISHED : 23
[INFO] DISTRIBUTING EVENT : 33
[INFO] EVENT FINISHED : 25
[INFO] DISTRIBUTING EVENT : 34
[INFO] EVENT FINISHED : 29
[INFO] DISTRIBUTING EVENT : 35
[INFO] EVENT FINISHED : 27
[INFO] DISTRIBUTING EVENT : 36
[INFO] EVENT FINISHED : 26
[INFO] DISTRIBUTING EVENT : 37
[INFO] EVENT FINISHED : 32
[INFO] DISTRIBUTING EVENT : 38
[INFO] EVENT FINISHED : 36
[INFO] DISTRIBUTING EVENT : 39
[INFO] EVENT FINISHED : 35
[INFO] DISTRIBUTING EVENT : 40
[INFO] EVENT FINISHED : 33
[INFO] DISTRIBUTING EVENT : 41
[INFO] EVENT FINISHED : 38
[INFO] DISTRIBUTING EVENT : 42
[INFO] EVENT FINISHED : 34
[INFO] DISTRIBUTING EVENT : 43
[INFO] EVENT FINISHED : 42
[INFO] DISTRIBUTING EVENT : 44
[INFO] EVENT FINISHED : 31
[INFO] DISTRIBUTING EVENT : 45
[INFO] EVENT FINISHED : 39
[INFO] DISTRIBUTING EVENT : 46
[INFO] EVENT FINISHED : 30
[INFO] DISTRIBUTING EVENT : 47
[INFO] EVENT FINISHED : 41
[INFO] DISTRIBUTING EVENT : 48
[INFO] EVENT FINISHED : 44
[INFO] DISTRIBUTING EVENT : 49
[INFO] EVENT FINISHED : 37
[INFO] DISTRIBUTING EVENT : 50
[INFO] EVENT FINISHED : 47
[INFO] DISTRIBUTING EVENT : 51
[INFO] DISTRIBUTING EVENT : 52
[INFO] EVENT FINISHED : 40
[INFO] EVENT FINISHED : 52
[INFO] DISTRIBUTING EVENT : 53
[INFO] EVENT FINISHED : 43
[INFO] DISTRIBUTING EVENT : 54
[INFO] EVENT FINISHED : 45
[INFO] DISTRIBUTING EVENT : 55
[INFO] EVENT FINISHED : 49
[INFO] DISTRIBUTING EVENT : 56
[INFO] EVENT FINISHED : 51
[INFO] DISTRIBUTING EVENT : 57
[INFO] EVENT FINISHED : 46
[INFO] DISTRIBUTING EVENT : 58
[INFO] EVENT FINISHED : 48
[INFO] DISTRIBUTING EVENT : 59
[INFO] EVENT FINISHED : 56
[INFO] DISTRIBUTING EVENT : 60
[INFO] EVENT FINISHED : 55
[INFO] DISTRIBUTING EVENT : 61
[INFO] EVENT FINISHED : 61
[INFO] DISTRIBUTING EVENT : 62
[INFO] EVENT FINISHED : 59
[INFO] DISTRIBUTING EVENT : 63
[INFO] EVENT FINISHED : 58
[INFO] DISTRIBUTING EVENT : 64
[INFO] EVENT FINISHED : 63
[INFO] DISTRIBUTING EVENT : 65
[INFO] EVENT FINISHED : 50
[INFO] DISTRIBUTING EVENT : 66
[INFO] EVENT FINISHED : 54
[INFO] DISTRIBUTING EVENT : 67
[INFO] EVENT FINISHED : 60
[INFO] DISTRIBUTING EVENT : 68
[INFO] DISTRIBUTING EVENT : 69
[INFO] EVENT FINISHED : 67
[INFO] EVENT FINISHED : 53
[INFO] DISTRIBUTING EVENT : 70
[INFO] EVENT FINISHED : 57
[INFO] DISTRIBUTING EVENT : 71
[INFO] EVENT FINISHED : 66
[INFO] DISTRIBUTING EVENT : 72
[INFO] EVENT FINISHED : 65
[INFO] DISTRIBUTING EVENT : 73
[INFO] EVENT FINISHED : 71
[INFO] DISTRIBUTING EVENT : 74
[INFO] EVENT FINISHED : 68
[INFO] DISTRIBUTING EVENT : 75
[INFO] EVENT FINISHED : 69
[INFO] DISTRIBUTING EVENT : 76
[INFO] EVENT FINISHED : 62
[INFO] DISTRIBUTING EVENT : 77
[INFO] EVENT FINISHED : 64
[INFO] DISTRIBUTING EVENT : 78
[INFO] EVENT FINISHED : 73
[INFO] DISTRIBUTING EVENT : 79
[INFO] DISTRIBUTING EVENT : 80
[INFO] EVENT FINISHED : 76
[INFO] EVENT FINISHED : 70
[INFO] DISTRIBUTING EVENT : 81
[INFO] EVENT FINISHED : 77
[INFO] DISTRIBUTING EVENT : 82
[INFO] EVENT FINISHED : 72
[INFO] DISTRIBUTING EVENT : 83
[INFO] EVENT FINISHED : 79
[INFO] DISTRIBUTING EVENT : 84
[INFO] EVENT FINISHED : 82
[INFO] DISTRIBUTING EVENT : 85
[INFO] EVENT FINISHED : 78
[INFO] DISTRIBUTING EVENT : 86
[INFO] EVENT FINISHED : 75
[INFO] DISTRIBUTING EVENT : 87
[INFO] EVENT FINISHED : 74
[INFO] DISTRIBUTING EVENT : 88
[INFO] EVENT FINISHED : 83
[INFO] DISTRIBUTING EVENT : 89
[INFO] EVENT FINISHED : 89
[INFO] DISTRIBUTING EVENT : 90
[INFO] EVENT FINISHED : 84
[INFO] DISTRIBUTING EVENT : 91
[INFO] EVENT FINISHED : 85
[INFO] DISTRIBUTING EVENT : 92
[INFO] EVENT FINISHED : 80
[INFO] DISTRIBUTING EVENT : 93
[INFO] EVENT FINISHED : 81
[INFO] DISTRIBUTING EVENT : 94
[INFO] EVENT FINISHED : 87
[INFO] DISTRIBUTING EVENT : 95
[INFO] EVENT FINISHED : 90
[INFO] DISTRIBUTING EVENT : 96
[INFO] EVENT FINISHED : 86
[INFO] DISTRIBUTING EVENT : 97
[INFO] EVENT FINISHED : 96
[INFO] DISTRIBUTING EVENT : 98
[INFO] EVENT FINISHED : 97
[INFO] DISTRIBUTING EVENT : 99
[INFO] EVENT FINISHED : 88
[INFO] DISTRIBUTING EVENT : 100
[INFO] EVENT FINISHED : 94
[INFO] DISTRIBUTING EVENT : 101
[INFO] EVENT FINISHED : 101
[INFO] DISTRIBUTING EVENT : 102
[INFO] EVENT FINISHED : 92
[INFO] DISTRIBUTING EVENT : 103
[INFO] EVENT FINISHED : 91
[INFO] DISTRIBUTING EVENT : 104
[INFO] EVENT FINISHED : 93
[INFO] DISTRIBUTING EVENT : 105
[INFO] EVENT FINISHED : 99
[INFO] DISTRIBUTING EVENT : 106
[INFO] EVENT FINISHED : 100
[INFO] DISTRIBUTING EVENT : 107
[INFO] EVENT FINISHED : 104
[INFO] DISTRIBUTING EVENT : 108
[INFO] EVENT FINISHED : 95
[INFO] DISTRIBUTING EVENT : 109
[INFO] EVENT FINISHED : 98
[INFO] DISTRIBUTING EVENT : 110
[INFO] EVENT FINISHED : 107
[INFO] DISTRIBUTING EVENT : 111
[INFO] EVENT FINISHED : 106
[INFO] DISTRIBUTING EVENT : 112
[INFO] EVENT FINISHED : 103
[INFO] DISTRIBUTING EVENT : 113
[INFO] EVENT FINISHED : 102
[INFO] DISTRIBUTING EVENT : 114
[INFO] EVENT FINISHED : 112
[INFO] DISTRIBUTING EVENT : 115
[INFO] EVENT FINISHED : 110
[INFO] DISTRIBUTING EVENT : 116
[INFO] EVENT FINISHED : 111
[INFO] DISTRIBUTING EVENT : 117
[INFO] DISTRIBUTING EVENT : 118
[INFO] EVENT FINISHED : 109
[INFO] EVENT FINISHED : 105
[INFO] DISTRIBUTING EVENT : 119
[INFO] EVENT FINISHED : 113
[INFO] DISTRIBUTING EVENT : 120
[INFO] EVENT FINISHED : 114
[INFO] DISTRIBUTING EVENT : 121
[INFO] EVENT FINISHED : 115
[INFO] DISTRIBUTING EVENT : 122
[INFO] EVENT FINISHED : 108
[INFO] DISTRIBUTING EVENT : 123
[INFO] EVENT FINISHED : 118
[INFO] DISTRIBUTING EVENT : 124
[INFO] EVENT FINISHED : 124
[INFO] DISTRIBUTING EVENT : 125
[INFO] EVENT FINISHED : 119
[INFO] DISTRIBUTING EVENT : 126
[INFO] EVENT FINISHED : 120
[INFO] DISTRIBUTING EVENT : 127
[INFO] EVENT FINISHED : 127
[INFO] DISTRIBUTING EVENT : 128
[INFO] EVENT FINISHED : 121
[INFO] DISTRIBUTING EVENT : 129
[INFO] EVENT FINISHED : 116
[INFO] DISTRIBUTING EVENT : 130
[INFO] EVENT FINISHED : 117
[INFO] DISTRIBUTING EVENT : 131
[INFO] EVENT FINISHED : 125
[INFO] DISTRIBUTING EVENT : 132
[INFO] EVENT FINISHED : 122
[INFO] DISTRIBUTING EVENT : 133
[INFO] EVENT FINISHED : 123
[INFO] DISTRIBUTING EVENT : 134
[INFO] EVENT FINISHED : 126
[INFO] DISTRIBUTING EVENT : 135
[INFO] EVENT FINISHED : 132
[INFO] DISTRIBUTING EVENT : 136
[INFO] EVENT FINISHED : 129
[INFO] DISTRIBUTING EVENT : 137
[INFO] EVENT FINISHED : 131
[INFO] DISTRIBUTING EVENT : 138
[INFO] EVENT FINISHED : 136
[INFO] DISTRIBUTING EVENT : 139
[INFO] EVENT FINISHED : 130
[INFO] DISTRIBUTING EVENT : 140
[INFO] EVENT FINISHED : 128
[INFO] DISTRIBUTING EVENT : 141
[INFO] EVENT FINISHED : 138
[INFO] DISTRIBUTING EVENT : 142
[INFO] EVENT FINISHED : 139
[INFO] DISTRIBUTING EVENT : 143
[INFO] EVENT FINISHED : 137
[INFO] DISTRIBUTING EVENT : 144
[INFO] EVENT FINISHED : 133
[INFO] DISTRIBUTING EVENT : 145
[INFO] EVENT FINISHED : 135
[INFO] DISTRIBUTING EVENT : 146
[INFO] EVENT FINISHED : 142
[INFO] DISTRIBUTING EVENT : 147
[INFO] EVENT FINISHED : 134
[INFO] DISTRIBUTING EVENT : 148
[INFO] EVENT FINISHED : 140
[INFO] DISTRIBUTING EVENT : 149
[INFO] EVENT FINISHED : 144
[INFO] DISTRIBUTING EVENT : 150
[INFO] EVENT FINISHED : 143
[INFO] DISTRIBUTING EVENT : 151
[INFO] EVENT FINISHED : 145
[INFO] DISTRIBUTING EVENT : 152
[INFO] EVENT FINISHED : 148
[INFO] DISTRIBUTING EVENT : 153
[INFO] DISTRIBUTING EVENT : 154
[INFO] EVENT FINISHED : 141
[INFO] EVENT FINISHED : 146
[INFO] DISTRIBUTING EVENT : 155
[INFO] EVENT FINISHED : 150
[INFO] DISTRIBUTING EVENT : 156
[INFO] EVENT FINISHED : 156
[INFO] DISTRIBUTING EVENT : 157
[INFO] EVENT FINISHED : 147
[INFO] DISTRIBUTING EVENT : 158
[INFO] EVENT FINISHED : 152
[INFO] DISTRIBUTING EVENT : 159
[INFO] DISTRIBUTING EVENT : 160
[INFO] EVENT FINISHED : 159
[INFO] EVENT FINISHED : 153
[INFO] DISTRIBUTING EVENT : 161
[INFO] EVENT FINISHED : 154
[INFO] DISTRIBUTING EVENT : 162
[INFO] EVENT FINISHED : 151
[INFO] DISTRIBUTING EVENT : 163
[INFO] EVENT FINISHED : 149
[INFO] DISTRIBUTING EVENT : 164
[INFO] EVENT FINISHED : 163
[INFO] DISTRIBUTING EVENT : 165
[INFO] EVENT FINISHED : 155
[INFO] DISTRIBUTING EVENT : 166
[INFO] EVENT FINISHED : 160
[INFO] DISTRIBUTING EVENT : 167
[INFO] EVENT FINISHED : 161
[INFO] DISTRIBUTING EVENT : 168
[INFO] EVENT FINISHED : 157
[INFO] DISTRIBUTING EVENT : 169
[INFO] EVENT FINISHED : 162
[INFO] DISTRIBUTING EVENT : 170
[INFO] EVENT FINISHED : 158
[INFO] DISTRIBUTING EVENT : 171
[INFO] EVENT FINISHED : 165
[INFO] DISTRIBUTING EVENT : 172
[INFO] EVENT FINISHED : 168
[INFO] DISTRIBUTING EVENT : 173
[INFO] EVENT FINISHED : 164
[INFO] DISTRIBUTING EVENT : 174
[INFO] DISTRIBUTING EVENT : 175
[INFO] EVENT FINISHED : 174
[INFO] EVENT FINISHED : 167
[INFO] DISTRIBUTING EVENT : 176
[INFO] EVENT FINISHED : 166
[INFO] DISTRIBUTING EVENT : 177
[INFO] EVENT FINISHED : 172
[INFO] DISTRIBUTING EVENT : 178
[INFO] EVENT FINISHED : 169
[INFO] DISTRIBUTING EVENT : 179
[INFO] EVENT FINISHED : 171
[INFO] DISTRIBUTING EVENT : 180
[INFO] EVENT FINISHED : 179
[INFO] DISTRIBUTING EVENT : 181
[INFO] EVENT FINISHED : 175
[INFO] DISTRIBUTING EVENT : 182
[INFO] EVENT FINISHED : 170
[INFO] DISTRIBUTING EVENT : 183
[INFO] EVENT FINISHED : 176
[INFO] DISTRIBUTING EVENT : 184
[INFO] EVENT FINISHED : 180
[INFO] DISTRIBUTING EVENT : 185
[INFO] EVENT FINISHED : 181
[INFO] DISTRIBUTING EVENT : 186
[INFO] EVENT FINISHED : 173
[INFO] DISTRIBUTING EVENT : 187
[INFO] EVENT FINISHED : 178
[INFO] DISTRIBUTING EVENT : 188
[INFO] EVENT FINISHED : 177
[INFO] DISTRIBUTING EVENT : 189
[INFO] EVENT FINISHED : 182
[INFO] DISTRIBUTING EVENT : 190
[INFO] EVENT FINISHED : 183
[INFO] DISTRIBUTING EVENT : 191
[INFO] EVENT FINISHED : 190
[INFO] DISTRIBUTING EVENT : 192
[INFO] EVENT FINISHED : 186
[INFO] DISTRIBUTING EVENT : 193
[INFO] EVENT FINISHED : 184
[INFO] DISTRIBUTING EVENT : 194
[INFO] EVENT FINISHED : 185
[INFO] DISTRIBUTING EVENT : 195
[INFO] EVENT FINISHED : 194
[INFO] DISTRIBUTING EVENT : 196
[INFO] EVENT FINISHED : 187
[INFO] DISTRIBUTING EVENT : 197
[INFO] EVENT FINISHED : 189
[INFO] DISTRIBUTING EVENT : 198
[INFO] EVENT FINISHED : 191
[INFO] DISTRIBUTING EVENT : 199
[INFO] EVENT FINISHED : 188
[INFO] DISTRIBUTING EVENT : 200
[INFO] EVENT FINISHED : 192
[INFO] DISTRIBUTING EVENT : 201
[INFO] DISTRIBUTING EVENT : 202
[INFO] EVENT FINISHED : 198
[INFO] EVENT FINISHED : 200
[INFO] DISTRIBUTING EVENT : 203
[INFO] EVENT FINISHED : 199
[INFO] DISTRIBUTING EVENT : 204
[INFO] EVENT FINISHED : 204
[INFO] DISTRIBUTING EVENT : 205
[INFO] EVENT FINISHED : 197
[INFO] DISTRIBUTING EVENT : 206
[INFO] EVENT FINISHED : 195
[INFO] DISTRIBUTING EVENT : 207
[INFO] EVENT FINISHED : 193
[INFO] DISTRIBUTING EVENT : 208
[INFO] EVENT FINISHED : 196
[INFO] DISTRIBUTING EVENT : 209
[INFO] EVENT FINISHED : 201
[INFO] DISTRIBUTING EVENT : 210
[INFO] EVENT FINISHED : 208
[INFO] DISTRIBUTING EVENT : 211
[INFO] EVENT FINISHED : 207
[INFO] DISTRIBUTING EVENT : 212
[INFO] EVENT FINISHED : 209
[INFO] DISTRIBUTING EVENT : 213
[INFO] EVENT FINISHED : 205
[INFO] DISTRIBUTING EVENT : 214
[INFO] EVENT FINISHED : 203
[INFO] DISTRIBUTING EVENT : 215
[INFO] EVENT FINISHED : 202
[INFO] DISTRIBUTING EVENT : 216
[INFO] EVENT FINISHED : 206
[INFO] DISTRIBUTING EVENT : 217
[INFO] EVENT FINISHED : 217
[INFO] DISTRIBUTING EVENT : 218
[INFO] EVENT FINISHED : 211
[INFO] DISTRIBUTING EVENT : 219
[INFO] EVENT FINISHED : 210
[INFO] DISTRIBUTING EVENT : 220
[INFO] EVENT FINISHED : 215
[INFO] DISTRIBUTING EVENT : 221
[INFO] EVENT FINISHED : 218
[INFO] DISTRIBUTING EVENT : 222
[INFO] EVENT FINISHED : 213
[INFO] DISTRIBUTING EVENT : 223
[INFO] DISTRIBUTING EVENT : 224
[INFO] EVENT FINISHED : 223
[INFO] EVENT FINISHED : 212
[INFO] DISTRIBUTING EVENT : 225
[INFO] EVENT FINISHED : 216
[INFO] DISTRIBUTING EVENT : 226
[INFO] EVENT FINISHED : 214
[INFO] DISTRIBUTING EVENT : 227
[INFO] EVENT FINISHED : 227
[INFO] DISTRIBUTING EVENT : 228
[INFO] EVENT FINISHED : 222
[INFO] DISTRIBUTING EVENT : 229
[INFO] EVENT FINISHED : 224
[INFO] DISTRIBUTING EVENT : 230
[INFO] EVENT FINISHED : 220
[INFO] DISTRIBUTING EVENT : 231
[INFO] EVENT FINISHED : 219
[INFO] DISTRIBUTING EVENT : 232
[INFO] EVENT FINISHED : 221
[INFO] DISTRIBUTING EVENT : 233
[INFO] EVENT FINISHED : 225
[INFO] DISTRIBUTING EVENT : 234
[INFO] EVENT FINISHED : 226
[INFO] DISTRIBUTING EVENT : 235
[INFO] EVENT FINISHED : 230
[INFO] DISTRIBUTING EVENT : 236
[INFO] EVENT FINISHED : 228
[INFO] DISTRIBUTING EVENT : 237
[INFO] DISTRIBUTING EVENT : 238
[INFO] EVENT FINISHED : 229
[INFO] EVENT FINISHED : 233
[INFO] DISTRIBUTING EVENT : 239
[INFO] EVENT FINISHED : 236
[INFO] DISTRIBUTING EVENT : 240
[INFO] EVENT FINISHED : 237
[INFO] DISTRIBUTING EVENT : 241
[INFO] EVENT FINISHED : 231
[INFO] DISTRIBUTING EVENT : 242
[INFO] EVENT FINISHED : 234
[INFO] DISTRIBUTING EVENT : 243
[INFO] EVENT FINISHED : 232
[INFO] DISTRIBUTING EVENT : 244
[INFO] EVENT FINISHED : 235
[INFO] DISTRIBUTING EVENT : 245
[INFO] EVENT FINISHED : 239
[INFO] DISTRIBUTING EVENT : 246
[INFO] EVENT FINISHED : 240
[INFO] DISTRIBUTING EVENT : 247
[INFO] EVENT FINISHED : 246
[INFO] DISTRIBUTING EVENT : 248
[INFO] EVENT FINISHED : 244
[INFO] DISTRIBUTING EVENT : 249
[INFO] EVENT FINISHED : 241
[INFO] DISTRIBUTING EVENT : 250
[INFO] EVENT FINISHED : 238
[INFO] DISTRIBUTING EVENT : 251
[INFO] EVENT FINISHED : 249
[INFO] DISTRIBUTING EVENT : 252
[INFO] EVENT FINISHED : 242
[INFO] DISTRIBUTING EVENT : 253
[INFO] EVENT FINISHED : 243
[INFO] DISTRIBUTING EVENT : 254
[INFO] EVENT FINISHED : 245
[INFO] DISTRIBUTING EVENT : 255
[INFO] EVENT FINISHED : 254
[INFO] DISTRIBUTING EVENT : 256
[INFO] EVENT FINISHED : 247
[INFO] DISTRIBUTING EVENT : 257
[INFO] EVENT FINISHED : 255
[INFO] DISTRIBUTING EVENT : 258
[INFO] EVENT FINISHED : 256
[INFO] DISTRIBUTING EVENT : 259
[INFO] EVENT FINISHED : 257
[INFO] DISTRIBUTING EVENT : 260
[INFO] EVENT FINISHED : 251
[INFO] DISTRIBUTING EVENT : 261
[INFO] EVENT FINISHED : 250
[INFO] DISTRIBUTING EVENT : 262
[INFO] EVENT FINISHED : 248
[INFO] DISTRIBUTING EVENT : 263
[INFO] EVENT FINISHED : 253
[INFO] DISTRIBUTING EVENT : 264
[INFO] EVENT FINISHED : 252
[INFO] DISTRIBUTING EVENT : 265
[INFO] DISTRIBUTING EVENT : 266
[INFO] EVENT FINISHED : 260
[INFO] EVENT FINISHED : 264
[INFO] DISTRIBUTING EVENT : 267
[INFO] EVENT FINISHED : 259
[INFO] DISTRIBUTING EVENT : 268
[INFO] EVENT FINISHED : 268
[INFO] DISTRIBUTING EVENT : 269
[INFO] EVENT FINISHED : 261
[INFO] DISTRIBUTING EVENT : 270
[INFO] EVENT FINISHED : 258
[INFO] DISTRIBUTING EVENT : 271
[INFO] EVENT FINISHED : 262
[INFO] DISTRIBUTING EVENT : 272
[INFO] EVENT FINISHED : 272
[INFO] DISTRIBUTING EVENT : 273
[INFO] EVENT FINISHED : 271
[INFO] DISTRIBUTING EVENT : 274
[INFO] EVENT FINISHED : 270
[INFO] DISTRIBUTING EVENT : 275
[INFO] EVENT FINISHED : 269
[INFO] DISTRIBUTING EVENT : 276
[INFO] EVENT FINISHED : 266
[INFO] DISTRIBUTING EVENT : 277
[INFO] EVENT FINISHED : 267
[INFO] EVENT FINISHED : 265
[INFO] DISTRIBUTING EVENT : 278
[INFO] DISTRIBUTING EVENT : 279
[INFO] EVENT FINISHED : 276
[INFO] DISTRIBUTING EVENT : 280
[INFO] EVENT FINISHED : 263
[INFO] DISTRIBUTING EVENT : 281
[INFO] EVENT FINISHED : 275
[INFO] DISTRIBUTING EVENT : 282
[INFO] EVENT FINISHED : 274
[INFO] DISTRIBUTING EVENT : 283
[INFO] EVENT FINISHED : 279
[INFO] DISTRIBUTING EVENT : 284
[INFO] EVENT FINISHED : 277
[INFO] DISTRIBUTING EVENT : 285
[INFO] EVENT FINISHED : 285
[INFO] DISTRIBUTING EVENT : 286
[INFO] EVENT FINISHED : 280
[INFO] DISTRIBUTING EVENT : 287
[INFO] EVENT FINISHED : 282
[INFO] DISTRIBUTING EVENT : 288
[INFO] EVENT FINISHED : 273
[INFO] DISTRIBUTING EVENT : 289
[INFO] EVENT FINISHED : 284
[INFO] DISTRIBUTING EVENT : 290
[INFO] EVENT FINISHED : 278
[INFO] DISTRIBUTING EVENT : 291
[INFO] EVENT FINISHED : 291
[INFO] DISTRIBUTING EVENT : 292
[INFO] EVENT FINISHED : 287
[INFO] DISTRIBUTING EVENT : 293
[INFO] EVENT FINISHED : 289
[INFO] DISTRIBUTING EVENT : 294
[INFO] EVENT FINISHED : 281
[INFO] DISTRIBUTING EVENT : 295
[INFO] EVENT FINISHED : 290
[INFO] DISTRIBUTING EVENT : 296
[INFO] EVENT FINISHED : 288
[INFO] DISTRIBUTING EVENT : 297
[INFO] EVENT FINISHED : 286
[INFO] DISTRIBUTING EVENT : 298
[INFO] EVENT FINISHED : 283
[INFO] DISTRIBUTING EVENT : 299
[INFO] EVENT FINISHED : 299
[INFO] DISTRIBUTING EVENT : 300
[INFO] EVENT FINISHED : 297
[INFO] DISTRIBUTING EVENT : 301
[INFO] EVENT FINISHED : 296
[INFO] DISTRIBUTING EVENT : 302
[INFO] EVENT FINISHED : 293
[INFO] DISTRIBUTING EVENT : 303
[INFO] EVENT FINISHED : 298
[INFO] DISTRIBUTING EVENT : 304
[INFO] EVENT FINISHED : 292
[INFO] DISTRIBUTING EVENT : 305
[INFO] EVENT FINISHED : 294
[INFO] DISTRIBUTING EVENT : 306
[INFO] EVENT FINISHED : 295
[INFO] DISTRIBUTING EVENT : 307
[INFO] EVENT FINISHED : 302
[INFO] DISTRIBUTING EVENT : 308
[INFO] EVENT FINISHED : 300
[INFO] DISTRIBUTING EVENT : 309
[INFO] DISTRIBUTING EVENT : 310
[INFO] EVENT FINISHED : 303
[INFO] EVENT FINISHED : 301
[INFO] DISTRIBUTING EVENT : 311
[INFO] EVENT FINISHED : 306
[INFO] DISTRIBUTING EVENT : 312
[INFO] EVENT FINISHED : 304
[INFO] DISTRIBUTING EVENT : 313
[INFO] EVENT FINISHED : 305
[INFO] DISTRIBUTING EVENT : 314
[INFO] EVENT FINISHED : 307
[INFO] DISTRIBUTING EVENT : 315
[INFO] EVENT FINISHED : 308
[INFO] DISTRIBUTING EVENT : 316
[INFO] EVENT FINISHED : 310
[INFO] DISTRIBUTING EVENT : 317
[INFO] EVENT FINISHED : 309
[INFO] DISTRIBUTING EVENT : 318
[INFO] EVENT FINISHED : 317
[INFO] DISTRIBUTING EVENT : 319
[INFO] DISTRIBUTING EVENT : 320
[INFO] EVENT FINISHED : 319
[INFO] EVENT FINISHED : 311
[INFO] DISTRIBUTING EVENT : 321
[INFO] EVENT FINISHED : 316
[INFO] DISTRIBUTING EVENT : 322
[INFO] EVENT FINISHED : 313
[INFO] DISTRIBUTING EVENT : 323
[INFO] EVENT FINISHED : 314
[INFO] DISTRIBUTING EVENT : 324
[INFO] EVENT FINISHED : 312
[INFO] DISTRIBUTING EVENT : 325
[INFO] EVENT FINISHED : 325
[INFO] DISTRIBUTING EVENT : 326
[INFO] EVENT FINISHED : 315
[INFO] DISTRIBUTING EVENT : 327
[INFO] EVENT FINISHED : 324
[INFO] DISTRIBUTING EVENT : 328
[INFO] EVENT FINISHED : 321
[INFO] DISTRIBUTING EVENT : 329
[INFO] EVENT FINISHED : 329
[INFO] DISTRIBUTING EVENT : 330
[INFO] EVENT FINISHED : 328
[INFO] DISTRIBUTING EVENT : 331
[INFO] EVENT FINISHED : 320
[INFO] DISTRIBUTING EVENT : 332
[INFO] EVENT FINISHED : 326
[INFO] DISTRIBUTING EVENT : 333
[INFO] EVENT FINISHED : 323
[INFO] DISTRIBUTING EVENT : 334
[INFO] EVENT FINISHED : 318
[INFO] DISTRIBUTING EVENT : 335
[INFO] EVENT FINISHED : 322
[INFO] DISTRIBUTING EVENT : 336
[INFO] EVENT FINISHED : 330
[INFO] DISTRIBUTING EVENT : 337
[INFO] EVENT FINISHED : 331
[INFO] DISTRIBUTING EVENT : 338
[INFO] EVENT FINISHED : 332
[INFO] DISTRIBUTING EVENT : 339
[INFO] EVENT FINISHED : 327
[INFO] DISTRIBUTING EVENT : 340
[INFO] EVENT FINISHED : 336
[INFO] DISTRIBUTING EVENT : 341
[INFO] EVENT FINISHED : 340
[INFO] DISTRIBUTING EVENT : 342
[INFO] EVENT FINISHED : 334
[INFO] DISTRIBUTING EVENT : 343
[INFO] EVENT FINISHED : 333
[INFO] DISTRIBUTING EVENT : 344
[INFO] EVENT FINISHED : 339
[INFO] DISTRIBUTING EVENT : 345
[INFO] EVENT FINISHED : 337
[INFO] DISTRIBUTING EVENT : 346
[INFO] EVENT FINISHED : 345
[INFO] DISTRIBUTING EVENT : 347
[INFO] EVENT FINISHED : 342
[INFO] DISTRIBUTING EVENT : 348
[INFO] DISTRIBUTING EVENT : 349
[INFO] EVENT FINISHED : 335
[INFO] EVENT FINISHED : 338
[INFO] DISTRIBUTING EVENT : 350
[INFO] EVENT FINISHED : 347
[INFO] DISTRIBUTING EVENT : 351
[INFO] EVENT FINISHED : 341
[INFO] DISTRIBUTING EVENT : 352
[INFO] EVENT FINISHED : 344
[INFO] DISTRIBUTING EVENT : 353
[INFO] EVENT FINISHED : 348
[INFO] DISTRIBUTING EVENT : 354
[INFO] EVENT FINISHED : 343
[INFO] DISTRIBUTING EVENT : 355
[INFO] EVENT FINISHED : 346
[INFO] DISTRIBUTING EVENT : 356
[INFO] EVENT FINISHED : 350
[INFO] DISTRIBUTING EVENT : 357
[INFO] EVENT FINISHED : 354
[INFO] DISTRIBUTING EVENT : 358
[INFO] DISTRIBUTING EVENT : 359
[INFO] EVENT FINISHED : 358
[INFO] EVENT FINISHED : 349
[INFO] DISTRIBUTING EVENT : 360
[INFO] DISTRIBUTING EVENT : 361
[INFO] EVENT FINISHED : 351
[INFO] EVENT FINISHED : 352
[INFO] DISTRIBUTING EVENT : 362
[INFO] EVENT FINISHED : 353
[INFO] DISTRIBUTING EVENT : 363
[INFO] EVENT FINISHED : 355
[INFO] DISTRIBUTING EVENT : 364
[INFO] EVENT FINISHED : 356
[INFO] DISTRIBUTING EVENT : 365
[INFO] EVENT FINISHED : 359
[INFO] DISTRIBUTING EVENT : 366
[INFO] EVENT FINISHED : 362
[INFO] DISTRIBUTING EVENT : 367
[INFO] EVENT FINISHED : 363
[INFO] DISTRIBUTING EVENT : 368
[INFO] EVENT FINISHED : 357
[INFO] DISTRIBUTING EVENT : 369
[INFO] EVENT FINISHED : 366
[INFO] DISTRIBUTING EVENT : 370
[INFO] EVENT FINISHED : 361
[INFO] DISTRIBUTING EVENT : 371
[INFO] EVENT FINISHED : 360
[INFO] DISTRIBUTING EVENT : 372
[INFO] EVENT FINISHED : 364
[INFO] DISTRIBUTING EVENT : 373
[INFO] EVENT FINISHED : 368
[INFO] DISTRIBUTING EVENT : 374
[INFO] EVENT FINISHED : 365
[INFO] DISTRIBUTING EVENT : 375
[INFO] EVENT FINISHED : 369
[INFO] DISTRIBUTING EVENT : 376
[INFO] EVENT FINISHED : 370
[INFO] DISTRIBUTING EVENT : 377
[INFO] EVENT FINISHED : 367
[INFO] DISTRIBUTING EVENT : 378
[INFO] EVENT FINISHED : 371
[INFO] DISTRIBUTING EVENT : 379
[INFO] EVENT FINISHED : 378
[INFO] DISTRIBUTING EVENT : 380
[INFO] EVENT FINISHED : 373
[INFO] DISTRIBUTING EVENT : 381
[INFO] EVENT FINISHED : 379
[INFO] DISTRIBUTING EVENT : 382
[INFO] EVENT FINISHED : 374
[INFO] DISTRIBUTING EVENT : 383
[INFO] EVENT FINISHED : 376
[INFO] DISTRIBUTING EVENT : 384
[INFO] EVENT FINISHED : 372
[INFO] DISTRIBUTING EVENT : 385
[INFO] EVENT FINISHED : 384
[INFO] DISTRIBUTING EVENT : 386
[INFO] EVENT FINISHED : 385
[INFO] DISTRIBUTING EVENT : 387
[INFO] EVENT FINISHED : 382
[INFO] DISTRIBUTING EVENT : 388
[INFO] EVENT FINISHED : 377
[INFO] DISTRIBUTING EVENT : 389
[INFO] EVENT FINISHED : 380
[INFO] DISTRIBUTING EVENT : 390
[INFO] EVENT FINISHED : 387
[INFO] DISTRIBUTING EVENT : 391
[INFO] EVENT FINISHED : 375
[INFO] DISTRIBUTING EVENT : 392
[INFO] EVENT FINISHED : 381
[INFO] DISTRIBUTING EVENT : 393
[INFO] EVENT FINISHED : 383
[INFO] DISTRIBUTING EVENT : 394
[INFO] EVENT FINISHED : 386
[INFO] DISTRIBUTING EVENT : 395
[INFO] EVENT FINISHED : 389
[INFO] DISTRIBUTING EVENT : 396
[INFO] EVENT FINISHED : 390
[INFO] DISTRIBUTING EVENT : 397
[INFO] EVENT FINISHED : 391
[INFO] DISTRIBUTING EVENT : 398
[INFO] EVENT FINISHED : 388
[INFO] DISTRIBUTING EVENT : 399
[INFO] EVENT FINISHED : 399
[INFO] DISTRIBUTING EVENT : 400
[INFO] EVENT FINISHED : 393
[INFO] DISTRIBUTING EVENT : 401
[INFO] EVENT FINISHED : 396
[INFO] DISTRIBUTING EVENT : 402
[INFO] EVENT FINISHED : 392
[INFO] DISTRIBUTING EVENT : 403
[INFO] EVENT FINISHED : 397
[INFO] DISTRIBUTING EVENT : 404
[INFO] EVENT FINISHED : 395
[INFO] DISTRIBUTING EVENT : 405
[INFO] EVENT FINISHED : 394
[INFO] DISTRIBUTING EVENT : 406
[INFO] EVENT FINISHED : 400
[INFO] DISTRIBUTING EVENT : 407
[INFO] EVENT FINISHED : 407
[INFO] DISTRIBUTING EVENT : 408
[INFO] EVENT FINISHED : 405
[INFO] DISTRIBUTING EVENT : 409
[INFO] EVENT FINISHED : 403
[INFO] DISTRIBUTING EVENT : 410
[INFO] EVENT FINISHED : 398
[INFO] DISTRIBUTING EVENT : 411
[INFO] EVENT FINISHED : 410
[INFO] DISTRIBUTING EVENT : 412
[INFO] EVENT FINISHED : 401
[INFO] DISTRIBUTING EVENT : 413
[INFO] EVENT FINISHED : 402
[INFO] DISTRIBUTING EVENT : 414
[INFO] EVENT FINISHED : 404
[INFO] DISTRIBUTING EVENT : 415
[INFO] EVENT FINISHED : 408
[INFO] DISTRIBUTING EVENT : 416
[INFO] EVENT FINISHED : 406
[INFO] DISTRIBUTING EVENT : 417
[INFO] EVENT FINISHED : 416
[INFO] DISTRIBUTING EVENT : 418
[INFO] EVENT FINISHED : 411
[INFO] DISTRIBUTING EVENT : 419
[INFO] EVENT FINISHED : 414
[INFO] DISTRIBUTING EVENT : 420
[INFO] EVENT FINISHED : 409
[INFO] DISTRIBUTING EVENT : 421
[INFO] EVENT FINISHED : 412
[INFO] DISTRIBUTING EVENT : 422
[INFO] EVENT FINISHED : 420
[INFO] DISTRIBUTING EVENT : 423
[INFO] EVENT FINISHED : 413
[INFO] DISTRIBUTING EVENT : 424
[INFO] EVENT FINISHED : 415
[INFO] DISTRIBUTING EVENT : 425
[INFO] EVENT FINISHED : 417
[INFO] DISTRIBUTING EVENT : 426
[INFO] EVENT FINISHED : 423
[INFO] DISTRIBUTING EVENT : 427
[INFO] EVENT FINISHED : 422
[INFO] DISTRIBUTING EVENT : 428
[INFO] EVENT FINISHED : 418
[INFO] DISTRIBUTING EVENT : 429
[INFO] EVENT FINISHED : 419
[INFO] DISTRIBUTING EVENT : 430
[INFO] EVENT FINISHED : 424
[INFO] DISTRIBUTING EVENT : 431
[INFO] EVENT FINISHED : 421
[INFO] DISTRIBUTING EVENT : 432
[INFO] EVENT FINISHED : 425
[INFO] DISTRIBUTING EVENT : 433
[INFO] EVENT FINISHED : 426
[INFO] DISTRIBUTING EVENT : 434
[INFO] EVENT FINISHED : 428
[INFO] DISTRIBUTING EVENT : 435
[INFO] EVENT FINISHED : 429
[INFO] DISTRIBUTING EVENT : 436
[INFO] EVENT FINISHED : 433
[INFO] DISTRIBUTING EVENT : 437
[INFO] EVENT FINISHED : 427
[INFO] DISTRIBUTING EVENT : 438
[INFO] EVENT FINISHED : 430
[INFO] DISTRIBUTING EVENT : 439
[INFO] EVENT FINISHED : 432
[INFO] DISTRIBUTING EVENT : 440
[INFO] EVENT FINISHED : 431
[INFO] DISTRIBUTING EVENT : 441
[INFO] EVENT FINISHED : 438
[INFO] DISTRIBUTING EVENT : 442
[INFO] EVENT FINISHED : 437
[INFO] DISTRIBUTING EVENT : 443
[INFO] EVENT FINISHED : 436
[INFO] DISTRIBUTING EVENT : 444
[INFO] EVENT FINISHED : 444
[INFO] DISTRIBUTING EVENT : 445
[INFO] EVENT FINISHED : 440
[INFO] DISTRIBUTING EVENT : 446
[INFO] EVENT FINISHED : 434
[INFO] DISTRIBUTING EVENT : 447
[INFO] EVENT FINISHED : 441
[INFO] DISTRIBUTING EVENT : 448
[INFO] EVENT FINISHED : 442
[INFO] DISTRIBUTING EVENT : 449
[INFO] EVENT FINISHED : 449
[INFO] DISTRIBUTING EVENT : 450
[INFO] EVENT FINISHED : 435
[INFO] DISTRIBUTING EVENT : 451
[INFO] EVENT FINISHED : 446
[INFO] DISTRIBUTING EVENT : 452
[INFO] EVENT FINISHED : 439
[INFO] DISTRIBUTING EVENT : 453
[INFO] EVENT FINISHED : 443
[INFO] DISTRIBUTING EVENT : 454
[INFO] EVENT FINISHED : 450
[INFO] DISTRIBUTING EVENT : 455
[INFO] EVENT FINISHED : 445
[INFO] DISTRIBUTING EVENT : 456
[INFO] EVENT FINISHED : 447
[INFO] DISTRIBUTING EVENT : 457
[INFO] EVENT FINISHED : 451
[INFO] DISTRIBUTING EVENT : 458
[INFO] EVENT FINISHED : 453
[INFO] DISTRIBUTING EVENT : 459
[INFO] EVENT FINISHED : 454
[INFO] DISTRIBUTING EVENT : 460
[INFO] EVENT FINISHED : 448
[INFO] DISTRIBUTING EVENT : 461
[INFO] EVENT FINISHED : 455
[INFO] DISTRIBUTING EVENT : 462
[INFO] EVENT FINISHED : 452
[INFO] DISTRIBUTING EVENT : 463
[INFO] EVENT FINISHED : 457
[INFO] DISTRIBUTING EVENT : 464
[INFO] EVENT FINISHED : 464
[INFO] DISTRIBUTING EVENT : 465
[INFO] EVENT FINISHED : 460
[INFO] DISTRIBUTING EVENT : 466
[INFO] EVENT FINISHED : 461
[INFO] DISTRIBUTING EVENT : 467
[INFO] EVENT FINISHED : 458
[INFO] DISTRIBUTING EVENT : 468
[INFO] EVENT FINISHED : 459
[INFO] DISTRIBUTING EVENT : 469
[INFO] EVENT FINISHED : 462
[INFO] DISTRIBUTING EVENT : 470
[INFO] EVENT FINISHED : 467
[INFO] DISTRIBUTING EVENT : 471
[INFO] EVENT FINISHED : 463
[INFO] DISTRIBUTING EVENT : 472
[INFO] DISTRIBUTING EVENT : 473
[INFO] EVENT FINISHED : 456
[INFO] EVENT FINISHED : 469
[INFO] DISTRIBUTING EVENT : 474
[INFO] EVENT FINISHED : 466
[INFO] DISTRIBUTING EVENT : 475
[INFO] EVENT FINISHED : 465
[INFO] DISTRIBUTING EVENT : 476
[INFO] EVENT FINISHED : 471
[INFO] DISTRIBUTING EVENT : 477
[INFO] EVENT FINISHED : 473
[INFO] DISTRIBUTING EVENT : 478
[INFO] EVENT FINISHED : 468
[INFO] DISTRIBUTING EVENT : 479
[INFO] EVENT FINISHED : 470
[INFO] DISTRIBUTING EVENT : 480
[INFO] EVENT FINISHED : 472
[INFO] DISTRIBUTING EVENT : 481
[INFO] DISTRIBUTING EVENT : 482
[INFO] EVENT FINISHED : 475
[INFO] EVENT FINISHED : 477
[INFO] DISTRIBUTING EVENT : 483
[INFO] EVENT FINISHED : 476
[INFO] DISTRIBUTING EVENT : 484
[INFO] EVENT FINISHED : 480
[INFO] DISTRIBUTING EVENT : 485
[INFO] EVENT FINISHED : 474
[INFO] DISTRIBUTING EVENT : 486
[INFO] EVENT FINISHED : 479
[INFO] DISTRIBUTING EVENT : 487
[INFO] EVENT FINISHED : 481
[INFO] DISTRIBUTING EVENT : 488
[INFO] EVENT FINISHED : 487
[INFO] DISTRIBUTING EVENT : 489
[INFO] EVENT FINISHED : 488
[INFO] DISTRIBUTING EVENT : 490
[INFO] DISTRIBUTING EVENT : 491
[INFO] EVENT FINISHED : 490
[INFO] EVENT FINISHED : 478
[INFO] DISTRIBUTING EVENT : 492
[INFO] EVENT FINISHED : 483
[INFO] DISTRIBUTING EVENT : 493
[INFO] EVENT FINISHED : 482
[INFO] DISTRIBUTING EVENT : 494
[INFO] EVENT FINISHED : 486
[INFO] DISTRIBUTING EVENT : 495
[INFO] EVENT FINISHED : 489
[INFO] DISTRIBUTING EVENT : 496
[INFO] EVENT FINISHED : 484
[INFO] DISTRIBUTING EVENT : 497
[INFO] EVENT FINISHED : 485
[INFO] DISTRIBUTING EVENT : 498
[INFO] EVENT FINISHED : 498
[INFO] DISTRIBUTING EVENT : 499
[INFO] EVENT FINISHED : 491
[INFO] DISTRIBUTING EVENT : 500
[INFO] EVENT FINISHED : 492
[INFO] DISTRIBUTING EVENT : 501
[INFO] EVENT FINISHED : 495
[INFO] DISTRIBUTING EVENT : 502
[INFO] EVENT FINISHED : 493
[INFO] DISTRIBUTING EVENT : 503
[INFO] EVENT FINISHED : 494
[INFO] DISTRIBUTING EVENT : 504
[INFO] EVENT FINISHED : 499
[INFO] DISTRIBUTING EVENT : 505
[INFO] EVENT FINISHED : 496
[INFO] DISTRIBUTING EVENT : 506
[INFO] EVENT FINISHED : 497
[INFO] DISTRIBUTING EVENT : 507
[INFO] EVENT FINISHED : 506
[INFO] DISTRIBUTING EVENT : 508
[INFO] EVENT FINISHED : 501
[INFO] DISTRIBUTING EVENT : 509
[INFO] EVENT FINISHED : 509
[INFO] DISTRIBUTING EVENT : 510
[INFO] EVENT FINISHED : 502
[INFO] DISTRIBUTING EVENT : 511
[INFO] EVENT FINISHED : 505
[INFO] DISTRIBUTING EVENT : 512
[INFO] EVENT FINISHED : 508
[INFO] DISTRIBUTING EVENT : 513
[INFO] EVENT FINISHED : 500
[INFO] DISTRIBUTING EVENT : 514
[INFO] EVENT FINISHED : 512
[INFO] DISTRIBUTING EVENT : 515
[INFO] EVENT FINISHED : 504
[INFO] DISTRIBUTING EVENT : 516
[INFO] EVENT FINISHED : 503
[INFO] DISTRIBUTING EVENT : 517
[INFO] EVENT FINISHED : 507
[INFO] DISTRIBUTING EVENT : 518
[INFO] EVENT FINISHED : 510
[INFO] DISTRIBUTING EVENT : 519
[INFO] EVENT FINISHED : 516
[INFO] DISTRIBUTING EVENT : 520
[INFO] EVENT FINISHED : 511
[INFO] DISTRIBUTING EVENT : 521
[INFO] EVENT FINISHED : 514
[INFO] DISTRIBUTING EVENT : 522
[INFO] EVENT FINISHED : 513
[INFO] DISTRIBUTING EVENT : 523
[INFO] EVENT FINISHED : 520
[INFO] DISTRIBUTING EVENT : 524
[INFO] EVENT FINISHED : 523
[INFO] DISTRIBUTING EVENT : 525
[INFO] EVENT FINISHED : 518
[INFO] DISTRIBUTING EVENT : 526
[INFO] EVENT FINISHED : 515
[INFO] DISTRIBUTING EVENT : 527
[INFO] EVENT FINISHED : 519
[INFO] DISTRIBUTING EVENT : 528
[INFO] EVENT FINISHED : 517
[INFO] DISTRIBUTING EVENT : 529
[INFO] EVENT FINISHED : 521
[INFO] DISTRIBUTING EVENT : 530
[INFO] EVENT FINISHED : 522
[INFO] DISTRIBUTING EVENT : 531
[INFO] EVENT FINISHED : 524
[INFO] DISTRIBUTING EVENT : 532
[INFO] EVENT FINISHED : 526
[INFO] DISTRIBUTING EVENT : 533
[INFO] EVENT FINISHED : 532
[INFO] DISTRIBUTING EVENT : 534
[INFO] EVENT FINISHED : 529
[INFO] DISTRIBUTING EVENT : 535
[INFO] EVENT FINISHED : 525
[INFO] DISTRIBUTING EVENT : 536
[INFO] EVENT FINISHED : 530
[INFO] DISTRIBUTING EVENT : 537
[INFO] EVENT FINISHED : 535
[INFO] DISTRIBUTING EVENT : 538
[INFO] EVENT FINISHED : 528
[INFO] DISTRIBUTING EVENT : 539
[INFO] EVENT FINISHED : 527
[INFO] DISTRIBUTING EVENT : 540
[INFO] EVENT FINISHED : 539
[INFO] DISTRIBUTING EVENT : 541
[INFO] EVENT FINISHED : 533
[INFO] DISTRIBUTING EVENT : 542
[INFO] EVENT FINISHED : 540
[INFO] DISTRIBUTING EVENT : 543
[INFO] EVENT FINISHED : 534
[INFO] DISTRIBUTING EVENT : 544
[INFO] EVENT FINISHED : 531
[INFO] DISTRIBUTING EVENT : 545
[INFO] EVENT FINISHED : 538
[INFO] DISTRIBUTING EVENT : 546
[INFO] EVENT FINISHED : 537
[INFO] DISTRIBUTING EVENT : 547
[INFO] EVENT FINISHED : 536
[INFO] DISTRIBUTING EVENT : 548
[INFO] EVENT FINISHED : 545
[INFO] DISTRIBUTING EVENT : 549
[INFO] EVENT FINISHED : 541
[INFO] DISTRIBUTING EVENT : 550
[INFO] EVENT FINISHED : 543
[INFO] DISTRIBUTING EVENT : 551
[INFO] EVENT FINISHED : 542
[INFO] DISTRIBUTING EVENT : 552
[INFO] DISTRIBUTING EVENT : 553
[INFO] EVENT FINISHED : 552
[INFO] EVENT FINISHED : 546
[INFO] DISTRIBUTING EVENT : 554
[INFO] EVENT FINISHED : 549
[INFO] DISTRIBUTING EVENT : 555
[INFO] EVENT FINISHED : 548
[INFO] DISTRIBUTING EVENT : 556
[INFO] DISTRIBUTING EVENT : 557
[INFO] EVENT FINISHED : 544
[INFO] EVENT FINISHED : 551
[INFO] DISTRIBUTING EVENT : 558
[INFO] EVENT FINISHED : 547
[INFO] DISTRIBUTING EVENT : 559
[INFO] EVENT FINISHED : 550
[INFO] DISTRIBUTING EVENT : 560
[INFO] EVENT FINISHED : 553
[INFO] DISTRIBUTING EVENT : 561
[INFO] EVENT FINISHED : 554
[INFO] DISTRIBUTING EVENT : 562
[INFO] EVENT FINISHED : 555
[INFO] DISTRIBUTING EVENT : 563
[INFO] EVENT FINISHED : 557
[INFO] DISTRIBUTING EVENT : 564
[INFO] EVENT FINISHED : 564
[INFO] DISTRIBUTING EVENT : 565
[INFO] EVENT FINISHED : 559
[INFO] DISTRIBUTING EVENT : 566
[INFO] EVENT FINISHED : 556
[INFO] DISTRIBUTING EVENT : 567
[INFO] EVENT FINISHED : 558
[INFO] DISTRIBUTING EVENT : 568
[INFO] EVENT FINISHED : 563
[INFO] DISTRIBUTING EVENT : 569
[INFO] EVENT FINISHED : 560
[INFO] DISTRIBUTING EVENT : 570
[INFO] EVENT FINISHED : 561
[INFO] DISTRIBUTING EVENT : 571
[INFO] EVENT FINISHED : 571
[INFO] DISTRIBUTING EVENT : 572
[INFO] EVENT FINISHED : 570
[INFO] DISTRIBUTING EVENT : 573
[INFO] EVENT FINISHED : 565
[INFO] DISTRIBUTING EVENT : 574
[INFO] EVENT FINISHED : 574
[INFO] DISTRIBUTING EVENT : 575
[INFO] EVENT FINISHED : 569
[INFO] DISTRIBUTING EVENT : 576
[INFO] EVENT FINISHED : 568
[INFO] DISTRIBUTING EVENT : 577
[INFO] EVENT FINISHED : 573
[INFO] DISTRIBUTING EVENT : 578
[INFO] EVENT FINISHED : 566
[INFO] DISTRIBUTING EVENT : 579
[INFO] EVENT FINISHED : 578
[INFO] DISTRIBUTING EVENT : 580
[INFO] EVENT FINISHED : 567
[INFO] DISTRIBUTING EVENT : 581
[INFO] EVENT FINISHED : 580
[INFO] DISTRIBUTING EVENT : 582
[INFO] EVENT FINISHED : 575
[INFO] DISTRIBUTING EVENT : 583
[INFO] EVENT FINISHED : 562
[INFO] DISTRIBUTING EVENT : 584
[INFO] EVENT FINISHED : 577
[INFO] DISTRIBUTING EVENT : 585
[INFO] EVENT FINISHED : 579
[INFO] DISTRIBUTING EVENT : 586
[INFO] DISTRIBUTING EVENT : 587
[INFO] EVENT FINISHED : 572
[INFO] EVENT FINISHED : 587
[INFO] DISTRIBUTING EVENT : 588
[INFO] EVENT FINISHED : 582
[INFO] DISTRIBUTING EVENT : 589
[INFO] EVENT FINISHED : 581
[INFO] DISTRIBUTING EVENT : 590
[INFO] EVENT FINISHED : 576
[INFO] DISTRIBUTING EVENT : 591
[INFO] EVENT FINISHED : 583
[INFO] DISTRIBUTING EVENT : 592
[INFO] EVENT FINISHED : 585
[INFO] DISTRIBUTING EVENT : 593
[INFO] EVENT FINISHED : 584
[INFO] DISTRIBUTING EVENT : 594
[INFO] EVENT FINISHED : 590
[INFO] DISTRIBUTING EVENT : 595
[INFO] EVENT FINISHED : 592
[INFO] DISTRIBUTING EVENT : 596
[INFO] EVENT FINISHED : 588
[INFO] DISTRIBUTING EVENT : 597
[INFO] EVENT FINISHED : 593
[INFO] DISTRIBUTING EVENT : 598
[INFO] EVENT FINISHED : 586
[INFO] DISTRIBUTING EVENT : 599
[INFO] EVENT FINISHED : 594
[INFO] DISTRIBUTING EVENT : 600
[INFO] EVENT FINISHED : 589
[INFO] DISTRIBUTING EVENT : 601
[INFO] EVENT FINISHED : 591
[INFO] DISTRIBUTING EVENT : 602
[INFO] EVENT FINISHED : 595
[INFO] DISTRIBUTING EVENT : 603
[INFO] EVENT FINISHED : 603
[INFO] DISTRIBUTING EVENT : 604
[INFO] DISTRIBUTING EVENT : 605
[INFO] EVENT FINISHED : 600
[INFO] EVENT FINISHED : 597
[INFO] DISTRIBUTING EVENT : 606
[INFO] EVENT FINISHED : 598
[INFO] DISTRIBUTING EVENT : 607
[INFO] EVENT FINISHED : 596
[INFO] DISTRIBUTING EVENT : 608
[INFO] EVENT FINISHED : 601
[INFO] DISTRIBUTING EVENT : 609
[INFO] EVENT FINISHED : 602
[INFO] DISTRIBUTING EVENT : 610
[INFO] EVENT FINISHED : 599
[INFO] DISTRIBUTING EVENT : 611
[INFO] EVENT FINISHED : 607
[INFO] DISTRIBUTING EVENT : 612
[INFO] EVENT FINISHED : 605
[INFO] DISTRIBUTING EVENT : 613
[INFO] EVENT FINISHED : 613
[INFO] DISTRIBUTING EVENT : 614
[INFO] EVENT FINISHED : 606
[INFO] DISTRIBUTING EVENT : 615
[INFO] EVENT FINISHED : 610
[INFO] DISTRIBUTING EVENT : 616
[INFO] EVENT FINISHED : 609
[INFO] DISTRIBUTING EVENT : 617
[INFO] EVENT FINISHED : 611
[INFO] DISTRIBUTING EVENT : 618
[INFO] EVENT FINISHED : 614
[INFO] DISTRIBUTING EVENT : 619
[INFO] EVENT FINISHED : 604
[INFO] DISTRIBUTING EVENT : 620
[INFO] EVENT FINISHED : 612
[INFO] DISTRIBUTING EVENT : 621
[INFO] EVENT FINISHED : 616
[INFO] DISTRIBUTING EVENT : 622
[INFO] EVENT FINISHED : 608
[INFO] DISTRIBUTING EVENT : 623
[INFO] EVENT FINISHED : 621
[INFO] DISTRIBUTING EVENT : 624
[INFO] EVENT FINISHED : 617
[INFO] DISTRIBUTING EVENT : 625
[INFO] EVENT FINISHED : 618
[INFO] DISTRIBUTING EVENT : 626
[INFO] EVENT FINISHED : 620
[INFO] DISTRIBUTING EVENT : 627
[INFO] EVENT FINISHED : 626
[INFO] DISTRIBUTING EVENT : 628
[INFO] EVENT FINISHED : 619
[INFO] DISTRIBUTING EVENT : 629
[INFO] EVENT FINISHED : 615
[INFO] DISTRIBUTING EVENT : 630
[INFO] EVENT FINISHED : 622
[INFO] DISTRIBUTING EVENT : 631
[INFO] EVENT FINISHED : 623
[INFO] DISTRIBUTING EVENT : 632
[INFO] EVENT FINISHED : 624
[INFO] DISTRIBUTING EVENT : 633
[INFO] EVENT FINISHED : 627
[INFO] DISTRIBUTING EVENT : 634
[INFO] EVENT FINISHED : 625
[INFO] DISTRIBUTING EVENT : 635
[INFO] EVENT FINISHED : 634
[INFO] DISTRIBUTING EVENT : 636
[INFO] EVENT FINISHED : 629
[INFO] DISTRIBUTING EVENT : 637
[INFO] EVENT FINISHED : 631
[INFO] DISTRIBUTING EVENT : 638
[INFO] DISTRIBUTING EVENT : 639
[INFO] EVENT FINISHED : 638
[INFO] EVENT FINISHED : 632
[INFO] DISTRIBUTING EVENT : 640
[INFO] EVENT FINISHED : 633
[INFO] DISTRIBUTING EVENT : 641
[INFO] EVENT FINISHED : 636
[INFO] DISTRIBUTING EVENT : 642
[INFO] EVENT FINISHED : 628
[INFO] DISTRIBUTING EVENT : 643
[INFO] DISTRIBUTING EVENT : 644
[INFO] EVENT FINISHED : 630
[INFO] EVENT FINISHED : 639
[INFO] DISTRIBUTING EVENT : 645
[INFO] EVENT FINISHED : 635
[INFO] DISTRIBUTING EVENT : 646
[INFO] EVENT FINISHED : 637
[INFO] DISTRIBUTING EVENT : 647
[INFO] EVENT FINISHED : 646
[INFO] DISTRIBUTING EVENT : 648
[INFO] EVENT FINISHED : 644
[INFO] DISTRIBUTING EVENT : 649
[INFO] EVENT FINISHED : 642
[INFO] DISTRIBUTING EVENT : 650
[INFO] EVENT FINISHED : 640
[INFO] DISTRIBUTING EVENT : 651
[INFO] EVENT FINISHED : 641
[INFO] DISTRIBUTING EVENT : 652
[INFO] EVENT FINISHED : 645
[INFO] DISTRIBUTING EVENT : 653
[INFO] EVENT FINISHED : 643
[INFO] DISTRIBUTING EVENT : 654
[INFO] EVENT FINISHED : 654
[INFO] DISTRIBUTING EVENT : 655
[INFO] DISTRIBUTING EVENT : 656
[INFO] EVENT FINISHED : 655
[INFO] EVENT FINISHED : 648
[INFO] DISTRIBUTING EVENT : 657
[INFO] EVENT FINISHED : 647
[INFO] DISTRIBUTING EVENT : 658
[INFO] EVENT FINISHED : 649
[INFO] DISTRIBUTING EVENT : 659
[INFO] EVENT FINISHED : 651
[INFO] DISTRIBUTING EVENT : 660
[INFO] EVENT FINISHED : 650
[INFO] DISTRIBUTING EVENT : 661
[INFO] EVENT FINISHED : 652
[INFO] DISTRIBUTING EVENT : 662
[INFO] EVENT FINISHED : 653
[INFO] DISTRIBUTING EVENT : 663
[INFO] EVENT FINISHED : 656
[INFO] DISTRIBUTING EVENT : 664
[INFO] EVENT FINISHED : 659
[INFO] DISTRIBUTING EVENT : 665
[INFO] EVENT FINISHED : 657
[INFO] DISTRIBUTING EVENT : 666
[INFO] EVENT FINISHED : 662
[INFO] DISTRIBUTING EVENT : 667
[INFO] EVENT FINISHED : 661
[INFO] DISTRIBUTING EVENT : 668
[INFO] EVENT FINISHED : 667
[INFO] DISTRIBUTING EVENT : 669
[INFO] EVENT FINISHED : 660
[INFO] DISTRIBUTING EVENT : 670
[INFO] EVENT FINISHED : 658
[INFO] DISTRIBUTING EVENT : 671
[INFO] EVENT FINISHED : 669
[INFO] DISTRIBUTING EVENT : 672
[INFO] EVENT FINISHED : 666
[INFO] DISTRIBUTING EVENT : 673
[INFO] EVENT FINISHED : 664
[INFO] DISTRIBUTING EVENT : 674
[INFO] EVENT FINISHED : 670
[INFO] DISTRIBUTING EVENT : 675
[INFO] EVENT FINISHED : 663
[INFO] DISTRIBUTING EVENT : 676
[INFO] EVENT FINISHED : 665
[INFO] DISTRIBUTING EVENT : 677
[INFO] EVENT FINISHED : 675
[INFO] DISTRIBUTING EVENT : 678
[INFO] EVENT FINISHED : 671
[INFO] DISTRIBUTING EVENT : 679
[INFO] EVENT FINISHED : 668
[INFO] DISTRIBUTING EVENT : 680
[INFO] EVENT FINISHED : 679
[INFO] DISTRIBUTING EVENT : 681
[INFO] EVENT FINISHED : 672
[INFO] DISTRIBUTING EVENT : 682
[INFO] EVENT FINISHED : 673
[INFO] DISTRIBUTING EVENT : 683
[INFO] EVENT FINISHED : 683
[INFO] DISTRIBUTING EVENT : 684
[INFO] EVENT FINISHED : 676
[INFO] DISTRIBUTING EVENT : 685
[INFO] DISTRIBUTING EVENT : 686
[INFO] EVENT FINISHED : 681
[INFO] EVENT FINISHED : 678
[INFO] DISTRIBUTING EVENT : 687
[INFO] EVENT FINISHED : 674
[INFO] DISTRIBUTING EVENT : 688
[INFO] EVENT FINISHED : 677
[INFO] DISTRIBUTING EVENT : 689
[INFO] EVENT FINISHED : 684
[INFO] DISTRIBUTING EVENT : 690
[INFO] EVENT FINISHED : 690
[INFO] DISTRIBUTING EVENT : 691
[INFO] EVENT FINISHED : 680
[INFO] DISTRIBUTING EVENT : 692
[INFO] EVENT FINISHED : 685
[INFO] DISTRIBUTING EVENT : 693
[INFO] EVENT FINISHED : 691
[INFO] DISTRIBUTING EVENT : 694
[INFO] EVENT FINISHED : 682
[INFO] DISTRIBUTING EVENT : 695
[INFO] EVENT FINISHED : 689
[INFO] DISTRIBUTING EVENT : 696
[INFO] EVENT FINISHED : 693
[INFO] DISTRIBUTING EVENT : 697
[INFO] EVENT FINISHED : 687
[INFO] DISTRIBUTING EVENT : 698
[INFO] EVENT FINISHED : 692
[INFO] DISTRIBUTING EVENT : 699
[INFO] EVENT FINISHED : 686
[INFO] DISTRIBUTING EVENT : 700
[INFO] DISTRIBUTING EVENT : 701
[INFO] EVENT FINISHED : 699
[INFO] EVENT FINISHED : 697
[INFO] DISTRIBUTING EVENT : 702
[INFO] EVENT FINISHED : 701
[INFO] DISTRIBUTING EVENT : 703
[INFO] EVENT FINISHED : 703
[INFO] DISTRIBUTING EVENT : 704
[INFO] EVENT FINISHED : 688
[INFO] DISTRIBUTING EVENT : 705
[INFO] EVENT FINISHED : 705
[INFO] DISTRIBUTING EVENT : 706
[INFO] EVENT FINISHED : 694
[INFO] DISTRIBUTING EVENT : 707
[INFO] EVENT FINISHED : 696
[INFO] DISTRIBUTING EVENT : 708
[INFO] EVENT FINISHED : 706
[INFO] DISTRIBUTING EVENT : 709
[INFO] EVENT FINISHED : 709
[INFO] DISTRIBUTING EVENT : 710
[INFO] EVENT FINISHED : 698
[INFO] DISTRIBUTING EVENT : 711
[INFO] EVENT FINISHED : 710
[INFO] DISTRIBUTING EVENT : 712
[INFO] EVENT FINISHED : 712
[INFO] DISTRIBUTING EVENT : 713
[INFO] EVENT FINISHED : 702
[INFO] DISTRIBUTING EVENT : 714
[INFO] EVENT FINISHED : 704
[INFO] DISTRIBUTING EVENT : 715
[INFO] EVENT FINISHED : 695
[INFO] DISTRIBUTING EVENT : 716
[INFO] DISTRIBUTING EVENT : 717
[INFO] EVENT FINISHED : 716
[INFO] EVENT FINISHED : 700
[INFO] DISTRIBUTING EVENT : 718
[INFO] EVENT FINISHED : 718
[INFO] DISTRIBUTING EVENT : 719
[INFO] EVENT FINISHED : 707
[INFO] DISTRIBUTING EVENT : 720
[INFO] EVENT FINISHED : 708
[INFO] DISTRIBUTING EVENT : 721
[INFO] EVENT FINISHED : 713
[INFO] DISTRIBUTING EVENT : 722
[INFO] EVENT FINISHED : 711
[INFO] DISTRIBUTING EVENT : 723
[INFO] EVENT FINISHED : 715
[INFO] DISTRIBUTING EVENT : 724
[INFO] EVENT FINISHED : 722
[INFO] DISTRIBUTING EVENT : 725
[INFO] EVENT FINISHED : 721
[INFO] DISTRIBUTING EVENT : 726
[INFO] EVENT FINISHED : 719
[INFO] DISTRIBUTING EVENT : 727
[INFO] EVENT FINISHED : 725
[INFO] DISTRIBUTING EVENT : 728
[INFO] EVENT FINISHED : 726
[INFO] DISTRIBUTING EVENT : 729
[INFO] EVENT FINISHED : 720
[INFO] EVENT FINISHED : 717
[INFO] DISTRIBUTING EVENT : 730
[INFO] DISTRIBUTING EVENT : 731
[INFO] EVENT FINISHED : 714
[INFO] DISTRIBUTING EVENT : 732
[INFO] EVENT FINISHED : 732
[INFO] DISTRIBUTING EVENT : 733
[INFO] EVENT FINISHED : 723
[INFO] DISTRIBUTING EVENT : 734
[INFO] EVENT FINISHED : 731
[INFO] DISTRIBUTING EVENT : 735
[INFO] EVENT FINISHED : 724
[INFO] DISTRIBUTING EVENT : 736
[INFO] EVENT FINISHED : 727
[INFO] DISTRIBUTING EVENT : 737
[INFO] EVENT FINISHED : 733
[INFO] DISTRIBUTING EVENT : 738
[INFO] EVENT FINISHED : 729
[INFO] DISTRIBUTING EVENT : 739
[INFO] EVENT FINISHED : 734
[INFO] DISTRIBUTING EVENT : 740
[INFO] EVENT FINISHED : 730
[INFO] DISTRIBUTING EVENT : 741
[INFO] EVENT FINISHED : 736
[INFO] DISTRIBUTING EVENT : 742
[INFO] EVENT FINISHED : 728
[INFO] DISTRIBUTING EVENT : 743
[INFO] EVENT FINISHED : 742
[INFO] DISTRIBUTING EVENT : 744
[INFO] EVENT FINISHED : 735
[INFO] DISTRIBUTING EVENT : 745
[INFO] EVENT FINISHED : 741
[INFO] DISTRIBUTING EVENT : 746
[INFO] EVENT FINISHED : 746
[INFO] DISTRIBUTING EVENT : 747
[INFO] EVENT FINISHED : 745
[INFO] DISTRIBUTING EVENT : 748
[INFO] EVENT FINISHED : 740
[INFO] DISTRIBUTING EVENT : 749
[INFO] EVENT FINISHED : 738
[INFO] DISTRIBUTING EVENT : 750
[INFO] EVENT FINISHED : 749
[INFO] DISTRIBUTING EVENT : 751
[INFO] EVENT FINISHED : 743
[INFO] DISTRIBUTING EVENT : 752
[INFO] EVENT FINISHED : 737
[INFO] DISTRIBUTING EVENT : 753
[INFO] EVENT FINISHED : 739
[INFO] DISTRIBUTING EVENT : 754
[INFO] EVENT FINISHED : 747
[INFO] DISTRIBUTING EVENT : 755
[INFO] EVENT FINISHED : 753
[INFO] DISTRIBUTING EVENT : 756
[INFO] EVENT FINISHED : 751
[INFO] DISTRIBUTING EVENT : 757
[INFO] EVENT FINISHED : 744
[INFO] DISTRIBUTING EVENT : 758
[INFO] EVENT FINISHED : 750
[INFO] DISTRIBUTING EVENT : 759
[INFO] EVENT FINISHED : 758
[INFO] DISTRIBUTING EVENT : 760
[INFO] EVENT FINISHED : 748
[INFO] DISTRIBUTING EVENT : 761
[INFO] EVENT FINISHED : 755
[INFO] DISTRIBUTING EVENT : 762
[INFO] EVENT FINISHED : 754
[INFO] DISTRIBUTING EVENT : 763
[INFO] EVENT FINISHED : 761
[INFO] DISTRIBUTING EVENT : 764
[INFO] EVENT FINISHED : 752
[INFO] DISTRIBUTING EVENT : 765
[INFO] EVENT FINISHED : 764
[INFO] DISTRIBUTING EVENT : 766
[INFO] EVENT FINISHED : 756
[INFO] DISTRIBUTING EVENT : 767
[INFO] EVENT FINISHED : 762
[INFO] DISTRIBUTING EVENT : 768
[INFO] EVENT FINISHED : 757
[INFO] DISTRIBUTING EVENT : 769
[INFO] EVENT FINISHED : 769
[INFO] DISTRIBUTING EVENT : 770
[INFO] EVENT FINISHED : 766
[INFO] DISTRIBUTING EVENT : 771
[INFO] EVENT FINISHED : 759
[INFO] DISTRIBUTING EVENT : 772
[INFO] EVENT FINISHED : 763
[INFO] DISTRIBUTING EVENT : 773
[INFO] EVENT FINISHED : 765
[INFO] DISTRIBUTING EVENT : 774
[INFO] EVENT FINISHED : 760
[INFO] DISTRIBUTING EVENT : 775
[INFO] EVENT FINISHED : 771
[INFO] DISTRIBUTING EVENT : 776
[INFO] EVENT FINISHED : 768
[INFO] DISTRIBUTING EVENT : 777
[INFO] EVENT FINISHED : 767
[INFO] DISTRIBUTING EVENT : 778
[INFO] EVENT FINISHED : 770
[INFO] DISTRIBUTING EVENT : 779
[INFO] EVENT FINISHED : 772
[INFO] DISTRIBUTING EVENT : 780
[INFO] EVENT FINISHED : 776
[INFO] DISTRIBUTING EVENT : 781
[INFO] EVENT FINISHED : 773
[INFO] DISTRIBUTING EVENT : 782
[INFO] EVENT FINISHED : 778
[INFO] DISTRIBUTING EVENT : 783
[INFO] EVENT FINISHED : 775
[INFO] DISTRIBUTING EVENT : 784
[INFO] EVENT FINISHED : 781
[INFO] DISTRIBUTING EVENT : 785
[INFO] EVENT FINISHED : 777
[INFO] DISTRIBUTING EVENT : 786
[INFO] EVENT FINISHED : 782
[INFO] DISTRIBUTING EVENT : 787
[INFO] EVENT FINISHED : 774
[INFO] DISTRIBUTING EVENT : 788
[INFO] EVENT FINISHED : 779
[INFO] DISTRIBUTING EVENT : 789
[INFO] EVENT FINISHED : 780
[INFO] DISTRIBUTING EVENT : 790
[INFO] EVENT FINISHED : 786
[INFO] DISTRIBUTING EVENT : 791
[INFO] EVENT FINISHED : 783
[INFO] DISTRIBUTING EVENT : 792
[INFO] EVENT FINISHED : 784
[INFO] DISTRIBUTING EVENT : 793
[INFO] EVENT FINISHED : 785
[INFO] DISTRIBUTING EVENT : 794
[INFO] EVENT FINISHED : 789
[INFO] DISTRIBUTING EVENT : 795
[INFO] EVENT FINISHED : 788
[INFO] DISTRIBUTING EVENT : 796
[INFO] EVENT FINISHED : 792
[INFO] DISTRIBUTING EVENT : 797
[INFO] EVENT FINISHED : 787
[INFO] DISTRIBUTING EVENT : 798
[INFO] EVENT FINISHED : 790
[INFO] DISTRIBUTING EVENT : 799
[INFO] EVENT FINISHED : 795
[INFO] DISTRIBUTING EVENT : 800
[INFO] EVENT FINISHED : 791
[INFO] DISTRIBUTING EVENT : 801
[INFO] EVENT FINISHED : 796
[INFO] DISTRIBUTING EVENT : 802
[INFO] EVENT FINISHED : 793
[INFO] DISTRIBUTING EVENT : 803
[INFO] EVENT FINISHED : 794
[INFO] DISTRIBUTING EVENT : 804
[INFO] EVENT FINISHED : 800
[INFO] DISTRIBUTING EVENT : 805
[INFO] EVENT FINISHED : 798
[INFO] DISTRIBUTING EVENT : 806
[INFO] EVENT FINISHED : 802
[INFO] DISTRIBUTING EVENT : 807
[INFO] DISTRIBUTING EVENT : 808
[INFO] EVENT FINISHED : 799
[INFO] EVENT FINISHED : 801
[INFO] DISTRIBUTING EVENT : 809
[INFO] EVENT FINISHED : 797
[INFO] DISTRIBUTING EVENT : 810
[INFO] EVENT FINISHED : 803
[INFO] DISTRIBUTING EVENT : 811
[INFO] EVENT FINISHED : 807
[INFO] DISTRIBUTING EVENT : 812
[INFO] EVENT FINISHED : 811
[INFO] DISTRIBUTING EVENT : 813
[INFO] EVENT FINISHED : 812
[INFO] DISTRIBUTING EVENT : 814
[INFO] EVENT FINISHED : 806
[INFO] DISTRIBUTING EVENT : 815
[INFO] EVENT FINISHED : 805
[INFO] DISTRIBUTING EVENT : 816
[INFO] EVENT FINISHED : 813
[INFO] DISTRIBUTING EVENT : 817
[INFO] EVENT FINISHED : 814
[INFO] DISTRIBUTING EVENT : 818
[INFO] EVENT FINISHED : 804
[INFO] DISTRIBUTING EVENT : 819
[INFO] EVENT FINISHED : 808
[INFO] DISTRIBUTING EVENT : 820
[INFO] EVENT FINISHED : 809
[INFO] DISTRIBUTING EVENT : 821
[INFO] EVENT FINISHED : 819
[INFO] DISTRIBUTING EVENT : 822
[INFO] EVENT FINISHED : 817
[INFO] DISTRIBUTING EVENT : 823
[INFO] EVENT FINISHED : 810
[INFO] DISTRIBUTING EVENT : 824
[INFO] EVENT FINISHED : 815
[INFO] DISTRIBUTING EVENT : 825
[INFO] EVENT FINISHED : 818
[INFO] DISTRIBUTING EVENT : 826
[INFO] EVENT FINISHED : 816
[INFO] DISTRIBUTING EVENT : 827
[INFO] EVENT FINISHED : 820
[INFO] DISTRIBUTING EVENT : 828
[INFO] EVENT FINISHED : 828
[INFO] DISTRIBUTING EVENT : 829
[INFO] EVENT FINISHED : 822
[INFO] DISTRIBUTING EVENT : 830
[INFO] EVENT FINISHED : 825
[INFO] DISTRIBUTING EVENT : 831
[INFO] EVENT FINISHED : 823
[INFO] DISTRIBUTING EVENT : 832
[INFO] EVENT FINISHED : 821
[INFO] DISTRIBUTING EVENT : 833
[INFO] EVENT FINISHED : 824
[INFO] DISTRIBUTING EVENT : 834
[INFO] EVENT FINISHED : 831
[INFO] DISTRIBUTING EVENT : 835
[INFO] EVENT FINISHED : 827
[INFO] DISTRIBUTING EVENT : 836
[INFO] EVENT FINISHED : 830
[INFO] DISTRIBUTING EVENT : 837
[INFO] EVENT FINISHED : 829
[INFO] DISTRIBUTING EVENT : 838
[INFO] EVENT FINISHED : 826
[INFO] DISTRIBUTING EVENT : 839
[INFO] EVENT FINISHED : 833
[INFO] DISTRIBUTING EVENT : 840
[INFO] EVENT FINISHED : 836
[INFO] DISTRIBUTING EVENT : 841
[INFO] EVENT FINISHED : 835
[INFO] DISTRIBUTING EVENT : 842
[INFO] EVENT FINISHED : 837
[INFO] DISTRIBUTING EVENT : 843
[INFO] EVENT FINISHED : 834
[INFO] DISTRIBUTING EVENT : 844
[INFO] EVENT FINISHED : 840
[INFO] DISTRIBUTING EVENT : 845
[INFO] EVENT FINISHED : 843
[INFO] DISTRIBUTING EVENT : 846
[INFO] EVENT FINISHED : 838
[INFO] DISTRIBUTING EVENT : 847
[INFO] EVENT FINISHED : 839
[INFO] DISTRIBUTING EVENT : 848
[INFO] EVENT FINISHED : 848
[INFO] DISTRIBUTING EVENT : 849
[INFO] EVENT FINISHED : 832
[INFO] DISTRIBUTING EVENT : 850
[INFO] EVENT FINISHED : 846
[INFO] DISTRIBUTING EVENT : 851
[INFO] EVENT FINISHED : 842
[INFO] DISTRIBUTING EVENT : 852
[INFO] EVENT FINISHED : 841
[INFO] DISTRIBUTING EVENT : 853
[INFO] EVENT FINISHED : 844
[INFO] DISTRIBUTING EVENT : 854
[INFO] EVENT FINISHED : 850
[INFO] DISTRIBUTING EVENT : 855
[INFO] EVENT FINISHED : 851
[INFO] DISTRIBUTING EVENT : 856
[INFO] EVENT FINISHED : 847
[INFO] DISTRIBUTING EVENT : 857
[INFO] EVENT FINISHED : 853
[INFO] DISTRIBUTING EVENT : 858
[INFO] EVENT FINISHED : 849
[INFO] DISTRIBUTING EVENT : 859
[INFO] EVENT FINISHED : 845
[INFO] DISTRIBUTING EVENT : 860
[INFO] EVENT FINISHED : 852
[INFO] DISTRIBUTING EVENT : 861
[INFO] EVENT FINISHED : 858
[INFO] DISTRIBUTING EVENT : 862
[INFO] EVENT FINISHED : 855
[INFO] DISTRIBUTING EVENT : 863
[INFO] DISTRIBUTING EVENT : 864
[INFO] EVENT FINISHED : 863
[INFO] EVENT FINISHED : 854
[INFO] DISTRIBUTING EVENT : 865
[INFO] EVENT FINISHED : 859
[INFO] DISTRIBUTING EVENT : 866
[INFO] EVENT FINISHED : 862
[INFO] DISTRIBUTING EVENT : 867
[INFO] EVENT FINISHED : 861
[INFO] DISTRIBUTING EVENT : 868
[INFO] EVENT FINISHED : 856
[INFO] DISTRIBUTING EVENT : 869
[INFO] EVENT FINISHED : 857
[INFO] DISTRIBUTING EVENT : 870
[INFO] EVENT FINISHED : 860
[INFO] DISTRIBUTING EVENT : 871
[INFO] EVENT FINISHED : 865
[INFO] DISTRIBUTING EVENT : 872
[INFO] EVENT FINISHED : 867
[INFO] DISTRIBUTING EVENT : 873
[INFO] EVENT FINISHED : 871
[INFO] DISTRIBUTING EVENT : 874
[INFO] EVENT FINISHED : 866
[INFO] DISTRIBUTING EVENT : 875
[INFO] EVENT FINISHED : 868
[INFO] DISTRIBUTING EVENT : 876
[INFO] EVENT FINISHED : 864
[INFO] DISTRIBUTING EVENT : 877
[INFO] EVENT FINISHED : 869
[INFO] DISTRIBUTING EVENT : 878
[INFO] DISTRIBUTING EVENT : 879
[INFO] EVENT FINISHED : 878
[INFO] EVENT FINISHED : 875
[INFO] DISTRIBUTING EVENT : 880
[INFO] EVENT FINISHED : 872
[INFO] DISTRIBUTING EVENT : 881
[INFO] EVENT FINISHED : 870
[INFO] DISTRIBUTING EVENT : 882
[INFO] EVENT FINISHED : 881
[INFO] DISTRIBUTING EVENT : 883
[INFO] EVENT FINISHED : 883
[INFO] DISTRIBUTING EVENT : 884
[INFO] EVENT FINISHED : 874
[INFO] DISTRIBUTING EVENT : 885
[INFO] EVENT FINISHED : 873
[INFO] DISTRIBUTING EVENT : 886
[INFO] EVENT FINISHED : 876
[INFO] DISTRIBUTING EVENT : 887
[INFO] EVENT FINISHED : 882
[INFO] DISTRIBUTING EVENT : 888
[INFO] EVENT FINISHED : 879
[INFO] DISTRIBUTING EVENT : 889
[INFO] EVENT FINISHED : 880
[INFO] DISTRIBUTING EVENT : 890
[INFO] EVENT FINISHED : 884
[INFO] DISTRIBUTING EVENT : 891
[INFO] EVENT FINISHED : 890
[INFO] DISTRIBUTING EVENT : 892
[INFO] EVENT FINISHED : 891
[INFO] DISTRIBUTING EVENT : 893
[INFO] EVENT FINISHED : 877
[INFO] DISTRIBUTING EVENT : 894
[INFO] EVENT FINISHED : 894
[INFO] DISTRIBUTING EVENT : 895
[INFO] EVENT FINISHED : 886
[INFO] DISTRIBUTING EVENT : 896
[INFO] EVENT FINISHED : 885
[INFO] DISTRIBUTING EVENT : 897
[INFO] EVENT FINISHED : 888
[INFO] DISTRIBUTING EVENT : 898
[INFO] EVENT FINISHED : 887
[INFO] DISTRIBUTING EVENT : 899
[INFO] EVENT FINISHED : 892
[INFO] DISTRIBUTING EVENT : 900
[INFO] EVENT FINISHED : 889
[INFO] DISTRIBUTING EVENT : 901
[INFO] EVENT FINISHED : 893
[INFO] DISTRIBUTING EVENT : 902
[INFO] EVENT FINISHED : 901
[INFO] DISTRIBUTING EVENT : 903
[INFO] EVENT FINISHED : 895
[INFO] DISTRIBUTING EVENT : 904
[INFO] EVENT FINISHED : 897
[INFO] DISTRIBUTING EVENT : 905
[INFO] EVENT FINISHED : 905
[INFO] DISTRIBUTING EVENT : 906
[INFO] EVENT FINISHED : 898
[INFO] DISTRIBUTING EVENT : 907
[INFO] EVENT FINISHED : 900
[INFO] DISTRIBUTING EVENT : 908
[INFO] EVENT FINISHED : 906
[INFO] DISTRIBUTING EVENT : 909
[INFO] EVENT FINISHED : 899
[INFO] DISTRIBUTING EVENT : 910
[INFO] EVENT FINISHED : 896
[INFO] DISTRIBUTING EVENT : 911
[INFO] EVENT FINISHED : 909
[INFO] DISTRIBUTING EVENT : 912
[INFO] EVENT FINISHED : 911
[INFO] DISTRIBUTING EVENT : 913
[INFO] EVENT FINISHED : 903
[INFO] DISTRIBUTING EVENT : 914
[INFO] EVENT FINISHED : 902
[INFO] DISTRIBUTING EVENT : 915
[INFO] EVENT FINISHED : 915
[INFO] DISTRIBUTING EVENT : 916
[INFO] EVENT FINISHED : 908
[INFO] DISTRIBUTING EVENT : 917
[INFO] DISTRIBUTING EVENT : 918
[INFO] EVENT FINISHED : 904
[INFO] EVENT FINISHED : 907
[INFO] DISTRIBUTING EVENT : 919
[INFO] EVENT FINISHED : 913
[INFO] DISTRIBUTING EVENT : 920
[INFO] EVENT FINISHED : 919
[INFO] DISTRIBUTING EVENT : 921
[INFO] EVENT FINISHED : 910
[INFO] DISTRIBUTING EVENT : 922
[INFO] EVENT FINISHED : 912
[INFO] DISTRIBUTING EVENT : 923
[INFO] EVENT FINISHED : 923
[INFO] DISTRIBUTING EVENT : 924
[INFO] EVENT FINISHED : 917
[INFO] DISTRIBUTING EVENT : 925
[INFO] EVENT FINISHED : 918
[INFO] EVENT FINISHED : 914
[INFO] DISTRIBUTING EVENT : 926
[INFO] DISTRIBUTING EVENT : 927
[INFO] EVENT FINISHED : 916
[INFO] DISTRIBUTING EVENT : 928
[INFO] EVENT FINISHED : 927
[INFO] DISTRIBUTING EVENT : 929
[INFO] DISTRIBUTING EVENT : 930
[INFO] EVENT FINISHED : 920
[INFO] EVENT FINISHED : 924
[INFO] DISTRIBUTING EVENT : 931
[INFO] EVENT FINISHED : 921
[INFO] DISTRIBUTING EVENT : 932
[INFO] EVENT FINISHED : 926
[INFO] DISTRIBUTING EVENT : 933
[INFO] EVENT FINISHED : 932
[INFO] DISTRIBUTING EVENT : 934
[INFO] EVENT FINISHED : 925
[INFO] DISTRIBUTING EVENT : 935
[INFO] EVENT FINISHED : 922
[INFO] DISTRIBUTING EVENT : 936
[INFO] EVENT FINISHED : 936
[INFO] DISTRIBUTING EVENT : 937
[INFO] EVENT FINISHED : 930
[INFO] DISTRIBUTING EVENT : 938
[INFO] EVENT FINISHED : 928
[INFO] DISTRIBUTING EVENT : 939
[INFO] EVENT FINISHED : 933
[INFO] DISTRIBUTING EVENT : 940
[INFO] EVENT FINISHED : 934
[INFO] DISTRIBUTING EVENT : 941
[INFO] EVENT FINISHED : 929
[INFO] DISTRIBUTING EVENT : 942
[INFO] EVENT FINISHED : 931
[INFO] DISTRIBUTING EVENT : 943
[INFO] EVENT FINISHED : 941
[INFO] DISTRIBUTING EVENT : 944
[INFO] EVENT FINISHED : 944
[INFO] DISTRIBUTING EVENT : 945
[INFO] EVENT FINISHED : 937
[INFO] DISTRIBUTING EVENT : 946
[INFO] EVENT FINISHED : 935
[INFO] DISTRIBUTING EVENT : 947
[INFO] EVENT FINISHED : 942
[INFO] DISTRIBUTING EVENT : 948
[INFO] EVENT FINISHED : 938
[INFO] DISTRIBUTING EVENT : 949
[INFO] EVENT FINISHED : 943
[INFO] DISTRIBUTING EVENT : 950
[INFO] EVENT FINISHED : 939
[INFO] DISTRIBUTING EVENT : 951
[INFO] EVENT FINISHED : 940
[INFO] DISTRIBUTING EVENT : 952
[INFO] EVENT FINISHED : 946
[INFO] DISTRIBUTING EVENT : 953
[INFO] EVENT FINISHED : 949
[INFO] DISTRIBUTING EVENT : 954
[INFO] EVENT FINISHED : 945
[INFO] DISTRIBUTING EVENT : 955
[INFO] EVENT FINISHED : 950
[INFO] DISTRIBUTING EVENT : 956
[INFO] EVENT FINISHED : 947
[INFO] DISTRIBUTING EVENT : 957
[INFO] EVENT FINISHED : 951
[INFO] DISTRIBUTING EVENT : 958
[INFO] EVENT FINISHED : 948
[INFO] DISTRIBUTING EVENT : 959
[INFO] EVENT FINISHED : 952
[INFO] DISTRIBUTING EVENT : 960
[INFO] EVENT FINISHED : 955
[INFO] DISTRIBUTING EVENT : 961
[INFO] EVENT FINISHED : 957
[INFO] DISTRIBUTING EVENT : 962
[INFO] EVENT FINISHED : 959
[INFO] DISTRIBUTING EVENT : 963
[INFO] EVENT FINISHED : 953
[INFO] DISTRIBUTING EVENT : 964
[INFO] EVENT FINISHED : 954
[INFO] DISTRIBUTING EVENT : 965
[INFO] EVENT FINISHED : 958
[INFO] DISTRIBUTING EVENT : 966
[INFO] EVENT FINISHED : 963
[INFO] DISTRIBUTING EVENT : 967
[INFO] EVENT FINISHED : 967
[INFO] DISTRIBUTING EVENT : 968
[INFO] EVENT FINISHED : 956
[INFO] DISTRIBUTING EVENT : 969
[INFO] EVENT FINISHED : 965
[INFO] DISTRIBUTING EVENT : 970
[INFO] EVENT FINISHED : 964
[INFO] DISTRIBUTING EVENT : 971
[INFO] EVENT FINISHED : 962
[INFO] DISTRIBUTING EVENT : 972
[INFO] EVENT FINISHED : 968
[INFO] DISTRIBUTING EVENT : 973
[INFO] EVENT FINISHED : 960
[INFO] DISTRIBUTING EVENT : 974
[INFO] EVENT FINISHED : 961
[INFO] DISTRIBUTING EVENT : 975
[INFO] EVENT FINISHED : 969
[INFO] DISTRIBUTING EVENT : 976
[INFO] EVENT FINISHED : 966
[INFO] DISTRIBUTING EVENT : 977
[INFO] EVENT FINISHED : 971
[INFO] DISTRIBUTING EVENT : 978
[INFO] EVENT FINISHED : 972
[INFO] DISTRIBUTING EVENT : 979
[INFO] EVENT FINISHED : 970
[INFO] DISTRIBUTING EVENT : 980
[INFO] EVENT FINISHED : 976
[INFO] DISTRIBUTING EVENT : 981
[INFO] EVENT FINISHED : 973
[INFO] DISTRIBUTING EVENT : 982
[INFO] EVENT FINISHED : 977
[INFO] DISTRIBUTING EVENT : 983
[INFO] EVENT FINISHED : 974
[INFO] DISTRIBUTING EVENT : 984
[INFO] EVENT FINISHED : 975
[INFO] DISTRIBUTING EVENT : 985
[INFO] EVENT FINISHED : 978
[INFO] DISTRIBUTING EVENT : 986
[INFO] EVENT FINISHED : 980
[INFO] DISTRIBUTING EVENT : 987
[INFO] EVENT FINISHED : 981
[INFO] DISTRIBUTING EVENT : 988
[INFO] EVENT FINISHED : 988
[INFO] DISTRIBUTING EVENT : 989
[INFO] EVENT FINISHED : 984
[INFO] DISTRIBUTING EVENT : 990
[INFO] EVENT FINISHED : 983
[INFO] DISTRIBUTING EVENT : 991
[INFO] EVENT FINISHED : 979
[INFO] DISTRIBUTING EVENT : 992
[INFO] EVENT FINISHED : 985
[INFO] DISTRIBUTING EVENT : 993
[INFO] EVENT FINISHED : 986
[INFO] DISTRIBUTING EVENT : 994
[INFO] EVENT FINISHED : 982
[INFO] DISTRIBUTING EVENT : 995
[INFO] EVENT FINISHED : 991
[INFO] DISTRIBUTING EVENT : 996
[INFO] EVENT FINISHED : 992
[INFO] DISTRIBUTING EVENT : 997
[INFO] EVENT FINISHED : 996
[INFO] DISTRIBUTING EVENT : 998
[INFO] EVENT FINISHED : 994
[INFO] DISTRIBUTING EVENT : 999
[INFO] EVENT FINISHED : 987
[INFO] DISTRIBUTING EVENT : 1000
[INFO] EVENT FINISHED : 990
[INFO] DISTRIBUTING EVENT : 1001
[INFO] EVENT FINISHED : 989
[INFO] DISTRIBUTING EVENT : 1002
[INFO] EVENT FINISHED : 997
[INFO] DISTRIBUTING EVENT : 1003
[INFO] EVENT FINISHED : 993
[INFO] DISTRIBUTING EVENT : 1004
[INFO] EVENT FINISHED : 1003
[INFO] DISTRIBUTING EVENT : 1005
[INFO] EVENT FINISHED : 1000
[INFO] DISTRIBUTING EVENT : 1006
[INFO] EVENT FINISHED : 995
[INFO] DISTRIBUTING EVENT : 1007
[INFO] EVENT FINISHED : 998
[INFO] DISTRIBUTING EVENT : 1008
[INFO] DISTRIBUTING EVENT : 1009
[INFO] EVENT FINISHED : 1004
[INFO] EVENT FINISHED : 999
[INFO] DISTRIBUTING EVENT : 1010
[INFO] EVENT FINISHED : 1005
[INFO] DISTRIBUTING EVENT : 1011
[INFO] EVENT FINISHED : 1010
[INFO] DISTRIBUTING EVENT : 1012
[INFO] EVENT FINISHED : 1002
[INFO] DISTRIBUTING EVENT : 1013
[INFO] EVENT FINISHED : 1008
[INFO] DISTRIBUTING EVENT : 1014
[INFO] EVENT FINISHED : 1001
[INFO] DISTRIBUTING EVENT : 1015
[INFO] DISTRIBUTING EVENT : 1016
[INFO] EVENT FINISHED : 1007
[INFO] DISTRIBUTING EVENT : 1017
[INFO] EVENT FINISHED : 1016
[INFO] EVENT FINISHED : 1006
[INFO] DISTRIBUTING EVENT : 1018
[INFO] EVENT FINISHED : 1009
[INFO] DISTRIBUTING EVENT : 1019
[INFO] EVENT FINISHED : 1011
[INFO] DISTRIBUTING EVENT : 1020
[INFO] EVENT FINISHED : 1018
[INFO] DISTRIBUTING EVENT : 1021
[INFO] EVENT FINISHED : 1012
[INFO] DISTRIBUTING EVENT : 1022
[INFO] EVENT FINISHED : 1015
[INFO] DISTRIBUTING EVENT : 1023
[INFO] EVENT FINISHED : 1021
[INFO] DISTRIBUTING EVENT : 1024
[INFO] EVENT FINISHED : 1013
[INFO] DISTRIBUTING EVENT : 1025
[INFO] EVENT FINISHED : 1014
[INFO] DISTRIBUTING EVENT : 1026
[INFO] EVENT FINISHED : 1019
[INFO] DISTRIBUTING EVENT : 1027
[INFO] EVENT FINISHED : 1017
[INFO] DISTRIBUTING EVENT : 1028
[INFO] EVENT FINISHED : 1022
[INFO] DISTRIBUTING EVENT : 1029
[INFO] EVENT FINISHED : 1020
[INFO] DISTRIBUTING EVENT : 1030
[INFO] EVENT FINISHED : 1028
[INFO] DISTRIBUTING EVENT : 1031
[INFO] EVENT FINISHED : 1024
[INFO] DISTRIBUTING EVENT : 1032
[INFO] EVENT FINISHED : 1025
[INFO] DISTRIBUTING EVENT : 1033
[INFO] EVENT FINISHED : 1033
[INFO] DISTRIBUTING EVENT : 1034
[INFO] EVENT FINISHED : 1026
[INFO] DISTRIBUTING EVENT : 1035
[INFO] EVENT FINISHED : 1034
[INFO] DISTRIBUTING EVENT : 1036
[INFO] EVENT FINISHED : 1030
[INFO] DISTRIBUTING EVENT : 1037
[INFO] EVENT FINISHED : 1029
[INFO] DISTRIBUTING EVENT : 1038
[INFO] EVENT FINISHED : 1023
[INFO] DISTRIBUTING EVENT : 1039
[INFO] EVENT FINISHED : 1027
[INFO] DISTRIBUTING EVENT : 1040
[INFO] EVENT FINISHED : 1035
[INFO] DISTRIBUTING EVENT : 1041
[INFO] EVENT FINISHED : 1031
[INFO] DISTRIBUTING EVENT : 1042
[INFO] EVENT FINISHED : 1037
[INFO] DISTRIBUTING EVENT : 1043
[INFO] EVENT FINISHED : 1043
[INFO] DISTRIBUTING EVENT : 1044
[INFO] EVENT FINISHED : 1032
[INFO] DISTRIBUTING EVENT : 1045
[INFO] EVENT FINISHED : 1038
[INFO] DISTRIBUTING EVENT : 1046
[INFO] EVENT FINISHED : 1039
[INFO] DISTRIBUTING EVENT : 1047
[INFO] EVENT FINISHED : 1036
[INFO] DISTRIBUTING EVENT : 1048
[INFO] EVENT FINISHED : 1044
[INFO] DISTRIBUTING EVENT : 1049
[INFO] EVENT FINISHED : 1040
[INFO] DISTRIBUTING EVENT : 1050
[INFO] EVENT FINISHED : 1041
[INFO] DISTRIBUTING EVENT : 1051
[INFO] EVENT FINISHED : 1046
[INFO] DISTRIBUTING EVENT : 1052
[INFO] EVENT FINISHED : 1042
[INFO] DISTRIBUTING EVENT : 1053
[INFO] EVENT FINISHED : 1045
[INFO] DISTRIBUTING EVENT : 1054
[INFO] EVENT FINISHED : 1048
[INFO] DISTRIBUTING EVENT : 1055
[INFO] EVENT FINISHED : 1049
[INFO] DISTRIBUTING EVENT : 1056
[INFO] EVENT FINISHED : 1052
[INFO] DISTRIBUTING EVENT : 1057
[INFO] EVENT FINISHED : 1056
[INFO] DISTRIBUTING EVENT : 1058
[INFO] EVENT FINISHED : 1051
[INFO] DISTRIBUTING EVENT : 1059
[INFO] EVENT FINISHED : 1050
[INFO] DISTRIBUTING EVENT : 1060
[INFO] EVENT FINISHED : 1059
[INFO] DISTRIBUTING EVENT : 1061
[INFO] EVENT FINISHED : 1061
[INFO] DISTRIBUTING EVENT : 1062
[INFO] EVENT FINISHED : 1055
[INFO] DISTRIBUTING EVENT : 1063
[INFO] EVENT FINISHED : 1047
[INFO] DISTRIBUTING EVENT : 1064
[INFO] EVENT FINISHED : 1060
[INFO] DISTRIBUTING EVENT : 1065
[INFO] EVENT FINISHED : 1064
[INFO] DISTRIBUTING EVENT : 1066
[INFO] EVENT FINISHED : 1057
[INFO] DISTRIBUTING EVENT : 1067
[INFO] EVENT FINISHED : 1067
[INFO] DISTRIBUTING EVENT : 1068
[INFO] EVENT FINISHED : 1058
[INFO] DISTRIBUTING EVENT : 1069
[INFO] EVENT FINISHED : 1054
[INFO] DISTRIBUTING EVENT : 1070
[INFO] EVENT FINISHED : 1053
[INFO] DISTRIBUTING EVENT : 1071
[INFO] EVENT FINISHED : 1069
[INFO] DISTRIBUTING EVENT : 1072
[INFO] EVENT FINISHED : 1063
[INFO] DISTRIBUTING EVENT : 1073
[INFO] EVENT FINISHED : 1066
[INFO] DISTRIBUTING EVENT : 1074
[INFO] EVENT FINISHED : 1074
[INFO] DISTRIBUTING EVENT : 1075
[INFO] EVENT FINISHED : 1062
[INFO] DISTRIBUTING EVENT : 1076
[INFO] EVENT FINISHED : 1065
[INFO] DISTRIBUTING EVENT : 1077
[INFO] EVENT FINISHED : 1077
[INFO] DISTRIBUTING EVENT : 1078
[INFO] EVENT FINISHED : 1068
[INFO] DISTRIBUTING EVENT : 1079
[INFO] EVENT FINISHED : 1073
[INFO] DISTRIBUTING EVENT : 1080
[INFO] EVENT FINISHED : 1070
[INFO] DISTRIBUTING EVENT : 1081
[INFO] EVENT FINISHED : 1072
[INFO] DISTRIBUTING EVENT : 1082
[INFO] EVENT FINISHED : 1076
[INFO] DISTRIBUTING EVENT : 1083
[INFO] EVENT FINISHED : 1079
[INFO] DISTRIBUTING EVENT : 1084
[INFO] EVENT FINISHED : 1071
[INFO] DISTRIBUTING EVENT : 1085
[INFO] EVENT FINISHED : 1075
[INFO] DISTRIBUTING EVENT : 1086
[INFO] DISTRIBUTING EVENT : 1087
[INFO] EVENT FINISHED : 1080
[INFO] EVENT FINISHED : 1078
[INFO] DISTRIBUTING EVENT : 1088
[INFO] EVENT FINISHED : 1084
[INFO] DISTRIBUTING EVENT : 1089
[INFO] EVENT FINISHED : 1081
[INFO] DISTRIBUTING EVENT : 1090
[INFO] EVENT FINISHED : 1082
[INFO] DISTRIBUTING EVENT : 1091
[INFO] EVENT FINISHED : 1085
[INFO] DISTRIBUTING EVENT : 1092
[INFO] EVENT FINISHED : 1088
[INFO] DISTRIBUTING EVENT : 1093
[INFO] EVENT FINISHED : 1087
[INFO] DISTRIBUTING EVENT : 1094
[INFO] EVENT FINISHED : 1083
[INFO] DISTRIBUTING EVENT : 1095
[INFO] EVENT FINISHED : 1086
[INFO] DISTRIBUTING EVENT : 1096
[INFO] EVENT FINISHED : 1091
[INFO] DISTRIBUTING EVENT : 1097
[INFO] EVENT FINISHED : 1089
[INFO] DISTRIBUTING EVENT : 1098
[INFO] EVENT FINISHED : 1093
[INFO] DISTRIBUTING EVENT : 1099
[INFO] EVENT FINISHED : 1090
[INFO] DISTRIBUTING EVENT : 1100
[INFO] EVENT FINISHED : 1094
[INFO] DISTRIBUTING EVENT : 1101
[INFO] EVENT FINISHED : 1092
[INFO] DISTRIBUTING EVENT : 1102
[INFO] EVENT FINISHED : 1100
[INFO] DISTRIBUTING EVENT : 1103
[INFO] EVENT FINISHED : 1097
[INFO] DISTRIBUTING EVENT : 1104
[INFO] EVENT FINISHED : 1101
[INFO] DISTRIBUTING EVENT : 1105
[INFO] EVENT FINISHED : 1098
[INFO] DISTRIBUTING EVENT : 1106
[INFO] EVENT FINISHED : 1099
[INFO] DISTRIBUTING EVENT : 1107
[INFO] EVENT FINISHED : 1106
[INFO] DISTRIBUTING EVENT : 1108
[INFO] EVENT FINISHED : 1096
[INFO] DISTRIBUTING EVENT : 1109
[INFO] EVENT FINISHED : 1095
[INFO] DISTRIBUTING EVENT : 1110
[INFO] EVENT FINISHED : 1102
[INFO] DISTRIBUTING EVENT : 1111
[INFO] EVENT FINISHED : 1103
[INFO] DISTRIBUTING EVENT : 1112
[INFO] EVENT FINISHED : 1104
[INFO] DISTRIBUTING EVENT : 1113
[INFO] EVENT FINISHED : 1107
[INFO] DISTRIBUTING EVENT : 1114
[INFO] EVENT FINISHED : 1113
[INFO] DISTRIBUTING EVENT : 1115
[INFO] EVENT FINISHED : 1109
[INFO] DISTRIBUTING EVENT : 1116
[INFO] EVENT FINISHED : 1105
[INFO] DISTRIBUTING EVENT : 1117
[INFO] EVENT FINISHED : 1108
[INFO] DISTRIBUTING EVENT : 1118
[INFO] DISTRIBUTING EVENT : 1119
[INFO] EVENT FINISHED : 1118
[INFO] EVENT FINISHED : 1112
[INFO] DISTRIBUTING EVENT : 1120
[INFO] EVENT FINISHED : 1115
[INFO] DISTRIBUTING EVENT : 1121
[INFO] EVENT FINISHED : 1111
[INFO] DISTRIBUTING EVENT : 1122
[INFO] EVENT FINISHED : 1110
[INFO] DISTRIBUTING EVENT : 1123
[INFO] EVENT FINISHED : 1114
[INFO] DISTRIBUTING EVENT : 1124
[INFO] EVENT FINISHED : 1116
[INFO] EVENT FINISHED : 1117
[INFO] DISTRIBUTING EVENT : 1125
[INFO] DISTRIBUTING EVENT : 1126
[INFO] EVENT FINISHED : 1122
[INFO] DISTRIBUTING EVENT : 1127
[INFO] EVENT FINISHED : 1120
[INFO] DISTRIBUTING EVENT : 1128
[INFO] EVENT FINISHED : 1124
[INFO] DISTRIBUTING EVENT : 1129
[INFO] EVENT FINISHED : 1123
[INFO] DISTRIBUTING EVENT : 1130
[INFO] EVENT FINISHED : 1130
[INFO] DISTRIBUTING EVENT : 1131
[INFO] EVENT FINISHED : 1126
[INFO] DISTRIBUTING EVENT : 1132
[INFO] DISTRIBUTING EVENT : 1133
[INFO] EVENT FINISHED : 1128
[INFO] EVENT FINISHED : 1121
[INFO] DISTRIBUTING EVENT : 1134
[INFO] EVENT FINISHED : 1125
[INFO] DISTRIBUTING EVENT : 1135
[INFO] EVENT FINISHED : 1119
[INFO] DISTRIBUTING EVENT : 1136
[INFO] EVENT FINISHED : 1136
[INFO] DISTRIBUTING EVENT : 1137
[INFO] EVENT FINISHED : 1131
[INFO] DISTRIBUTING EVENT : 1138
[INFO] DISTRIBUTING EVENT : 1139
[INFO] EVENT FINISHED : 1138
[INFO] EVENT FINISHED : 1134
[INFO] DISTRIBUTING EVENT : 1140
[INFO] EVENT FINISHED : 1140
[INFO] DISTRIBUTING EVENT : 1141
[INFO] EVENT FINISHED : 1129
[INFO] DISTRIBUTING EVENT : 1142
[INFO] EVENT FINISHED : 1132
[INFO] DISTRIBUTING EVENT : 1143
[INFO] EVENT FINISHED : 1127
[INFO] DISTRIBUTING EVENT : 1144
[INFO] EVENT FINISHED : 1135
[INFO] DISTRIBUTING EVENT : 1145
[INFO] EVENT FINISHED : 1139
[INFO] DISTRIBUTING EVENT : 1146
[INFO] EVENT FINISHED : 1144
[INFO] DISTRIBUTING EVENT : 1147
[INFO] EVENT FINISHED : 1142
[INFO] DISTRIBUTING EVENT : 1148
[INFO] EVENT FINISHED : 1137
[INFO] DISTRIBUTING EVENT : 1149
[INFO] EVENT FINISHED : 1133
[INFO] DISTRIBUTING EVENT : 1150
[INFO] EVENT FINISHED : 1147
[INFO] DISTRIBUTING EVENT : 1151
[INFO] EVENT FINISHED : 1141
[INFO] DISTRIBUTING EVENT : 1152
[INFO] EVENT FINISHED : 1143
[INFO] DISTRIBUTING EVENT : 1153
[INFO] EVENT FINISHED : 1152
[INFO] DISTRIBUTING EVENT : 1154
[INFO] EVENT FINISHED : 1150
[INFO] DISTRIBUTING EVENT : 1155
[INFO] EVENT FINISHED : 1148
[INFO] DISTRIBUTING EVENT : 1156
[INFO] EVENT FINISHED : 1151
[INFO] DISTRIBUTING EVENT : 1157
[INFO] EVENT FINISHED : 1149
[INFO] DISTRIBUTING EVENT : 1158
[INFO] EVENT FINISHED : 1157
[INFO] DISTRIBUTING EVENT : 1159
[INFO] EVENT FINISHED : 1153
[INFO] DISTRIBUTING EVENT : 1160
[INFO] EVENT FINISHED : 1155
[INFO] DISTRIBUTING EVENT : 1161
[INFO] EVENT FINISHED : 1160
[INFO] DISTRIBUTING EVENT : 1162
[INFO] EVENT FINISHED : 1145
[INFO] DISTRIBUTING EVENT : 1163
[INFO] DISTRIBUTING EVENT : 1164
[INFO] EVENT FINISHED : 1159
[INFO] EVENT FINISHED : 1154
[INFO] DISTRIBUTING EVENT : 1165
[INFO] EVENT FINISHED : 1146
[INFO] DISTRIBUTING EVENT : 1166
[INFO] EVENT FINISHED : 1156
[INFO] DISTRIBUTING EVENT : 1167
[INFO] EVENT FINISHED : 1167
[INFO] DISTRIBUTING EVENT : 1168
[INFO] EVENT FINISHED : 1158
[INFO] DISTRIBUTING EVENT : 1169
[INFO] EVENT FINISHED : 1168
[INFO] DISTRIBUTING EVENT : 1170
[INFO] EVENT FINISHED : 1163
[INFO] DISTRIBUTING EVENT : 1171
[INFO] EVENT FINISHED : 1161
[INFO] DISTRIBUTING EVENT : 1172
[INFO] EVENT FINISHED : 1165
[INFO] DISTRIBUTING EVENT : 1173
[INFO] EVENT FINISHED : 1162
[INFO] DISTRIBUTING EVENT : 1174
[INFO] EVENT FINISHED : 1166
[INFO] DISTRIBUTING EVENT : 1175
[INFO] EVENT FINISHED : 1164
[INFO] DISTRIBUTING EVENT : 1176
[INFO] EVENT FINISHED : 1172
[INFO] DISTRIBUTING EVENT : 1177
[INFO] EVENT FINISHED : 1174
[INFO] DISTRIBUTING EVENT : 1178
[INFO] EVENT FINISHED : 1171
[INFO] DISTRIBUTING EVENT : 1179
[INFO] EVENT FINISHED : 1178
[INFO] DISTRIBUTING EVENT : 1180
[INFO] EVENT FINISHED : 1173
[INFO] DISTRIBUTING EVENT : 1181
[INFO] EVENT FINISHED : 1169
[INFO] DISTRIBUTING EVENT : 1182
[INFO] EVENT FINISHED : 1175
[INFO] DISTRIBUTING EVENT : 1183
[INFO] EVENT FINISHED : 1182
[INFO] DISTRIBUTING EVENT : 1184
[INFO] EVENT FINISHED : 1170
[INFO] DISTRIBUTING EVENT : 1185
[INFO] EVENT FINISHED : 1176
[INFO] DISTRIBUTING EVENT : 1186
[INFO] EVENT FINISHED : 1177
[INFO] DISTRIBUTING EVENT : 1187
[INFO] EVENT FINISHED : 1179
[INFO] DISTRIBUTING EVENT : 1188
[INFO] EVENT FINISHED : 1180
[INFO] DISTRIBUTING EVENT : 1189
[INFO] EVENT FINISHED : 1183
[INFO] DISTRIBUTING EVENT : 1190
[INFO] EVENT FINISHED : 1184
[INFO] DISTRIBUTING EVENT : 1191
[INFO] EVENT FINISHED : 1190
[INFO] DISTRIBUTING EVENT : 1192
[INFO] EVENT FINISHED : 1185
[INFO] DISTRIBUTING EVENT : 1193
[INFO] EVENT FINISHED : 1191
[INFO] DISTRIBUTING EVENT : 1194
[INFO] EVENT FINISHED : 1181
[INFO] DISTRIBUTING EVENT : 1195
[INFO] EVENT FINISHED : 1195
[INFO] DISTRIBUTING EVENT : 1196
[INFO] EVENT FINISHED : 1186
[INFO] DISTRIBUTING EVENT : 1197
[INFO] EVENT FINISHED : 1188
[INFO] DISTRIBUTING EVENT : 1198
[INFO] EVENT FINISHED : 1187
[INFO] DISTRIBUTING EVENT : 1199
[INFO] EVENT FINISHED : 1189
[INFO] DISTRIBUTING EVENT : 1200
[INFO] EVENT FINISHED : 1197
[INFO] DISTRIBUTING EVENT : 1201
[INFO] EVENT FINISHED : 1193
[INFO] DISTRIBUTING EVENT : 1202
[INFO] DISTRIBUTING EVENT : 1203
[INFO] EVENT FINISHED : 1201
[INFO] EVENT FINISHED : 1194
[INFO] DISTRIBUTING EVENT : 1204
[INFO] EVENT FINISHED : 1192
[INFO] DISTRIBUTING EVENT : 1205
[INFO] EVENT FINISHED : 1205
[INFO] DISTRIBUTING EVENT : 1206
[INFO] EVENT FINISHED : 1196
[INFO] DISTRIBUTING EVENT : 1207
[INFO] EVENT FINISHED : 1199
[INFO] DISTRIBUTING EVENT : 1208
[INFO] EVENT FINISHED : 1203
[INFO] DISTRIBUTING EVENT : 1209
[INFO] EVENT FINISHED : 1200
[INFO] DISTRIBUTING EVENT : 1210
[INFO] EVENT FINISHED : 1204
[INFO] DISTRIBUTING EVENT : 1211
[INFO] EVENT FINISHED : 1198
[INFO] DISTRIBUTING EVENT : 1212
[INFO] EVENT FINISHED : 1212
[INFO] DISTRIBUTING EVENT : 1213
[INFO] EVENT FINISHED : 1206
[INFO] DISTRIBUTING EVENT : 1214
[INFO] EVENT FINISHED : 1208
[INFO] DISTRIBUTING EVENT : 1215
[INFO] EVENT FINISHED : 1207
[INFO] DISTRIBUTING EVENT : 1216
[INFO] EVENT FINISHED : 1202
[INFO] DISTRIBUTING EVENT : 1217
[INFO] EVENT FINISHED : 1211
[INFO] DISTRIBUTING EVENT : 1218
[INFO] EVENT FINISHED : 1209
[INFO] DISTRIBUTING EVENT : 1219
[INFO] EVENT FINISHED : 1210
[INFO] DISTRIBUTING EVENT : 1220
[INFO] EVENT FINISHED : 1214
[INFO] DISTRIBUTING EVENT : 1221
[INFO] EVENT FINISHED : 1219
[INFO] DISTRIBUTING EVENT : 1222
[INFO] EVENT FINISHED : 1216
[INFO] DISTRIBUTING EVENT : 1223
[INFO] EVENT FINISHED : 1223
[INFO] DISTRIBUTING EVENT : 1224
[INFO] EVENT FINISHED : 1217
[INFO] DISTRIBUTING EVENT : 1225
[INFO] EVENT FINISHED : 1221
[INFO] DISTRIBUTING EVENT : 1226
[INFO] EVENT FINISHED : 1213
[INFO] DISTRIBUTING EVENT : 1227
[INFO] EVENT FINISHED : 1215
[INFO] DISTRIBUTING EVENT : 1228
[INFO] EVENT FINISHED : 1218
[INFO] DISTRIBUTING EVENT : 1229
[INFO] EVENT FINISHED : 1227
[INFO] DISTRIBUTING EVENT : 1230
[INFO] EVENT FINISHED : 1222
[INFO] DISTRIBUTING EVENT : 1231
[INFO] EVENT FINISHED : 1220
[INFO] DISTRIBUTING EVENT : 1232
[INFO] EVENT FINISHED : 1224
[INFO] DISTRIBUTING EVENT : 1233
[INFO] EVENT FINISHED : 1225
[INFO] DISTRIBUTING EVENT : 1234
[INFO] EVENT FINISHED : 1228
[INFO] DISTRIBUTING EVENT : 1235
[INFO] EVENT FINISHED : 1229
[INFO] DISTRIBUTING EVENT : 1236
[INFO] EVENT FINISHED : 1231
[INFO] DISTRIBUTING EVENT : 1237
[INFO] EVENT FINISHED : 1235
[INFO] DISTRIBUTING EVENT : 1238
[INFO] EVENT FINISHED : 1226
[INFO] DISTRIBUTING EVENT : 1239
[INFO] EVENT FINISHED : 1230
[INFO] DISTRIBUTING EVENT : 1240
[INFO] EVENT FINISHED : 1240
[INFO] DISTRIBUTING EVENT : 1241
[INFO] EVENT FINISHED : 1237
[INFO] DISTRIBUTING EVENT : 1242
[INFO] EVENT FINISHED : 1232
[INFO] DISTRIBUTING EVENT : 1243
[INFO] EVENT FINISHED : 1234
[INFO] DISTRIBUTING EVENT : 1244
[INFO] EVENT FINISHED : 1244
[INFO] DISTRIBUTING EVENT : 1245
[INFO] EVENT FINISHED : 1241
[INFO] DISTRIBUTING EVENT : 1246
[INFO] EVENT FINISHED : 1238
[INFO] DISTRIBUTING EVENT : 1247
[INFO] EVENT FINISHED : 1233
[INFO] DISTRIBUTING EVENT : 1248
[INFO] EVENT FINISHED : 1236
[INFO] DISTRIBUTING EVENT : 1249
[INFO] EVENT FINISHED : 1245
[INFO] DISTRIBUTING EVENT : 1250
[INFO] EVENT FINISHED : 1243
[INFO] DISTRIBUTING EVENT : 1251
[INFO] EVENT FINISHED : 1239
[INFO] DISTRIBUTING EVENT : 1252
[INFO] EVENT FINISHED : 1249
[INFO] DISTRIBUTING EVENT : 1253
[INFO] EVENT FINISHED : 1247
[INFO] DISTRIBUTING EVENT : 1254
[INFO] EVENT FINISHED : 1253
[INFO] DISTRIBUTING EVENT : 1255
[INFO] EVENT FINISHED : 1242
[INFO] DISTRIBUTING EVENT : 1256
[INFO] EVENT FINISHED : 1250
[INFO] DISTRIBUTING EVENT : 1257
[INFO] EVENT FINISHED : 1246
[INFO] DISTRIBUTING EVENT : 1258
[INFO] EVENT FINISHED : 1251
[INFO] DISTRIBUTING EVENT : 1259
[INFO] EVENT FINISHED : 1248
[INFO] DISTRIBUTING EVENT : 1260
[INFO] EVENT FINISHED : 1257
[INFO] DISTRIBUTING EVENT : 1261
[INFO] EVENT FINISHED : 1252
[INFO] DISTRIBUTING EVENT : 1262
[INFO] EVENT FINISHED : 1254
[INFO] DISTRIBUTING EVENT : 1263
[INFO] EVENT FINISHED : 1255
[INFO] DISTRIBUTING EVENT : 1264
[INFO] EVENT FINISHED : 1259
[INFO] DISTRIBUTING EVENT : 1265
[INFO] EVENT FINISHED : 1260
[INFO] DISTRIBUTING EVENT : 1266
[INFO] EVENT FINISHED : 1258
[INFO] DISTRIBUTING EVENT : 1267
[INFO] EVENT FINISHED : 1256
[INFO] DISTRIBUTING EVENT : 1268
[INFO] EVENT FINISHED : 1264
[INFO] DISTRIBUTING EVENT : 1269
[INFO] EVENT FINISHED : 1261
[INFO] DISTRIBUTING EVENT : 1270
[INFO] EVENT FINISHED : 1262
[INFO] DISTRIBUTING EVENT : 1271
[INFO] EVENT FINISHED : 1268
[INFO] DISTRIBUTING EVENT : 1272
[INFO] EVENT FINISHED : 1263
[INFO] DISTRIBUTING EVENT : 1273
[INFO] EVENT FINISHED : 1265
[INFO] DISTRIBUTING EVENT : 1274
[INFO] EVENT FINISHED : 1269
[INFO] DISTRIBUTING EVENT : 1275
[INFO] EVENT FINISHED : 1275
[INFO] DISTRIBUTING EVENT : 1276
[INFO] EVENT FINISHED : 1272
[INFO] DISTRIBUTING EVENT : 1277
[INFO] EVENT FINISHED : 1266
[INFO] DISTRIBUTING EVENT : 1278
[INFO] EVENT FINISHED : 1271
[INFO] DISTRIBUTING EVENT : 1279
[INFO] EVENT FINISHED : 1277
[INFO] DISTRIBUTING EVENT : 1280
[INFO] EVENT FINISHED : 1273
[INFO] DISTRIBUTING EVENT : 1281
[INFO] EVENT FINISHED : 1267
[INFO] DISTRIBUTING EVENT : 1282
[INFO] EVENT FINISHED : 1270
[INFO] DISTRIBUTING EVENT : 1283
[INFO] EVENT FINISHED : 1282
[INFO] DISTRIBUTING EVENT : 1284
[INFO] EVENT FINISHED : 1274
[INFO] DISTRIBUTING EVENT : 1285
[INFO] EVENT FINISHED : 1276
[INFO] DISTRIBUTING EVENT : 1286
[INFO] EVENT FINISHED : 1279
[INFO] DISTRIBUTING EVENT : 1287
[INFO] EVENT FINISHED : 1278
[INFO] DISTRIBUTING EVENT : 1288
[INFO] EVENT FINISHED : 1281
[INFO] DISTRIBUTING EVENT : 1289
[INFO] EVENT FINISHED : 1286
[INFO] DISTRIBUTING EVENT : 1290
[INFO] EVENT FINISHED : 1289
[INFO] DISTRIBUTING EVENT : 1291
[INFO] EVENT FINISHED : 1280
[INFO] DISTRIBUTING EVENT : 1292
[INFO] EVENT FINISHED : 1284
[INFO] DISTRIBUTING EVENT : 1293
[INFO] EVENT FINISHED : 1287
[INFO] DISTRIBUTING EVENT : 1294
[INFO] EVENT FINISHED : 1285
[INFO] DISTRIBUTING EVENT : 1295
[INFO] EVENT FINISHED : 1294
[INFO] DISTRIBUTING EVENT : 1296
[INFO] EVENT FINISHED : 1283
[INFO] DISTRIBUTING EVENT : 1297
[INFO] EVENT FINISHED : 1297
[INFO] DISTRIBUTING EVENT : 1298
[INFO] EVENT FINISHED : 1288
[INFO] DISTRIBUTING EVENT : 1299
[INFO] EVENT FINISHED : 1298
[INFO] DISTRIBUTING EVENT : 1300
[INFO] EVENT FINISHED : 1292
[INFO] DISTRIBUTING EVENT : 1301
[INFO] EVENT FINISHED : 1293
[INFO] DISTRIBUTING EVENT : 1302
[INFO] EVENT FINISHED : 1290
[INFO] DISTRIBUTING EVENT : 1303
[INFO] DISTRIBUTING EVENT : 1304
[INFO] EVENT FINISHED : 1300
[INFO] EVENT FINISHED : 1296
[INFO] DISTRIBUTING EVENT : 1305
[INFO] EVENT FINISHED : 1291
[INFO] DISTRIBUTING EVENT : 1306
[INFO] EVENT FINISHED : 1299
[INFO] DISTRIBUTING EVENT : 1307
[INFO] EVENT FINISHED : 1295
[INFO] DISTRIBUTING EVENT : 1308
[INFO] EVENT FINISHED : 1305
[INFO] DISTRIBUTING EVENT : 1309
[INFO] EVENT FINISHED : 1302
[INFO] DISTRIBUTING EVENT : 1310
[INFO] EVENT FINISHED : 1304
[INFO] DISTRIBUTING EVENT : 1311
[INFO] EVENT FINISHED : 1306
[INFO] DISTRIBUTING EVENT : 1312
[INFO] EVENT FINISHED : 1307
[INFO] DISTRIBUTING EVENT : 1313
[INFO] EVENT FINISHED : 1301
[INFO] DISTRIBUTING EVENT : 1314
[INFO] EVENT FINISHED : 1312
[INFO] DISTRIBUTING EVENT : 1315
[INFO] EVENT FINISHED : 1315
[INFO] DISTRIBUTING EVENT : 1316
[INFO] EVENT FINISHED : 1316
[INFO] DISTRIBUTING EVENT : 1317
[INFO] EVENT FINISHED : 1303
[INFO] DISTRIBUTING EVENT : 1318
[INFO] EVENT FINISHED : 1311
[INFO] DISTRIBUTING EVENT : 1319
[INFO] EVENT FINISHED : 1314
[INFO] EVENT FINISHED : 1308
[INFO] DISTRIBUTING EVENT : 1320
[INFO] DISTRIBUTING EVENT : 1321
[INFO] EVENT FINISHED : 1310
[INFO] DISTRIBUTING EVENT : 1322
[INFO] EVENT FINISHED : 1309
[INFO] DISTRIBUTING EVENT : 1323
[INFO] EVENT FINISHED : 1322
[INFO] DISTRIBUTING EVENT : 1324
[INFO] DISTRIBUTING EVENT : 1325
[INFO] EVENT FINISHED : 1324
[INFO] EVENT FINISHED : 1318
[INFO] DISTRIBUTING EVENT : 1326
[INFO] EVENT FINISHED : 1313
[INFO] DISTRIBUTING EVENT : 1327
[INFO] EVENT FINISHED : 1317
[INFO] DISTRIBUTING EVENT : 1328
[INFO] EVENT FINISHED : 1328
[INFO] DISTRIBUTING EVENT : 1329
[INFO] EVENT FINISHED : 1319
[INFO] DISTRIBUTING EVENT : 1330
[INFO] EVENT FINISHED : 1321
[INFO] DISTRIBUTING EVENT : 1331
[INFO] EVENT FINISHED : 1329
[INFO] DISTRIBUTING EVENT : 1332
[INFO] EVENT FINISHED : 1325
[INFO] DISTRIBUTING EVENT : 1333
[INFO] EVENT FINISHED : 1333
[INFO] DISTRIBUTING EVENT : 1334
[INFO] EVENT FINISHED : 1326
[INFO] DISTRIBUTING EVENT : 1335
[INFO] EVENT FINISHED : 1332
[INFO] DISTRIBUTING EVENT : 1336
[INFO] EVENT FINISHED : 1334
[INFO] DISTRIBUTING EVENT : 1337
[INFO] EVENT FINISHED : 1320
[INFO] DISTRIBUTING EVENT : 1338
[INFO] EVENT FINISHED : 1337
[INFO] DISTRIBUTING EVENT : 1339
[INFO] EVENT FINISHED : 1327
[INFO] DISTRIBUTING EVENT : 1340
[INFO] EVENT FINISHED : 1323
[INFO] DISTRIBUTING EVENT : 1341
[INFO] EVENT FINISHED : 1335
[INFO] DISTRIBUTING EVENT : 1342
[INFO] EVENT FINISHED : 1331
[INFO] DISTRIBUTING EVENT : 1343
[INFO] EVENT FINISHED : 1339
[INFO] DISTRIBUTING EVENT : 1344
[INFO] EVENT FINISHED : 1338
[INFO] DISTRIBUTING EVENT : 1345
[INFO] EVENT FINISHED : 1330
[INFO] DISTRIBUTING EVENT : 1346
[INFO] EVENT FINISHED : 1336
[INFO] EVENT FINISHED : 1340
[INFO] DISTRIBUTING EVENT : 1347
[INFO] DISTRIBUTING EVENT : 1348
[INFO] EVENT FINISHED : 1341
[INFO] DISTRIBUTING EVENT : 1349
[INFO] EVENT FINISHED : 1348
[INFO] DISTRIBUTING EVENT : 1350
[INFO] EVENT FINISHED : 1350
[INFO] DISTRIBUTING EVENT : 1351
[INFO] EVENT FINISHED : 1344
[INFO] DISTRIBUTING EVENT : 1352
[INFO] EVENT FINISHED : 1351
[INFO] DISTRIBUTING EVENT : 1353
[INFO] EVENT FINISHED : 1346
[INFO] DISTRIBUTING EVENT : 1354
[INFO] EVENT FINISHED : 1343
[INFO] DISTRIBUTING EVENT : 1355
[INFO] EVENT FINISHED : 1349
[INFO] DISTRIBUTING EVENT : 1356
[INFO] EVENT FINISHED : 1356
[INFO] DISTRIBUTING EVENT : 1357
[INFO] EVENT FINISHED : 1342
[INFO] DISTRIBUTING EVENT : 1358
[INFO] EVENT FINISHED : 1347
[INFO] DISTRIBUTING EVENT : 1359
[INFO] EVENT FINISHED : 1345
[INFO] DISTRIBUTING EVENT : 1360
[INFO] EVENT FINISHED : 1353
[INFO] DISTRIBUTING EVENT : 1361
[INFO] EVENT FINISHED : 1354
[INFO] DISTRIBUTING EVENT : 1362
[INFO] EVENT FINISHED : 1357
[INFO] DISTRIBUTING EVENT : 1363
[INFO] EVENT FINISHED : 1358
[INFO] DISTRIBUTING EVENT : 1364
[INFO] EVENT FINISHED : 1352
[INFO] DISTRIBUTING EVENT : 1365
[INFO] EVENT FINISHED : 1355
[INFO] DISTRIBUTING EVENT : 1366
[INFO] EVENT FINISHED : 1366
[INFO] DISTRIBUTING EVENT : 1367
[INFO] EVENT FINISHED : 1359
[INFO] DISTRIBUTING EVENT : 1368
[INFO] EVENT FINISHED : 1367
[INFO] DISTRIBUTING EVENT : 1369
[INFO] EVENT FINISHED : 1360
[INFO] DISTRIBUTING EVENT : 1370
[INFO] EVENT FINISHED : 1362
[INFO] DISTRIBUTING EVENT : 1371
[INFO] EVENT FINISHED : 1364
[INFO] DISTRIBUTING EVENT : 1372
[INFO] EVENT FINISHED : 1368
[INFO] DISTRIBUTING EVENT : 1373
[INFO] EVENT FINISHED : 1361
[INFO] DISTRIBUTING EVENT : 1374
[INFO] EVENT FINISHED : 1363
[INFO] DISTRIBUTING EVENT : 1375
[INFO] EVENT FINISHED : 1369
[INFO] DISTRIBUTING EVENT : 1376
[INFO] EVENT FINISHED : 1365
[INFO] DISTRIBUTING EVENT : 1377
[INFO] EVENT FINISHED : 1371
[INFO] DISTRIBUTING EVENT : 1378
[INFO] DISTRIBUTING EVENT : 1379
[INFO] EVENT FINISHED : 1372
[INFO] EVENT FINISHED : 1379
[INFO] DISTRIBUTING EVENT : 1380
[INFO] EVENT FINISHED : 1370
[INFO] DISTRIBUTING EVENT : 1381
[INFO] EVENT FINISHED : 1377
[INFO] DISTRIBUTING EVENT : 1382
[INFO] EVENT FINISHED : 1373
[INFO] DISTRIBUTING EVENT : 1383
[INFO] EVENT FINISHED : 1374
[INFO] DISTRIBUTING EVENT : 1384
[INFO] EVENT FINISHED : 1375
[INFO] DISTRIBUTING EVENT : 1385
[INFO] EVENT FINISHED : 1381
[INFO] DISTRIBUTING EVENT : 1386
[INFO] EVENT FINISHED : 1378
[INFO] DISTRIBUTING EVENT : 1387
[INFO] EVENT FINISHED : 1376
[INFO] DISTRIBUTING EVENT : 1388
[INFO] EVENT FINISHED : 1382
[INFO] DISTRIBUTING EVENT : 1389
[INFO] EVENT FINISHED : 1384
[INFO] DISTRIBUTING EVENT : 1390
[INFO] EVENT FINISHED : 1380
[INFO] DISTRIBUTING EVENT : 1391
[INFO] EVENT FINISHED : 1383
[INFO] DISTRIBUTING EVENT : 1392
[INFO] EVENT FINISHED : 1386
[INFO] DISTRIBUTING EVENT : 1393
[INFO] EVENT FINISHED : 1393
[INFO] DISTRIBUTING EVENT : 1394
[INFO] EVENT FINISHED : 1385
[INFO] DISTRIBUTING EVENT : 1395
[INFO] EVENT FINISHED : 1388
[INFO] DISTRIBUTING EVENT : 1396
[INFO] EVENT FINISHED : 1387
[INFO] DISTRIBUTING EVENT : 1397
[INFO] EVENT FINISHED : 1394
[INFO] DISTRIBUTING EVENT : 1398
[INFO] EVENT FINISHED : 1389
[INFO] DISTRIBUTING EVENT : 1399
[INFO] EVENT FINISHED : 1392
[INFO] DISTRIBUTING EVENT : 1400
[INFO] EVENT FINISHED : 1391
[INFO] DISTRIBUTING EVENT : 1401
[INFO] EVENT FINISHED : 1401
[INFO] DISTRIBUTING EVENT : 1402
[INFO] EVENT FINISHED : 1396
[INFO] DISTRIBUTING EVENT : 1403
[INFO] EVENT FINISHED : 1390
[INFO] DISTRIBUTING EVENT : 1404
[INFO] EVENT FINISHED : 1395
[INFO] DISTRIBUTING EVENT : 1405
[INFO] EVENT FINISHED : 1400
[INFO] DISTRIBUTING EVENT : 1406
[INFO] EVENT FINISHED : 1397
[INFO] DISTRIBUTING EVENT : 1407
[INFO] EVENT FINISHED : 1402
[INFO] DISTRIBUTING EVENT : 1408
[INFO] EVENT FINISHED : 1408
[INFO] DISTRIBUTING EVENT : 1409
[INFO] EVENT FINISHED : 1399
[INFO] DISTRIBUTING EVENT : 1410
[INFO] EVENT FINISHED : 1398
[INFO] DISTRIBUTING EVENT : 1411
[INFO] EVENT FINISHED : 1404
[INFO] DISTRIBUTING EVENT : 1412
[INFO] EVENT FINISHED : 1407
[INFO] DISTRIBUTING EVENT : 1413
[INFO] EVENT FINISHED : 1411
[INFO] DISTRIBUTING EVENT : 1414
[INFO] EVENT FINISHED : 1405
[INFO] DISTRIBUTING EVENT : 1415
[INFO] EVENT FINISHED : 1403
[INFO] DISTRIBUTING EVENT : 1416
[INFO] EVENT FINISHED : 1414
[INFO] DISTRIBUTING EVENT : 1417
[INFO] EVENT FINISHED : 1410
[INFO] DISTRIBUTING EVENT : 1418
[INFO] EVENT FINISHED : 1418
[INFO] DISTRIBUTING EVENT : 1419
[INFO] EVENT FINISHED : 1406
[INFO] DISTRIBUTING EVENT : 1420
[INFO] EVENT FINISHED : 1417
[INFO] DISTRIBUTING EVENT : 1421
[INFO] EVENT FINISHED : 1413
[INFO] DISTRIBUTING EVENT : 1422
[INFO] EVENT FINISHED : 1412
[INFO] DISTRIBUTING EVENT : 1423
[INFO] EVENT FINISHED : 1415
[INFO] DISTRIBUTING EVENT : 1424
[INFO] EVENT FINISHED : 1419
[INFO] DISTRIBUTING EVENT : 1425
[INFO] EVENT FINISHED : 1416
[INFO] DISTRIBUTING EVENT : 1426
[INFO] EVENT FINISHED : 1409
[INFO] DISTRIBUTING EVENT : 1427
[INFO] EVENT FINISHED : 1420
[INFO] DISTRIBUTING EVENT : 1428
[INFO] EVENT FINISHED : 1423
[INFO] DISTRIBUTING EVENT : 1429
[INFO] EVENT FINISHED : 1422
[INFO] DISTRIBUTING EVENT : 1430
[INFO] EVENT FINISHED : 1424
[INFO] DISTRIBUTING EVENT : 1431
[INFO] EVENT FINISHED : 1428
[INFO] DISTRIBUTING EVENT : 1432
[INFO] EVENT FINISHED : 1425
[INFO] DISTRIBUTING EVENT : 1433
[INFO] EVENT FINISHED : 1433
[INFO] DISTRIBUTING EVENT : 1434
[INFO] EVENT FINISHED : 1421
[INFO] DISTRIBUTING EVENT : 1435
[INFO] EVENT FINISHED : 1427
[INFO] DISTRIBUTING EVENT : 1436
[INFO] EVENT FINISHED : 1426
[INFO] DISTRIBUTING EVENT : 1437
[INFO] DISTRIBUTING EVENT : 1438
[INFO] EVENT FINISHED : 1436
[INFO] EVENT FINISHED : 1431
[INFO] DISTRIBUTING EVENT : 1439
[INFO] EVENT FINISHED : 1430
[INFO] DISTRIBUTING EVENT : 1440
[INFO] EVENT FINISHED : 1432
[INFO] DISTRIBUTING EVENT : 1441
[INFO] EVENT FINISHED : 1439
[INFO] DISTRIBUTING EVENT : 1442
[INFO] EVENT FINISHED : 1441
[INFO] DISTRIBUTING EVENT : 1443
[INFO] EVENT FINISHED : 1429
[INFO] DISTRIBUTING EVENT : 1444
[INFO] EVENT FINISHED : 1437
[INFO] DISTRIBUTING EVENT : 1445
[INFO] EVENT FINISHED : 1434
[INFO] DISTRIBUTING EVENT : 1446
[INFO] DISTRIBUTING EVENT : 1447
[INFO] EVENT FINISHED : 1442
[INFO] EVENT FINISHED : 1435
[INFO] DISTRIBUTING EVENT : 1448
[INFO] EVENT FINISHED : 1443
[INFO] DISTRIBUTING EVENT : 1449
[INFO] EVENT FINISHED : 1438
[INFO] DISTRIBUTING EVENT : 1450
[INFO] EVENT FINISHED : 1448
[INFO] DISTRIBUTING EVENT : 1451
[INFO] EVENT FINISHED : 1445
[INFO] DISTRIBUTING EVENT : 1452
[INFO] EVENT FINISHED : 1440
[INFO] DISTRIBUTING EVENT : 1453
[INFO] EVENT FINISHED : 1444
[INFO] DISTRIBUTING EVENT : 1454
[INFO] EVENT FINISHED : 1446
[INFO] DISTRIBUTING EVENT : 1455
[INFO] EVENT FINISHED : 1447
[INFO] DISTRIBUTING EVENT : 1456
[INFO] EVENT FINISHED : 1452
[INFO] DISTRIBUTING EVENT : 1457
[INFO] EVENT FINISHED : 1454
[INFO] DISTRIBUTING EVENT : 1458
[INFO] EVENT FINISHED : 1451
[INFO] DISTRIBUTING EVENT : 1459
[INFO] EVENT FINISHED : 1450
[INFO] DISTRIBUTING EVENT : 1460
[INFO] EVENT FINISHED : 1458
[INFO] DISTRIBUTING EVENT : 1461
[INFO] EVENT FINISHED : 1449
[INFO] DISTRIBUTING EVENT : 1462
[INFO] EVENT FINISHED : 1453
[INFO] DISTRIBUTING EVENT : 1463
[INFO] EVENT FINISHED : 1461
[INFO] DISTRIBUTING EVENT : 1464
[INFO] EVENT FINISHED : 1456
[INFO] DISTRIBUTING EVENT : 1465
[INFO] EVENT FINISHED : 1455
[INFO] DISTRIBUTING EVENT : 1466
[INFO] EVENT FINISHED : 1462
[INFO] DISTRIBUTING EVENT : 1467
[INFO] EVENT FINISHED : 1457
[INFO] DISTRIBUTING EVENT : 1468
[INFO] EVENT FINISHED : 1459
[INFO] DISTRIBUTING EVENT : 1469
[INFO] EVENT FINISHED : 1469
[INFO] DISTRIBUTING EVENT : 1470
[INFO] EVENT FINISHED : 1460
[INFO] DISTRIBUTING EVENT : 1471
[INFO] EVENT FINISHED : 1464
[INFO] DISTRIBUTING EVENT : 1472
[INFO] EVENT FINISHED : 1465
[INFO] DISTRIBUTING EVENT : 1473
[INFO] EVENT FINISHED : 1470
[INFO] DISTRIBUTING EVENT : 1474
[INFO] EVENT FINISHED : 1466
[INFO] DISTRIBUTING EVENT : 1475
[INFO] EVENT FINISHED : 1463
[INFO] DISTRIBUTING EVENT : 1476
[INFO] EVENT FINISHED : 1472
[INFO] DISTRIBUTING EVENT : 1477
[INFO] EVENT FINISHED : 1471
[INFO] DISTRIBUTING EVENT : 1478
[INFO] EVENT FINISHED : 1468
[INFO] DISTRIBUTING EVENT : 1479
[INFO] EVENT FINISHED : 1479
[INFO] DISTRIBUTING EVENT : 1480
[INFO] EVENT FINISHED : 1467
[INFO] DISTRIBUTING EVENT : 1481
[INFO] EVENT FINISHED : 1476
[INFO] DISTRIBUTING EVENT : 1482
[INFO] EVENT FINISHED : 1482
[INFO] DISTRIBUTING EVENT : 1483
[INFO] EVENT FINISHED : 1481
[INFO] DISTRIBUTING EVENT : 1484
[INFO] EVENT FINISHED : 1477
[INFO] DISTRIBUTING EVENT : 1485
[INFO] EVENT FINISHED : 1474
[INFO] DISTRIBUTING EVENT : 1486
[INFO] EVENT FINISHED : 1475
[INFO] DISTRIBUTING EVENT : 1487
[INFO] EVENT FINISHED : 1473
[INFO] DISTRIBUTING EVENT : 1488
[INFO] EVENT FINISHED : 1478
[INFO] DISTRIBUTING EVENT : 1489
[INFO] EVENT FINISHED : 1486
[INFO] DISTRIBUTING EVENT : 1490
[INFO] EVENT FINISHED : 1480
[INFO] DISTRIBUTING EVENT : 1491
[INFO] EVENT FINISHED : 1484
[INFO] DISTRIBUTING EVENT : 1492
[INFO] EVENT FINISHED : 1491
[INFO] DISTRIBUTING EVENT : 1493
[INFO] EVENT FINISHED : 1483
[INFO] DISTRIBUTING EVENT : 1494
[INFO] EVENT FINISHED : 1488
[INFO] DISTRIBUTING EVENT : 1495
[INFO] EVENT FINISHED : 1487
[INFO] DISTRIBUTING EVENT : 1496
[INFO] EVENT FINISHED : 1494
[INFO] DISTRIBUTING EVENT : 1497
[INFO] EVENT FINISHED : 1489
[INFO] DISTRIBUTING EVENT : 1498
[INFO] EVENT FINISHED : 1485
[INFO] DISTRIBUTING EVENT : 1499
[INFO] EVENT FINISHED : 1498
[INFO] DISTRIBUTING EVENT : 1500
[INFO] EVENT FINISHED : 1492
[INFO] DISTRIBUTING EVENT : 1501
[INFO] EVENT FINISHED : 1490
[INFO] DISTRIBUTING EVENT : 1502
[INFO] EVENT FINISHED : 1493
[INFO] DISTRIBUTING EVENT : 1503
[INFO] EVENT FINISHED : 1495
[INFO] DISTRIBUTING EVENT : 1504
[INFO] EVENT FINISHED : 1496
[INFO] DISTRIBUTING EVENT : 1505
[INFO] EVENT FINISHED : 1497
[INFO] DISTRIBUTING EVENT : 1506
[INFO] EVENT FINISHED : 1502
[INFO] DISTRIBUTING EVENT : 1507
[INFO] EVENT FINISHED : 1507
[INFO] DISTRIBUTING EVENT : 1508
[INFO] EVENT FINISHED : 1508
[INFO] DISTRIBUTING EVENT : 1509
[INFO] EVENT FINISHED : 1501
[INFO] DISTRIBUTING EVENT : 1510
[INFO] EVENT FINISHED : 1505
[INFO] DISTRIBUTING EVENT : 1511
[INFO] DISTRIBUTING EVENT : 1512
[INFO] EVENT FINISHED : 1499
[INFO] EVENT FINISHED : 1503
[INFO] EVENT FINISHED : 1506
[INFO] DISTRIBUTING EVENT : 1513
[INFO] DISTRIBUTING EVENT : 1514
[INFO] EVENT FINISHED : 1500
[INFO] DISTRIBUTING EVENT : 1515
[INFO] EVENT FINISHED : 1513
[INFO] DISTRIBUTING EVENT : 1516
[INFO] EVENT FINISHED : 1504
[INFO] DISTRIBUTING EVENT : 1517
[INFO] EVENT FINISHED : 1511
[INFO] DISTRIBUTING EVENT : 1518
[INFO] EVENT FINISHED : 1514
[INFO] DISTRIBUTING EVENT : 1519
[INFO] EVENT FINISHED : 1509
[INFO] DISTRIBUTING EVENT : 1520
[INFO] EVENT FINISHED : 1515
[INFO] DISTRIBUTING EVENT : 1521
[INFO] EVENT FINISHED : 1517
[INFO] DISTRIBUTING EVENT : 1522
[INFO] EVENT FINISHED : 1520
[INFO] DISTRIBUTING EVENT : 1523
[INFO] EVENT FINISHED : 1523
[INFO] DISTRIBUTING EVENT : 1524
[INFO] EVENT FINISHED : 1512
[INFO] DISTRIBUTING EVENT : 1525
[INFO] EVENT FINISHED : 1510
[INFO] DISTRIBUTING EVENT : 1526
[INFO] EVENT FINISHED : 1516
[INFO] DISTRIBUTING EVENT : 1527
[INFO] EVENT FINISHED : 1518
[INFO] DISTRIBUTING EVENT : 1528
[INFO] EVENT FINISHED : 1521
[INFO] DISTRIBUTING EVENT : 1529
[INFO] EVENT FINISHED : 1519
[INFO] DISTRIBUTING EVENT : 1530
[INFO] EVENT FINISHED : 1524
[INFO] DISTRIBUTING EVENT : 1531
[INFO] EVENT FINISHED : 1522
[INFO] DISTRIBUTING EVENT : 1532
[INFO] EVENT FINISHED : 1525
[INFO] DISTRIBUTING EVENT : 1533
[INFO] EVENT FINISHED : 1528
[INFO] DISTRIBUTING EVENT : 1534
[INFO] EVENT FINISHED : 1532
[INFO] DISTRIBUTING EVENT : 1535
[INFO] EVENT FINISHED : 1526
[INFO] DISTRIBUTING EVENT : 1536
[INFO] EVENT FINISHED : 1529
[INFO] DISTRIBUTING EVENT : 1537
[INFO] EVENT FINISHED : 1531
[INFO] DISTRIBUTING EVENT : 1538
[INFO] EVENT FINISHED : 1527
[INFO] DISTRIBUTING EVENT : 1539
[INFO] EVENT FINISHED : 1534
[INFO] DISTRIBUTING EVENT : 1540
[INFO] EVENT FINISHED : 1530
[INFO] DISTRIBUTING EVENT : 1541
[INFO] EVENT FINISHED : 1533
[INFO] DISTRIBUTING EVENT : 1542
[INFO] EVENT FINISHED : 1540
[INFO] DISTRIBUTING EVENT : 1543
[INFO] EVENT FINISHED : 1537
[INFO] DISTRIBUTING EVENT : 1544
[INFO] EVENT FINISHED : 1536
[INFO] DISTRIBUTING EVENT : 1545
[INFO] EVENT FINISHED : 1542
[INFO] DISTRIBUTING EVENT : 1546
[INFO] EVENT FINISHED : 1541
[INFO] DISTRIBUTING EVENT : 1547
[INFO] EVENT FINISHED : 1539
[INFO] DISTRIBUTING EVENT : 1548
[INFO] EVENT FINISHED : 1538
[INFO] DISTRIBUTING EVENT : 1549
[INFO] EVENT FINISHED : 1548
[INFO] DISTRIBUTING EVENT : 1550
[INFO] EVENT FINISHED : 1535
[INFO] DISTRIBUTING EVENT : 1551
[INFO] EVENT FINISHED : 1544
[INFO] DISTRIBUTING EVENT : 1552
[INFO] EVENT FINISHED : 1546
[INFO] DISTRIBUTING EVENT : 1553
[INFO] EVENT FINISHED : 1543
[INFO] DISTRIBUTING EVENT : 1554
[INFO] EVENT FINISHED : 1551
[INFO] DISTRIBUTING EVENT : 1555
[INFO] EVENT FINISHED : 1550
[INFO] DISTRIBUTING EVENT : 1556
[INFO] EVENT FINISHED : 1549
[INFO] DISTRIBUTING EVENT : 1557
[INFO] EVENT FINISHED : 1547
[INFO] DISTRIBUTING EVENT : 1558
[INFO] EVENT FINISHED : 1555
[INFO] DISTRIBUTING EVENT : 1559
[INFO] EVENT FINISHED : 1545
[INFO] DISTRIBUTING EVENT : 1560
[INFO] EVENT FINISHED : 1552
[INFO] DISTRIBUTING EVENT : 1561
[INFO] EVENT FINISHED : 1556
[INFO] DISTRIBUTING EVENT : 1562
[INFO] EVENT FINISHED : 1554
[INFO] DISTRIBUTING EVENT : 1563
[INFO] EVENT FINISHED : 1557
[INFO] DISTRIBUTING EVENT : 1564
[INFO] EVENT FINISHED : 1558
[INFO] DISTRIBUTING EVENT : 1565
[INFO] EVENT FINISHED : 1564
[INFO] DISTRIBUTING EVENT : 1566
[INFO] EVENT FINISHED : 1560
[INFO] DISTRIBUTING EVENT : 1567
[INFO] EVENT FINISHED : 1553
[INFO] DISTRIBUTING EVENT : 1568
[INFO] EVENT FINISHED : 1559
[INFO] DISTRIBUTING EVENT : 1569
[INFO] EVENT FINISHED : 1562
[INFO] DISTRIBUTING EVENT : 1570
[INFO] EVENT FINISHED : 1561
[INFO] DISTRIBUTING EVENT : 1571
[INFO] EVENT FINISHED : 1563
[INFO] DISTRIBUTING EVENT : 1572
[INFO] EVENT FINISHED : 1565
[INFO] DISTRIBUTING EVENT : 1573
[INFO] EVENT FINISHED : 1567
[INFO] DISTRIBUTING EVENT : 1574
[INFO] EVENT FINISHED : 1568
[INFO] DISTRIBUTING EVENT : 1575
[INFO] EVENT FINISHED : 1571
[INFO] DISTRIBUTING EVENT : 1576
[INFO] EVENT FINISHED : 1570
[INFO] DISTRIBUTING EVENT : 1577
[INFO] EVENT FINISHED : 1566
[INFO] DISTRIBUTING EVENT : 1578
[INFO] EVENT FINISHED : 1572
[INFO] DISTRIBUTING EVENT : 1579
[INFO] EVENT FINISHED : 1574
[INFO] DISTRIBUTING EVENT : 1580
[INFO] EVENT FINISHED : 1569
[INFO] DISTRIBUTING EVENT : 1581
[INFO] EVENT FINISHED : 1573
[INFO] DISTRIBUTING EVENT : 1582
[INFO] EVENT FINISHED : 1580
[INFO] DISTRIBUTING EVENT : 1583
[INFO] EVENT FINISHED : 1577
[INFO] DISTRIBUTING EVENT : 1584
[INFO] EVENT FINISHED : 1578
[INFO] DISTRIBUTING EVENT : 1585
[INFO] EVENT FINISHED : 1576
[INFO] DISTRIBUTING EVENT : 1586
[INFO] EVENT FINISHED : 1575
[INFO] DISTRIBUTING EVENT : 1587
[INFO] EVENT FINISHED : 1581
[INFO] DISTRIBUTING EVENT : 1588
[INFO] EVENT FINISHED : 1579
[INFO] DISTRIBUTING EVENT : 1589
[INFO] EVENT FINISHED : 1587
[INFO] DISTRIBUTING EVENT : 1590
[INFO] EVENT FINISHED : 1582
[INFO] DISTRIBUTING EVENT : 1591
[INFO] EVENT FINISHED : 1590
[INFO] DISTRIBUTING EVENT : 1592
[INFO] EVENT FINISHED : 1583
[INFO] DISTRIBUTING EVENT : 1593
[INFO] EVENT FINISHED : 1593
[INFO] DISTRIBUTING EVENT : 1594
[INFO] EVENT FINISHED : 1588
[INFO] DISTRIBUTING EVENT : 1595
[INFO] EVENT FINISHED : 1584
[INFO] DISTRIBUTING EVENT : 1596
[INFO] EVENT FINISHED : 1596
[INFO] DISTRIBUTING EVENT : 1597
[INFO] DISTRIBUTING EVENT : 1598
[INFO] EVENT FINISHED : 1589
[INFO] EVENT FINISHED : 1586
[INFO] DISTRIBUTING EVENT : 1599
[INFO] EVENT FINISHED : 1597
[INFO] DISTRIBUTING EVENT : 1600
[INFO] EVENT FINISHED : 1585
[INFO] DISTRIBUTING EVENT : 1601
[INFO] EVENT FINISHED : 1595
[INFO] DISTRIBUTING EVENT : 1602
[INFO] EVENT FINISHED : 1591
[INFO] DISTRIBUTING EVENT : 1603
[INFO] EVENT FINISHED : 1592
[INFO] DISTRIBUTING EVENT : 1604
[INFO] EVENT FINISHED : 1600
[INFO] DISTRIBUTING EVENT : 1605
[INFO] DISTRIBUTING EVENT : 1606
[INFO] EVENT FINISHED : 1605
[INFO] EVENT FINISHED : 1594
[INFO] DISTRIBUTING EVENT : 1607
[INFO] EVENT FINISHED : 1604
[INFO] DISTRIBUTING EVENT : 1608
[INFO] EVENT FINISHED : 1598
[INFO] DISTRIBUTING EVENT : 1609
[INFO] EVENT FINISHED : 1602
[INFO] DISTRIBUTING EVENT : 1610
[INFO] EVENT FINISHED : 1599
[INFO] DISTRIBUTING EVENT : 1611
[INFO] EVENT FINISHED : 1606
[INFO] DISTRIBUTING EVENT : 1612
[INFO] EVENT FINISHED : 1601
[INFO] DISTRIBUTING EVENT : 1613
[INFO] EVENT FINISHED : 1612
[INFO] DISTRIBUTING EVENT : 1614
[INFO] EVENT FINISHED : 1603
[INFO] DISTRIBUTING EVENT : 1615
[INFO] EVENT FINISHED : 1607
[INFO] DISTRIBUTING EVENT : 1616
[INFO] DISTRIBUTING EVENT : 1617
[INFO] EVENT FINISHED : 1610
[INFO] EVENT FINISHED : 1608
[INFO] DISTRIBUTING EVENT : 1618
[INFO] EVENT FINISHED : 1609
[INFO] DISTRIBUTING EVENT : 1619
[INFO] EVENT FINISHED : 1619
[INFO] DISTRIBUTING EVENT : 1620
[INFO] EVENT FINISHED : 1615
[INFO] DISTRIBUTING EVENT : 1621
[INFO] EVENT FINISHED : 1614
[INFO] DISTRIBUTING EVENT : 1622
[INFO] EVENT FINISHED : 1611
[INFO] DISTRIBUTING EVENT : 1623
[INFO] EVENT FINISHED : 1621
[INFO] DISTRIBUTING EVENT : 1624
[INFO] EVENT FINISHED : 1620
[INFO] DISTRIBUTING EVENT : 1625
[INFO] EVENT FINISHED : 1617
[INFO] DISTRIBUTING EVENT : 1626
[INFO] DISTRIBUTING EVENT : 1627
[INFO] EVENT FINISHED : 1618
[INFO] EVENT FINISHED : 1616
[INFO] DISTRIBUTING EVENT : 1628
[INFO] EVENT FINISHED : 1624
[INFO] DISTRIBUTING EVENT : 1629
[INFO] EVENT FINISHED : 1613
[INFO] DISTRIBUTING EVENT : 1630
[INFO] EVENT FINISHED : 1622
[INFO] DISTRIBUTING EVENT : 1631
[INFO] EVENT FINISHED : 1629
[INFO] DISTRIBUTING EVENT : 1632
[INFO] EVENT FINISHED : 1625
[INFO] DISTRIBUTING EVENT : 1633
[INFO] EVENT FINISHED : 1623
[INFO] DISTRIBUTING EVENT : 1634
[INFO] EVENT FINISHED : 1627
[INFO] DISTRIBUTING EVENT : 1635
[INFO] EVENT FINISHED : 1626
[INFO] DISTRIBUTING EVENT : 1636
[INFO] EVENT FINISHED : 1636
[INFO] DISTRIBUTING EVENT : 1637
[INFO] EVENT FINISHED : 1630
[INFO] DISTRIBUTING EVENT : 1638
[INFO] EVENT FINISHED : 1632
[INFO] DISTRIBUTING EVENT : 1639
[INFO] EVENT FINISHED : 1633
[INFO] DISTRIBUTING EVENT : 1640
[INFO] DISTRIBUTING EVENT : 1641
[INFO] EVENT FINISHED : 1640
[INFO] EVENT FINISHED : 1631
[INFO] EVENT FINISHED : 1628
[INFO] DISTRIBUTING EVENT : 1642
[INFO] DISTRIBUTING EVENT : 1643
[INFO] EVENT FINISHED : 1634
[INFO] DISTRIBUTING EVENT : 1644
[INFO] EVENT FINISHED : 1643
[INFO] DISTRIBUTING EVENT : 1645
[INFO] EVENT FINISHED : 1638
[INFO] DISTRIBUTING EVENT : 1646
[INFO] EVENT FINISHED : 1646
[INFO] DISTRIBUTING EVENT : 1647
[INFO] DISTRIBUTING EVENT : 1648
[INFO] EVENT FINISHED : 1635
[INFO] EVENT FINISHED : 1641
[INFO] DISTRIBUTING EVENT : 1649
[INFO] EVENT FINISHED : 1649
[INFO] DISTRIBUTING EVENT : 1650
[INFO] EVENT FINISHED : 1639
[INFO] DISTRIBUTING EVENT : 1651
[INFO] EVENT FINISHED : 1647
[INFO] DISTRIBUTING EVENT : 1652
[INFO] EVENT FINISHED : 1645
[INFO] DISTRIBUTING EVENT : 1653
[INFO] EVENT FINISHED : 1651
[INFO] DISTRIBUTING EVENT : 1654
[INFO] EVENT FINISHED : 1637
[INFO] DISTRIBUTING EVENT : 1655
[INFO] EVENT FINISHED : 1652
[INFO] DISTRIBUTING EVENT : 1656
[INFO] EVENT FINISHED : 1642
[INFO] DISTRIBUTING EVENT : 1657
[INFO] EVENT FINISHED : 1644
[INFO] DISTRIBUTING EVENT : 1658
[INFO] EVENT FINISHED : 1648
[INFO] DISTRIBUTING EVENT : 1659
[INFO] EVENT FINISHED : 1653
[INFO] DISTRIBUTING EVENT : 1660
[INFO] EVENT FINISHED : 1655
[INFO] DISTRIBUTING EVENT : 1661
[INFO] EVENT FINISHED : 1650
[INFO] DISTRIBUTING EVENT : 1662
[INFO] EVENT FINISHED : 1660
[INFO] DISTRIBUTING EVENT : 1663
[INFO] EVENT FINISHED : 1658
[INFO] DISTRIBUTING EVENT : 1664
[INFO] DISTRIBUTING EVENT : 1665
[INFO] EVENT FINISHED : 1664
[INFO] EVENT FINISHED : 1657
[INFO] DISTRIBUTING EVENT : 1666
[INFO] EVENT FINISHED : 1654
[INFO] DISTRIBUTING EVENT : 1667
[INFO] EVENT FINISHED : 1656
[INFO] DISTRIBUTING EVENT : 1668
[INFO] EVENT FINISHED : 1659
[INFO] DISTRIBUTING EVENT : 1669
[INFO] EVENT FINISHED : 1662
[INFO] DISTRIBUTING EVENT : 1670
[INFO] EVENT FINISHED : 1668
[INFO] DISTRIBUTING EVENT : 1671
[INFO] EVENT FINISHED : 1667
[INFO] DISTRIBUTING EVENT : 1672
[INFO] EVENT FINISHED : 1661
[INFO] DISTRIBUTING EVENT : 1673
[INFO] EVENT FINISHED : 1663
[INFO] DISTRIBUTING EVENT : 1674
[INFO] EVENT FINISHED : 1666
[INFO] DISTRIBUTING EVENT : 1675
[INFO] EVENT FINISHED : 1665
[INFO] DISTRIBUTING EVENT : 1676
[INFO] EVENT FINISHED : 1669
[INFO] DISTRIBUTING EVENT : 1677
[INFO] EVENT FINISHED : 1675
[INFO] DISTRIBUTING EVENT : 1678
[INFO] EVENT FINISHED : 1670
[INFO] DISTRIBUTING EVENT : 1679
[INFO] EVENT FINISHED : 1673
[INFO] DISTRIBUTING EVENT : 1680
[INFO] EVENT FINISHED : 1672
[INFO] DISTRIBUTING EVENT : 1681
[INFO] EVENT FINISHED : 1676
[INFO] DISTRIBUTING EVENT : 1682
[INFO] EVENT FINISHED : 1671
[INFO] DISTRIBUTING EVENT : 1683
[INFO] EVENT FINISHED : 1679
[INFO] DISTRIBUTING EVENT : 1684
[INFO] EVENT FINISHED : 1674
[INFO] DISTRIBUTING EVENT : 1685
[INFO] EVENT FINISHED : 1678
[INFO] DISTRIBUTING EVENT : 1686
[INFO] EVENT FINISHED : 1677
[INFO] DISTRIBUTING EVENT : 1687
[INFO] DISTRIBUTING EVENT : 1688
[INFO] EVENT FINISHED : 1686
[INFO] EVENT FINISHED : 1680
[INFO] DISTRIBUTING EVENT : 1689
[INFO] EVENT FINISHED : 1683
[INFO] DISTRIBUTING EVENT : 1690
[INFO] EVENT FINISHED : 1685
[INFO] DISTRIBUTING EVENT : 1691
[INFO] EVENT FINISHED : 1689
[INFO] DISTRIBUTING EVENT : 1692
[INFO] EVENT FINISHED : 1682
[INFO] DISTRIBUTING EVENT : 1693
[INFO] EVENT FINISHED : 1681
[INFO] DISTRIBUTING EVENT : 1694
[INFO] EVENT FINISHED : 1684
[INFO] DISTRIBUTING EVENT : 1695
[INFO] EVENT FINISHED : 1687
[INFO] DISTRIBUTING EVENT : 1696
[INFO] EVENT FINISHED : 1688
[INFO] DISTRIBUTING EVENT : 1697
[INFO] EVENT FINISHED : 1697
[INFO] DISTRIBUTING EVENT : 1698
[INFO] DISTRIBUTING EVENT : 1699
[INFO] EVENT FINISHED : 1698
[INFO] EVENT FINISHED : 1692
[INFO] DISTRIBUTING EVENT : 1700
[INFO] EVENT FINISHED : 1694
[INFO] DISTRIBUTING EVENT : 1701
[INFO] EVENT FINISHED : 1691
[INFO] DISTRIBUTING EVENT : 1702
[INFO] EVENT FINISHED : 1696
[INFO] DISTRIBUTING EVENT : 1703
[INFO] EVENT FINISHED : 1702
[INFO] DISTRIBUTING EVENT : 1704
[INFO] EVENT FINISHED : 1690
[INFO] DISTRIBUTING EVENT : 1705
[INFO] EVENT FINISHED : 1699
[INFO] DISTRIBUTING EVENT : 1706
[INFO] EVENT FINISHED : 1705
[INFO] DISTRIBUTING EVENT : 1707
[INFO] EVENT FINISHED : 1693
[INFO] DISTRIBUTING EVENT : 1708
[INFO] EVENT FINISHED : 1695
[INFO] DISTRIBUTING EVENT : 1709
[INFO] EVENT FINISHED : 1709
[INFO] DISTRIBUTING EVENT : 1710
[INFO] EVENT FINISHED : 1704
[INFO] DISTRIBUTING EVENT : 1711
[INFO] EVENT FINISHED : 1700
[INFO] DISTRIBUTING EVENT : 1712
[INFO] EVENT FINISHED : 1701
[INFO] DISTRIBUTING EVENT : 1713
[INFO] EVENT FINISHED : 1706
[INFO] DISTRIBUTING EVENT : 1714
[INFO] EVENT FINISHED : 1710
[INFO] DISTRIBUTING EVENT : 1715
[INFO] EVENT FINISHED : 1713
[INFO] DISTRIBUTING EVENT : 1716
[INFO] EVENT FINISHED : 1708
[INFO] DISTRIBUTING EVENT : 1717
[INFO] EVENT FINISHED : 1707
[INFO] EVENT FINISHED : 1717
[INFO] DISTRIBUTING EVENT : 1718
[INFO] DISTRIBUTING EVENT : 1719
[INFO] EVENT FINISHED : 1703
[INFO] DISTRIBUTING EVENT : 1720
[INFO] EVENT FINISHED : 1719
[INFO] DISTRIBUTING EVENT : 1721
[INFO] EVENT FINISHED : 1712
[INFO] DISTRIBUTING EVENT : 1722
[INFO] EVENT FINISHED : 1711
[INFO] DISTRIBUTING EVENT : 1723
[INFO] EVENT FINISHED : 1715
[INFO] DISTRIBUTING EVENT : 1724
[INFO] EVENT FINISHED : 1714
[INFO] DISTRIBUTING EVENT : 1725
[INFO] EVENT FINISHED : 1720
[INFO] DISTRIBUTING EVENT : 1726
[INFO] EVENT FINISHED : 1721
[INFO] DISTRIBUTING EVENT : 1727
[INFO] EVENT FINISHED : 1723
[INFO] DISTRIBUTING EVENT : 1728
[INFO] EVENT FINISHED : 1716
[INFO] DISTRIBUTING EVENT : 1729
[INFO] EVENT FINISHED : 1718
[INFO] DISTRIBUTING EVENT : 1730
[INFO] EVENT FINISHED : 1722
[INFO] DISTRIBUTING EVENT : 1731
[INFO] EVENT FINISHED : 1725
[INFO] DISTRIBUTING EVENT : 1732
[INFO] EVENT FINISHED : 1724
[INFO] DISTRIBUTING EVENT : 1733
[INFO] EVENT FINISHED : 1728
[INFO] DISTRIBUTING EVENT : 1734
[INFO] EVENT FINISHED : 1726
[INFO] DISTRIBUTING EVENT : 1735
[INFO] EVENT FINISHED : 1734
[INFO] DISTRIBUTING EVENT : 1736
[INFO] EVENT FINISHED : 1731
[INFO] DISTRIBUTING EVENT : 1737
[INFO] EVENT FINISHED : 1727
[INFO] DISTRIBUTING EVENT : 1738
[INFO] DISTRIBUTING EVENT : 1739
[INFO] EVENT FINISHED : 1729
[INFO] EVENT FINISHED : 1732
[INFO] DISTRIBUTING EVENT : 1740
[INFO] EVENT FINISHED : 1730
[INFO] DISTRIBUTING EVENT : 1741
[INFO] EVENT FINISHED : 1741
[INFO] DISTRIBUTING EVENT : 1742
[INFO] EVENT FINISHED : 1738
[INFO] DISTRIBUTING EVENT : 1743
[INFO] EVENT FINISHED : 1733
[INFO] DISTRIBUTING EVENT : 1744
[INFO] EVENT FINISHED : 1735
[INFO] DISTRIBUTING EVENT : 1745
[INFO] EVENT FINISHED : 1745
[INFO] DISTRIBUTING EVENT : 1746
[INFO] EVENT FINISHED : 1740
[INFO] DISTRIBUTING EVENT : 1747
[INFO] EVENT FINISHED : 1739
[INFO] DISTRIBUTING EVENT : 1748
[INFO] EVENT FINISHED : 1737
[INFO] DISTRIBUTING EVENT : 1749
[INFO] EVENT FINISHED : 1736
[INFO] DISTRIBUTING EVENT : 1750
[INFO] EVENT FINISHED : 1748
[INFO] DISTRIBUTING EVENT : 1751
[INFO] EVENT FINISHED : 1750
[INFO] DISTRIBUTING EVENT : 1752
[INFO] EVENT FINISHED : 1747
[INFO] DISTRIBUTING EVENT : 1753
[INFO] EVENT FINISHED : 1744
[INFO] DISTRIBUTING EVENT : 1754
[INFO] EVENT FINISHED : 1746
[INFO] DISTRIBUTING EVENT : 1755
[INFO] EVENT FINISHED : 1743
[INFO] DISTRIBUTING EVENT : 1756
[INFO] EVENT FINISHED : 1749
[INFO] DISTRIBUTING EVENT : 1757
[INFO] EVENT FINISHED : 1742
[INFO] DISTRIBUTING EVENT : 1758
[INFO] EVENT FINISHED : 1757
[INFO] DISTRIBUTING EVENT : 1759
[INFO] DISTRIBUTING EVENT : 1760
[INFO] EVENT FINISHED : 1752
[INFO] EVENT FINISHED : 1760
[INFO] DISTRIBUTING EVENT : 1761
[INFO] EVENT FINISHED : 1751
[INFO] DISTRIBUTING EVENT : 1762
[INFO] EVENT FINISHED : 1755
[INFO] DISTRIBUTING EVENT : 1763
[INFO] EVENT FINISHED : 1758
[INFO] DISTRIBUTING EVENT : 1764
[INFO] EVENT FINISHED : 1759
[INFO] DISTRIBUTING EVENT : 1765
[INFO] EVENT FINISHED : 1762
[INFO] DISTRIBUTING EVENT : 1766
[INFO] EVENT FINISHED : 1753
[INFO] DISTRIBUTING EVENT : 1767
[INFO] EVENT FINISHED : 1756
[INFO] DISTRIBUTING EVENT : 1768
[INFO] EVENT FINISHED : 1754
[INFO] DISTRIBUTING EVENT : 1769
[INFO] EVENT FINISHED : 1761
[INFO] DISTRIBUTING EVENT : 1770
[INFO] EVENT FINISHED : 1764
[INFO] DISTRIBUTING EVENT : 1771
[INFO] EVENT FINISHED : 1763
[INFO] DISTRIBUTING EVENT : 1772
[INFO] EVENT FINISHED : 1769
[INFO] DISTRIBUTING EVENT : 1773
[INFO] EVENT FINISHED : 1768
[INFO] DISTRIBUTING EVENT : 1774
[INFO] EVENT FINISHED : 1766
[INFO] DISTRIBUTING EVENT : 1775
[INFO] EVENT FINISHED : 1765
[INFO] DISTRIBUTING EVENT : 1776
[INFO] EVENT FINISHED : 1774
[INFO] DISTRIBUTING EVENT : 1777
[INFO] EVENT FINISHED : 1767
[INFO] DISTRIBUTING EVENT : 1778
[INFO] EVENT FINISHED : 1778
[INFO] DISTRIBUTING EVENT : 1779
[INFO] EVENT FINISHED : 1773
[INFO] DISTRIBUTING EVENT : 1780
[INFO] EVENT FINISHED : 1771
[INFO] DISTRIBUTING EVENT : 1781
[INFO] EVENT FINISHED : 1781
[INFO] DISTRIBUTING EVENT : 1782
[INFO] EVENT FINISHED : 1770
[INFO] DISTRIBUTING EVENT : 1783
[INFO] EVENT FINISHED : 1772
[INFO] DISTRIBUTING EVENT : 1784
[INFO] EVENT FINISHED : 1776
[INFO] DISTRIBUTING EVENT : 1785
[INFO] EVENT FINISHED : 1775
[INFO] DISTRIBUTING EVENT : 1786
[INFO] EVENT FINISHED : 1779
[INFO] DISTRIBUTING EVENT : 1787
[INFO] EVENT FINISHED : 1777
[INFO] DISTRIBUTING EVENT : 1788
[INFO] EVENT FINISHED : 1782
[INFO] DISTRIBUTING EVENT : 1789
[INFO] EVENT FINISHED : 1780
[INFO] DISTRIBUTING EVENT : 1790
[INFO] EVENT FINISHED : 1783
[INFO] DISTRIBUTING EVENT : 1791
[INFO] EVENT FINISHED : 1784
[INFO] DISTRIBUTING EVENT : 1792
[INFO] EVENT FINISHED : 1785
[INFO] DISTRIBUTING EVENT : 1793
[INFO] EVENT FINISHED : 1786
[INFO] DISTRIBUTING EVENT : 1794
[INFO] EVENT FINISHED : 1788
[INFO] DISTRIBUTING EVENT : 1795
[INFO] DISTRIBUTING EVENT : 1796
[INFO] EVENT FINISHED : 1795
[INFO] EVENT FINISHED : 1792
[INFO] DISTRIBUTING EVENT : 1797
[INFO] EVENT FINISHED : 1787
[INFO] DISTRIBUTING EVENT : 1798
[INFO] EVENT FINISHED : 1790
[INFO] DISTRIBUTING EVENT : 1799
[INFO] EVENT FINISHED : 1798
[INFO] DISTRIBUTING EVENT : 1800
[INFO] EVENT FINISHED : 1789
[INFO] DISTRIBUTING EVENT : 1801
[INFO] EVENT FINISHED : 1791
[INFO] DISTRIBUTING EVENT : 1802
[INFO] EVENT FINISHED : 1794
[INFO] DISTRIBUTING EVENT : 1803
[INFO] DISTRIBUTING EVENT : 1804
[INFO] EVENT FINISHED : 1793
[INFO] EVENT FINISHED : 1801
[INFO] DISTRIBUTING EVENT : 1805
[INFO] EVENT FINISHED : 1800
[INFO] DISTRIBUTING EVENT : 1806
[INFO] EVENT FINISHED : 1803
[INFO] DISTRIBUTING EVENT : 1807
[INFO] EVENT FINISHED : 1796
[INFO] DISTRIBUTING EVENT : 1808
[INFO] EVENT FINISHED : 1797
[INFO] DISTRIBUTING EVENT : 1809
[INFO] EVENT FINISHED : 1799
[INFO] DISTRIBUTING EVENT : 1810
[INFO] EVENT FINISHED : 1802
[INFO] DISTRIBUTING EVENT : 1811
[INFO] EVENT FINISHED : 1805
[INFO] DISTRIBUTING EVENT : 1812
[INFO] EVENT FINISHED : 1812
[INFO] DISTRIBUTING EVENT : 1813
[INFO] EVENT FINISHED : 1804
[INFO] DISTRIBUTING EVENT : 1814
[INFO] EVENT FINISHED : 1806
[INFO] DISTRIBUTING EVENT : 1815
[INFO] EVENT FINISHED : 1808
[INFO] DISTRIBUTING EVENT : 1816
[INFO] EVENT FINISHED : 1814
[INFO] DISTRIBUTING EVENT : 1817
[INFO] EVENT FINISHED : 1807
[INFO] DISTRIBUTING EVENT : 1818
[INFO] EVENT FINISHED : 1811
[INFO] DISTRIBUTING EVENT : 1819
[INFO] EVENT FINISHED : 1810
[INFO] DISTRIBUTING EVENT : 1820
[INFO] EVENT FINISHED : 1815
[INFO] DISTRIBUTING EVENT : 1821
[INFO] EVENT FINISHED : 1809
[INFO] DISTRIBUTING EVENT : 1822
[INFO] EVENT FINISHED : 1816
[INFO] DISTRIBUTING EVENT : 1823
[INFO] EVENT FINISHED : 1813
[INFO] DISTRIBUTING EVENT : 1824
[INFO] EVENT FINISHED : 1817
[INFO] DISTRIBUTING EVENT : 1825
[INFO] EVENT FINISHED : 1818
[INFO] DISTRIBUTING EVENT : 1826
[INFO] EVENT FINISHED : 1826
[INFO] DISTRIBUTING EVENT : 1827
[INFO] EVENT FINISHED : 1822
[INFO] DISTRIBUTING EVENT : 1828
[INFO] EVENT FINISHED : 1819
[INFO] DISTRIBUTING EVENT : 1829
[INFO] EVENT FINISHED : 1820
[INFO] DISTRIBUTING EVENT : 1830
[INFO] EVENT FINISHED : 1825
[INFO] DISTRIBUTING EVENT : 1831
[INFO] EVENT FINISHED : 1821
[INFO] DISTRIBUTING EVENT : 1832
[INFO] EVENT FINISHED : 1829
[INFO] DISTRIBUTING EVENT : 1833
[INFO] EVENT FINISHED : 1823
[INFO] DISTRIBUTING EVENT : 1834
[INFO] EVENT FINISHED : 1824
[INFO] DISTRIBUTING EVENT : 1835
[INFO] EVENT FINISHED : 1831
[INFO] DISTRIBUTING EVENT : 1836
[INFO] EVENT FINISHED : 1835
[INFO] DISTRIBUTING EVENT : 1837
[INFO] EVENT FINISHED : 1832
[INFO] DISTRIBUTING EVENT : 1838
[INFO] EVENT FINISHED : 1827
[INFO] DISTRIBUTING EVENT : 1839
[INFO] DISTRIBUTING EVENT : 1840
[INFO] EVENT FINISHED : 1836
[INFO] EVENT FINISHED : 1840
[INFO] DISTRIBUTING EVENT : 1841
[INFO] EVENT FINISHED : 1828
[INFO] DISTRIBUTING EVENT : 1842
[INFO] EVENT FINISHED : 1838
[INFO] DISTRIBUTING EVENT : 1843
[INFO] EVENT FINISHED : 1833
[INFO] DISTRIBUTING EVENT : 1844
[INFO] EVENT FINISHED : 1834
[INFO] DISTRIBUTING EVENT : 1845
[INFO] EVENT FINISHED : 1830
[INFO] DISTRIBUTING EVENT : 1846
[INFO] EVENT FINISHED : 1846
[INFO] DISTRIBUTING EVENT : 1847
[INFO] EVENT FINISHED : 1841
[INFO] DISTRIBUTING EVENT : 1848
[INFO] EVENT FINISHED : 1837
[INFO] DISTRIBUTING EVENT : 1849
[INFO] EVENT FINISHED : 1844
[INFO] DISTRIBUTING EVENT : 1850
[INFO] EVENT FINISHED : 1847
[INFO] DISTRIBUTING EVENT : 1851
[INFO] EVENT FINISHED : 1842
[INFO] DISTRIBUTING EVENT : 1852
[INFO] EVENT FINISHED : 1852
[INFO] DISTRIBUTING EVENT : 1853
[INFO] EVENT FINISHED : 1843
[INFO] DISTRIBUTING EVENT : 1854
[INFO] EVENT FINISHED : 1839
[INFO] DISTRIBUTING EVENT : 1855
[INFO] EVENT FINISHED : 1845
[INFO] DISTRIBUTING EVENT : 1856
[INFO] EVENT FINISHED : 1848
[INFO] EVENT FINISHED : 1849
[INFO] DISTRIBUTING EVENT : 1857
[INFO] DISTRIBUTING EVENT : 1858
[INFO] EVENT FINISHED : 1851
[INFO] DISTRIBUTING EVENT : 1859
[INFO] EVENT FINISHED : 1858
[INFO] DISTRIBUTING EVENT : 1860
[INFO] DISTRIBUTING EVENT : 1861
[INFO] EVENT FINISHED : 1856
[INFO] EVENT FINISHED : 1853
[INFO] DISTRIBUTING EVENT : 1862
[INFO] EVENT FINISHED : 1855
[INFO] DISTRIBUTING EVENT : 1863
[INFO] EVENT FINISHED : 1850
[INFO] DISTRIBUTING EVENT : 1864
[INFO] EVENT FINISHED : 1854
[INFO] DISTRIBUTING EVENT : 1865
[INFO] EVENT FINISHED : 1860
[INFO] DISTRIBUTING EVENT : 1866
[INFO] EVENT FINISHED : 1857
[INFO] DISTRIBUTING EVENT : 1867
[INFO] EVENT FINISHED : 1864
[INFO] DISTRIBUTING EVENT : 1868
[INFO] EVENT FINISHED : 1863
[INFO] DISTRIBUTING EVENT : 1869
[INFO] EVENT FINISHED : 1861
[INFO] DISTRIBUTING EVENT : 1870
[INFO] EVENT FINISHED : 1868
[INFO] DISTRIBUTING EVENT : 1871
[INFO] EVENT FINISHED : 1862
[INFO] DISTRIBUTING EVENT : 1872
[INFO] EVENT FINISHED : 1865
[INFO] DISTRIBUTING EVENT : 1873
[INFO] EVENT FINISHED : 1869
[INFO] DISTRIBUTING EVENT : 1874
[INFO] EVENT FINISHED : 1870
[INFO] DISTRIBUTING EVENT : 1875
[INFO] EVENT FINISHED : 1859
[INFO] DISTRIBUTING EVENT : 1876
[INFO] EVENT FINISHED : 1866
[INFO] DISTRIBUTING EVENT : 1877
[INFO] EVENT FINISHED : 1877
[INFO] DISTRIBUTING EVENT : 1878
[INFO] EVENT FINISHED : 1871
[INFO] DISTRIBUTING EVENT : 1879
[INFO] EVENT FINISHED : 1872
[INFO] DISTRIBUTING EVENT : 1880
[INFO] EVENT FINISHED : 1879
[INFO] DISTRIBUTING EVENT : 1881
[INFO] EVENT FINISHED : 1867
[INFO] DISTRIBUTING EVENT : 1882
[INFO] EVENT FINISHED : 1875
[INFO] DISTRIBUTING EVENT : 1883
[INFO] EVENT FINISHED : 1874
[INFO] DISTRIBUTING EVENT : 1884
[INFO] EVENT FINISHED : 1878
[INFO] DISTRIBUTING EVENT : 1885
[INFO] EVENT FINISHED : 1880
[INFO] DISTRIBUTING EVENT : 1886
[INFO] EVENT FINISHED : 1881
[INFO] DISTRIBUTING EVENT : 1887
[INFO] EVENT FINISHED : 1873
[INFO] DISTRIBUTING EVENT : 1888
[INFO] EVENT FINISHED : 1888
[INFO] DISTRIBUTING EVENT : 1889
[INFO] EVENT FINISHED : 1876
[INFO] DISTRIBUTING EVENT : 1890
[INFO] EVENT FINISHED : 1882
[INFO] DISTRIBUTING EVENT : 1891
[INFO] EVENT FINISHED : 1890
[INFO] DISTRIBUTING EVENT : 1892
[INFO] EVENT FINISHED : 1892
[INFO] DISTRIBUTING EVENT : 1893
[INFO] EVENT FINISHED : 1884
[INFO] DISTRIBUTING EVENT : 1894
[INFO] EVENT FINISHED : 1887
[INFO] DISTRIBUTING EVENT : 1895
[INFO] EVENT FINISHED : 1895
[INFO] DISTRIBUTING EVENT : 1896
[INFO] EVENT FINISHED : 1886
[INFO] DISTRIBUTING EVENT : 1897
[INFO] EVENT FINISHED : 1883
[INFO] DISTRIBUTING EVENT : 1898
[INFO] EVENT FINISHED : 1889
[INFO] DISTRIBUTING EVENT : 1899
[INFO] EVENT FINISHED : 1896
[INFO] DISTRIBUTING EVENT : 1900
[INFO] EVENT FINISHED : 1885
[INFO] DISTRIBUTING EVENT : 1901
[INFO] EVENT FINISHED : 1893
[INFO] DISTRIBUTING EVENT : 1902
[INFO] EVENT FINISHED : 1891
[INFO] DISTRIBUTING EVENT : 1903
[INFO] EVENT FINISHED : 1894
[INFO] DISTRIBUTING EVENT : 1904
[INFO] EVENT FINISHED : 1897
[INFO] DISTRIBUTING EVENT : 1905
[INFO] EVENT FINISHED : 1898
[INFO] DISTRIBUTING EVENT : 1906
[INFO] EVENT FINISHED : 1906
[INFO] DISTRIBUTING EVENT : 1907
[INFO] EVENT FINISHED : 1900
[INFO] DISTRIBUTING EVENT : 1908
[INFO] EVENT FINISHED : 1902
[INFO] DISTRIBUTING EVENT : 1909
[INFO] EVENT FINISHED : 1899
[INFO] DISTRIBUTING EVENT : 1910
[INFO] EVENT FINISHED : 1909
[INFO] DISTRIBUTING EVENT : 1911
[INFO] EVENT FINISHED : 1903
[INFO] DISTRIBUTING EVENT : 1912
[INFO] EVENT FINISHED : 1904
[INFO] DISTRIBUTING EVENT : 1913
[INFO] EVENT FINISHED : 1901
[INFO] DISTRIBUTING EVENT : 1914
[INFO] EVENT FINISHED : 1905
[INFO] DISTRIBUTING EVENT : 1915
[INFO] EVENT FINISHED : 1908
[INFO] DISTRIBUTING EVENT : 1916
[INFO] EVENT FINISHED : 1916
[INFO] DISTRIBUTING EVENT : 1917
[INFO] EVENT FINISHED : 1907
[INFO] DISTRIBUTING EVENT : 1918
[INFO] EVENT FINISHED : 1917
[INFO] DISTRIBUTING EVENT : 1919
[INFO] EVENT FINISHED : 1910
[INFO] DISTRIBUTING EVENT : 1920
[INFO] EVENT FINISHED : 1914
[INFO] DISTRIBUTING EVENT : 1921
[INFO] EVENT FINISHED : 1911
[INFO] DISTRIBUTING EVENT : 1922
[INFO] EVENT FINISHED : 1919
[INFO] DISTRIBUTING EVENT : 1923
[INFO] EVENT FINISHED : 1915
[INFO] DISTRIBUTING EVENT : 1924
[INFO] EVENT FINISHED : 1922
[INFO] DISTRIBUTING EVENT : 1925
[INFO] EVENT FINISHED : 1913
[INFO] DISTRIBUTING EVENT : 1926
[INFO] EVENT FINISHED : 1918
[INFO] DISTRIBUTING EVENT : 1927
[INFO] EVENT FINISHED : 1912
[INFO] DISTRIBUTING EVENT : 1928
[INFO] EVENT FINISHED : 1920
[INFO] DISTRIBUTING EVENT : 1929
[INFO] EVENT FINISHED : 1921
[INFO] DISTRIBUTING EVENT : 1930
[INFO] EVENT FINISHED : 1930
[INFO] DISTRIBUTING EVENT : 1931
[INFO] EVENT FINISHED : 1926
[INFO] DISTRIBUTING EVENT : 1932
[INFO] EVENT FINISHED : 1927
[INFO] DISTRIBUTING EVENT : 1933
[INFO] EVENT FINISHED : 1923
[INFO] DISTRIBUTING EVENT : 1934
[INFO] EVENT FINISHED : 1925
[INFO] DISTRIBUTING EVENT : 1935
[INFO] EVENT FINISHED : 1929
[INFO] DISTRIBUTING EVENT : 1936
[INFO] EVENT FINISHED : 1928
[INFO] DISTRIBUTING EVENT : 1937
[INFO] EVENT FINISHED : 1924
[INFO] DISTRIBUTING EVENT : 1938
[INFO] EVENT FINISHED : 1937
[INFO] DISTRIBUTING EVENT : 1939
[INFO] EVENT FINISHED : 1931
[INFO] DISTRIBUTING EVENT : 1940
[INFO] EVENT FINISHED : 1932
[INFO] DISTRIBUTING EVENT : 1941
[INFO] EVENT FINISHED : 1941
[INFO] DISTRIBUTING EVENT : 1942
[INFO] EVENT FINISHED : 1936
[INFO] DISTRIBUTING EVENT : 1943
[INFO] EVENT FINISHED : 1942
[INFO] DISTRIBUTING EVENT : 1944
[INFO] EVENT FINISHED : 1934
[INFO] DISTRIBUTING EVENT : 1945
[INFO] EVENT FINISHED : 1944
[INFO] DISTRIBUTING EVENT : 1946
[INFO] EVENT FINISHED : 1938
[INFO] DISTRIBUTING EVENT : 1947
[INFO] EVENT FINISHED : 1940
[INFO] DISTRIBUTING EVENT : 1948
[INFO] EVENT FINISHED : 1935
[INFO] DISTRIBUTING EVENT : 1949
[INFO] EVENT FINISHED : 1933
[INFO] DISTRIBUTING EVENT : 1950
[INFO] EVENT FINISHED : 1939
[INFO] DISTRIBUTING EVENT : 1951
[INFO] EVENT FINISHED : 1945
[INFO] DISTRIBUTING EVENT : 1952
[INFO] EVENT FINISHED : 1946
[INFO] DISTRIBUTING EVENT : 1953
[INFO] DISTRIBUTING EVENT : 1954
[INFO] EVENT FINISHED : 1943
[INFO] EVENT FINISHED : 1947
[INFO] DISTRIBUTING EVENT : 1955
[INFO] EVENT FINISHED : 1955
[INFO] DISTRIBUTING EVENT : 1956
[INFO] EVENT FINISHED : 1948
[INFO] DISTRIBUTING EVENT : 1957
[INFO] EVENT FINISHED : 1949
[INFO] DISTRIBUTING EVENT : 1958
[INFO] EVENT FINISHED : 1952
[INFO] DISTRIBUTING EVENT : 1959
[INFO] EVENT FINISHED : 1954
[INFO] DISTRIBUTING EVENT : 1960
[INFO] DISTRIBUTING EVENT : 1961
[INFO] EVENT FINISHED : 1951
[INFO] EVENT FINISHED : 1950
[INFO] DISTRIBUTING EVENT : 1962
[INFO] EVENT FINISHED : 1959
[INFO] DISTRIBUTING EVENT : 1963
[INFO] EVENT FINISHED : 1953
[INFO] DISTRIBUTING EVENT : 1964
[INFO] EVENT FINISHED : 1958
[INFO] DISTRIBUTING EVENT : 1965
[INFO] EVENT FINISHED : 1957
[INFO] DISTRIBUTING EVENT : 1966
[INFO] EVENT FINISHED : 1961
[INFO] DISTRIBUTING EVENT : 1967
[INFO] EVENT FINISHED : 1963
[INFO] DISTRIBUTING EVENT : 1968
[INFO] EVENT FINISHED : 1964
[INFO] DISTRIBUTING EVENT : 1969
[INFO] DISTRIBUTING EVENT : 1970
[INFO] EVENT FINISHED : 1956
[INFO] EVENT FINISHED : 1965
[INFO] DISTRIBUTING EVENT : 1971
[INFO] EVENT FINISHED : 1960
[INFO] DISTRIBUTING EVENT : 1972
[INFO] EVENT FINISHED : 1962
[INFO] DISTRIBUTING EVENT : 1973
[INFO] EVENT FINISHED : 1967
[INFO] DISTRIBUTING EVENT : 1974
[INFO] EVENT FINISHED : 1968
[INFO] DISTRIBUTING EVENT : 1975
[INFO] EVENT FINISHED : 1966
[INFO] DISTRIBUTING EVENT : 1976
[INFO] EVENT FINISHED : 1970
[INFO] EVENT FINISHED : 1971
[INFO] DISTRIBUTING EVENT : 1977
[INFO] DISTRIBUTING EVENT : 1978
[INFO] EVENT FINISHED : 1972
[INFO] DISTRIBUTING EVENT : 1979
[INFO] EVENT FINISHED : 1979
[INFO] DISTRIBUTING EVENT : 1980
[INFO] EVENT FINISHED : 1975
[INFO] DISTRIBUTING EVENT : 1981
[INFO] EVENT FINISHED : 1969
[INFO] DISTRIBUTING EVENT : 1982
[INFO] EVENT FINISHED : 1973
[INFO] DISTRIBUTING EVENT : 1983
[INFO] EVENT FINISHED : 1982
[INFO] DISTRIBUTING EVENT : 1984
[INFO] EVENT FINISHED : 1974
[INFO] DISTRIBUTING EVENT : 1985
[INFO] EVENT FINISHED : 1976
[INFO] DISTRIBUTING EVENT : 1986
[INFO] EVENT FINISHED : 1977
[INFO] DISTRIBUTING EVENT : 1987
[INFO] EVENT FINISHED : 1987
[INFO] DISTRIBUTING EVENT : 1988
[INFO] EVENT FINISHED : 1983
[INFO] DISTRIBUTING EVENT : 1989
[INFO] EVENT FINISHED : 1981
[INFO] DISTRIBUTING EVENT : 1990
[INFO] EVENT FINISHED : 1978
[INFO] DISTRIBUTING EVENT : 1991
[INFO] EVENT FINISHED : 1980
[INFO] DISTRIBUTING EVENT : 1992
[INFO] EVENT FINISHED : 1988
[INFO] DISTRIBUTING EVENT : 1993
[INFO] EVENT FINISHED : 1990
[INFO] DISTRIBUTING EVENT : 1994
[INFO] EVENT FINISHED : 1984
[INFO] DISTRIBUTING EVENT : 1995
[INFO] EVENT FINISHED : 1992
[INFO] DISTRIBUTING EVENT : 1996
[INFO] EVENT FINISHED : 1985
[INFO] DISTRIBUTING EVENT : 1997
[INFO] EVENT FINISHED : 1995
[INFO] DISTRIBUTING EVENT : 1998
[INFO] EVENT FINISHED : 1989
[INFO] DISTRIBUTING EVENT : 1999
[INFO] EVENT FINISHED : 1986
[INFO] DISTRIBUTING EVENT : 2000
[INFO] EVENT FINISHED : 1994
[INFO] DISTRIBUTING EVENT : 2001
[INFO] EVENT FINISHED : 2001
[INFO] DISTRIBUTING EVENT : 2002
[INFO] EVENT FINISHED : 1998
[INFO] DISTRIBUTING EVENT : 2003
[INFO] EVENT FINISHED : 1993
[INFO] DISTRIBUTING EVENT : 2004
[INFO] EVENT FINISHED : 2003
[INFO] DISTRIBUTING EVENT : 2005
[INFO] EVENT FINISHED : 1991
[INFO] DISTRIBUTING EVENT : 2006
[INFO] EVENT FINISHED : 1996
[INFO] DISTRIBUTING EVENT : 2007
[INFO] EVENT FINISHED : 1997
[INFO] DISTRIBUTING EVENT : 2008
[INFO] EVENT FINISHED : 1999
[INFO] DISTRIBUTING EVENT : 2009
[INFO] EVENT FINISHED : 2007
[INFO] DISTRIBUTING EVENT : 2010
[INFO] EVENT FINISHED : 2005
[INFO] DISTRIBUTING EVENT : 2011
[INFO] EVENT FINISHED : 2000
[INFO] DISTRIBUTING EVENT : 2012
[INFO] EVENT FINISHED : 2010
[INFO] DISTRIBUTING EVENT : 2013
[INFO] EVENT FINISHED : 2012
[INFO] DISTRIBUTING EVENT : 2014
[INFO] EVENT FINISHED : 2002
[INFO] DISTRIBUTING EVENT : 2015
[INFO] EVENT FINISHED : 2013
[INFO] DISTRIBUTING EVENT : 2016
[INFO] EVENT FINISHED : 2004
[INFO] DISTRIBUTING EVENT : 2017
[INFO] EVENT FINISHED : 2017
[INFO] DISTRIBUTING EVENT : 2018
[INFO] EVENT FINISHED : 2015
[INFO] DISTRIBUTING EVENT : 2019
[INFO] DISTRIBUTING EVENT : 2020
[INFO] EVENT FINISHED : 2018
[INFO] EVENT FINISHED : 2014
[INFO] DISTRIBUTING EVENT : 2021
[INFO] EVENT FINISHED : 2021
[INFO] DISTRIBUTING EVENT : 2022
[INFO] EVENT FINISHED : 2008
[INFO] DISTRIBUTING EVENT : 2023
[INFO] EVENT FINISHED : 2006
[INFO] DISTRIBUTING EVENT : 2024
[INFO] EVENT FINISHED : 2016
[INFO] DISTRIBUTING EVENT : 2025
[INFO] EVENT FINISHED : 2009
[INFO] DISTRIBUTING EVENT : 2026
[INFO] EVENT FINISHED : 2019
[INFO] DISTRIBUTING EVENT : 2027
[INFO] EVENT FINISHED : 2026
[INFO] DISTRIBUTING EVENT : 2028
[INFO] EVENT FINISHED : 2022
[INFO] DISTRIBUTING EVENT : 2029
[INFO] DISTRIBUTING EVENT : 2030
[INFO] EVENT FINISHED : 2011
[INFO] EVENT FINISHED : 2023
[INFO] DISTRIBUTING EVENT : 2031
[INFO] EVENT FINISHED : 2030
[INFO] DISTRIBUTING EVENT : 2032
[INFO] EVENT FINISHED : 2020
[INFO] DISTRIBUTING EVENT : 2033
[INFO] EVENT FINISHED : 2025
[INFO] DISTRIBUTING EVENT : 2034
[INFO] EVENT FINISHED : 2024
[INFO] DISTRIBUTING EVENT : 2035
[INFO] EVENT FINISHED : 2029
[INFO] DISTRIBUTING EVENT : 2036
[INFO] EVENT FINISHED : 2033
[INFO] DISTRIBUTING EVENT : 2037
[INFO] EVENT FINISHED : 2035
[INFO] DISTRIBUTING EVENT : 2038
[INFO] EVENT FINISHED : 2027
[INFO] DISTRIBUTING EVENT : 2039
[INFO] EVENT FINISHED : 2039
[INFO] DISTRIBUTING EVENT : 2040
[INFO] EVENT FINISHED : 2031
[INFO] DISTRIBUTING EVENT : 2041
[INFO] EVENT FINISHED : 2034
[INFO] DISTRIBUTING EVENT : 2042
[INFO] EVENT FINISHED : 2028
[INFO] DISTRIBUTING EVENT : 2043
[INFO] EVENT FINISHED : 2036
[INFO] DISTRIBUTING EVENT : 2044
[INFO] EVENT FINISHED : 2040
[INFO] DISTRIBUTING EVENT : 2045
[INFO] EVENT FINISHED : 2032
[INFO] DISTRIBUTING EVENT : 2046
[INFO] EVENT FINISHED : 2044
[INFO] DISTRIBUTING EVENT : 2047
[INFO] EVENT FINISHED : 2045
[INFO] DISTRIBUTING EVENT : 2048
[INFO] EVENT FINISHED : 2041
[INFO] DISTRIBUTING EVENT : 2049
[INFO] EVENT FINISHED : 2048
[INFO] DISTRIBUTING EVENT : 2050
[INFO] EVENT FINISHED : 2043
[INFO] DISTRIBUTING EVENT : 2051
[INFO] EVENT FINISHED : 2038
[INFO] DISTRIBUTING EVENT : 2052
[INFO] EVENT FINISHED : 2046
[INFO] DISTRIBUTING EVENT : 2053
[INFO] EVENT FINISHED : 2037
[INFO] DISTRIBUTING EVENT : 2054
[INFO] EVENT FINISHED : 2047
[INFO] DISTRIBUTING EVENT : 2055
[INFO] EVENT FINISHED : 2042
[INFO] DISTRIBUTING EVENT : 2056
[INFO] EVENT FINISHED : 2050
[INFO] DISTRIBUTING EVENT : 2057
[INFO] EVENT FINISHED : 2053
[INFO] DISTRIBUTING EVENT : 2058
[INFO] EVENT FINISHED : 2054
[INFO] DISTRIBUTING EVENT : 2059
[INFO] EVENT FINISHED : 2051
[INFO] DISTRIBUTING EVENT : 2060
[INFO] EVENT FINISHED : 2049
[INFO] DISTRIBUTING EVENT : 2061
[INFO] EVENT FINISHED : 2055
[INFO] DISTRIBUTING EVENT : 2062
[INFO] EVENT FINISHED : 2052
[INFO] DISTRIBUTING EVENT : 2063
[INFO] EVENT FINISHED : 2056
[INFO] DISTRIBUTING EVENT : 2064
[INFO] EVENT FINISHED : 2064
[INFO] DISTRIBUTING EVENT : 2065
[INFO] EVENT FINISHED : 2057
[INFO] DISTRIBUTING EVENT : 2066
[INFO] EVENT FINISHED : 2059
[INFO] DISTRIBUTING EVENT : 2067
[INFO] EVENT FINISHED : 2058
[INFO] DISTRIBUTING EVENT : 2068
[INFO] EVENT FINISHED : 2061
[INFO] DISTRIBUTING EVENT : 2069
[INFO] EVENT FINISHED : 2069
[INFO] DISTRIBUTING EVENT : 2070
[INFO] EVENT FINISHED : 2060
[INFO] DISTRIBUTING EVENT : 2071
[INFO] EVENT FINISHED : 2071
[INFO] DISTRIBUTING EVENT : 2072
[INFO] EVENT FINISHED : 2063
[INFO] DISTRIBUTING EVENT : 2073
[INFO] EVENT FINISHED : 2067
[INFO] DISTRIBUTING EVENT : 2074
[INFO] EVENT FINISHED : 2066
[INFO] DISTRIBUTING EVENT : 2075
[INFO] EVENT FINISHED : 2073
[INFO] DISTRIBUTING EVENT : 2076
[INFO] EVENT FINISHED : 2068
[INFO] DISTRIBUTING EVENT : 2077
[INFO] EVENT FINISHED : 2065
[INFO] DISTRIBUTING EVENT : 2078
[INFO] EVENT FINISHED : 2077
[INFO] DISTRIBUTING EVENT : 2079
[INFO] EVENT FINISHED : 2062
[INFO] DISTRIBUTING EVENT : 2080
[INFO] EVENT FINISHED : 2070
[INFO] DISTRIBUTING EVENT : 2081
[INFO] EVENT FINISHED : 2075
[INFO] DISTRIBUTING EVENT : 2082
[INFO] EVENT FINISHED : 2079
[INFO] DISTRIBUTING EVENT : 2083
[INFO] EVENT FINISHED : 2072
[INFO] DISTRIBUTING EVENT : 2084
[INFO] EVENT FINISHED : 2074
[INFO] DISTRIBUTING EVENT : 2085
[INFO] EVENT FINISHED : 2085
[INFO] DISTRIBUTING EVENT : 2086
[INFO] EVENT FINISHED : 2076
[INFO] DISTRIBUTING EVENT : 2087
[INFO] EVENT FINISHED : 2080
[INFO] DISTRIBUTING EVENT : 2088
[INFO] EVENT FINISHED : 2086
[INFO] DISTRIBUTING EVENT : 2089
[INFO] EVENT FINISHED : 2081
[INFO] DISTRIBUTING EVENT : 2090
[INFO] EVENT FINISHED : 2078
[INFO] DISTRIBUTING EVENT : 2091
[INFO] EVENT FINISHED : 2084
[INFO] DISTRIBUTING EVENT : 2092
[INFO] EVENT FINISHED : 2092
[INFO] DISTRIBUTING EVENT : 2093
[INFO] EVENT FINISHED : 2083
[INFO] DISTRIBUTING EVENT : 2094
[INFO] EVENT FINISHED : 2089
[INFO] DISTRIBUTING EVENT : 2095
[INFO] EVENT FINISHED : 2091
[INFO] DISTRIBUTING EVENT : 2096
[INFO] EVENT FINISHED : 2087
[INFO] DISTRIBUTING EVENT : 2097
[INFO] EVENT FINISHED : 2082
[INFO] DISTRIBUTING EVENT : 2098
[INFO] EVENT FINISHED : 2096
[INFO] DISTRIBUTING EVENT : 2099
[INFO] EVENT FINISHED : 2088
[INFO] DISTRIBUTING EVENT : 2100
[INFO] EVENT FINISHED : 2090
[INFO] DISTRIBUTING EVENT : 2101
[INFO] EVENT FINISHED : 2093
[INFO] DISTRIBUTING EVENT : 2102
[INFO] EVENT FINISHED : 2099
[INFO] DISTRIBUTING EVENT : 2103
[INFO] EVENT FINISHED : 2095
[INFO] DISTRIBUTING EVENT : 2104
[INFO] EVENT FINISHED : 2094
[INFO] DISTRIBUTING EVENT : 2105
[INFO] EVENT FINISHED : 2098
[INFO] DISTRIBUTING EVENT : 2106
[INFO] EVENT FINISHED : 2097
[INFO] DISTRIBUTING EVENT : 2107
[INFO] EVENT FINISHED : 2105
[INFO] DISTRIBUTING EVENT : 2108
[INFO] EVENT FINISHED : 2101
[INFO] DISTRIBUTING EVENT : 2109
[INFO] EVENT FINISHED : 2102
[INFO] DISTRIBUTING EVENT : 2110
[INFO] EVENT FINISHED : 2103
[INFO] DISTRIBUTING EVENT : 2111
[INFO] EVENT FINISHED : 2104
[INFO] DISTRIBUTING EVENT : 2112
[INFO] EVENT FINISHED : 2100
[INFO] DISTRIBUTING EVENT : 2113
[INFO] EVENT FINISHED : 2108
[INFO] DISTRIBUTING EVENT : 2114
[INFO] EVENT FINISHED : 2106
[INFO] DISTRIBUTING EVENT : 2115
[INFO] EVENT FINISHED : 2111
[INFO] DISTRIBUTING EVENT : 2116
[INFO] EVENT FINISHED : 2112
[INFO] DISTRIBUTING EVENT : 2117
[INFO] EVENT FINISHED : 2109
[INFO] DISTRIBUTING EVENT : 2118
[INFO] EVENT FINISHED : 2107
[INFO] DISTRIBUTING EVENT : 2119
[INFO] EVENT FINISHED : 2119
[INFO] DISTRIBUTING EVENT : 2120
[INFO] EVENT FINISHED : 2113
[INFO] DISTRIBUTING EVENT : 2121
[INFO] EVENT FINISHED : 2114
[INFO] DISTRIBUTING EVENT : 2122
[INFO] EVENT FINISHED : 2115
[INFO] DISTRIBUTING EVENT : 2123
[INFO] EVENT FINISHED : 2117
[INFO] DISTRIBUTING EVENT : 2124
[INFO] DISTRIBUTING EVENT : 2125
[INFO] EVENT FINISHED : 2124
[INFO] EVENT FINISHED : 2110
[INFO] DISTRIBUTING EVENT : 2126
[INFO] EVENT FINISHED : 2125
[INFO] DISTRIBUTING EVENT : 2127
[INFO] EVENT FINISHED : 2118
[INFO] DISTRIBUTING EVENT : 2128
[INFO] EVENT FINISHED : 2122
[INFO] DISTRIBUTING EVENT : 2129
[INFO] EVENT FINISHED : 2116
[INFO] DISTRIBUTING EVENT : 2130
[INFO] EVENT FINISHED : 2123
[INFO] DISTRIBUTING EVENT : 2131
[INFO] EVENT FINISHED : 2120
[INFO] DISTRIBUTING EVENT : 2132
[INFO] EVENT FINISHED : 2127
[INFO] DISTRIBUTING EVENT : 2133
[INFO] EVENT FINISHED : 2130
[INFO] DISTRIBUTING EVENT : 2134
[INFO] EVENT FINISHED : 2129
[INFO] DISTRIBUTING EVENT : 2135
[INFO] EVENT FINISHED : 2121
[INFO] DISTRIBUTING EVENT : 2136
[INFO] EVENT FINISHED : 2126
[INFO] DISTRIBUTING EVENT : 2137
[INFO] EVENT FINISHED : 2137
[INFO] DISTRIBUTING EVENT : 2138
[INFO] EVENT FINISHED : 2133
[INFO] DISTRIBUTING EVENT : 2139
[INFO] EVENT FINISHED : 2128
[INFO] DISTRIBUTING EVENT : 2140
[INFO] EVENT FINISHED : 2132
[INFO] DISTRIBUTING EVENT : 2141
[INFO] EVENT FINISHED : 2138
[INFO] DISTRIBUTING EVENT : 2142
[INFO] EVENT FINISHED : 2136
[INFO] DISTRIBUTING EVENT : 2143
[INFO] EVENT FINISHED : 2140
[INFO] DISTRIBUTING EVENT : 2144
[INFO] EVENT FINISHED : 2134
[INFO] DISTRIBUTING EVENT : 2145
[INFO] EVENT FINISHED : 2131
[INFO] DISTRIBUTING EVENT : 2146
[INFO] EVENT FINISHED : 2144
[INFO] DISTRIBUTING EVENT : 2147
[INFO] EVENT FINISHED : 2135
[INFO] DISTRIBUTING EVENT : 2148
[INFO] EVENT FINISHED : 2146
[INFO] DISTRIBUTING EVENT : 2149
[INFO] EVENT FINISHED : 2139
[INFO] DISTRIBUTING EVENT : 2150
[INFO] EVENT FINISHED : 2143
[INFO] DISTRIBUTING EVENT : 2151
[INFO] EVENT FINISHED : 2141
[INFO] DISTRIBUTING EVENT : 2152
[INFO] EVENT FINISHED : 2148
[INFO] DISTRIBUTING EVENT : 2153
[INFO] EVENT FINISHED : 2142
[INFO] DISTRIBUTING EVENT : 2154
[INFO] EVENT FINISHED : 2150
[INFO] DISTRIBUTING EVENT : 2155
[INFO] EVENT FINISHED : 2145
[INFO] DISTRIBUTING EVENT : 2156
[INFO] EVENT FINISHED : 2147
[INFO] DISTRIBUTING EVENT : 2157
[INFO] EVENT FINISHED : 2157
[INFO] DISTRIBUTING EVENT : 2158
[INFO] EVENT FINISHED : 2156
[INFO] DISTRIBUTING EVENT : 2159
[INFO] EVENT FINISHED : 2149
[INFO] DISTRIBUTING EVENT : 2160
[INFO] EVENT FINISHED : 2154
[INFO] DISTRIBUTING EVENT : 2161
[INFO] EVENT FINISHED : 2159
[INFO] DISTRIBUTING EVENT : 2162
[INFO] EVENT FINISHED : 2153
[INFO] DISTRIBUTING EVENT : 2163
[INFO] EVENT FINISHED : 2151
[INFO] DISTRIBUTING EVENT : 2164
[INFO] EVENT FINISHED : 2161
[INFO] DISTRIBUTING EVENT : 2165
[INFO] EVENT FINISHED : 2158
[INFO] DISTRIBUTING EVENT : 2166
[INFO] EVENT FINISHED : 2166
[INFO] DISTRIBUTING EVENT : 2167
[INFO] EVENT FINISHED : 2155
[INFO] DISTRIBUTING EVENT : 2168
[INFO] EVENT FINISHED : 2160
[INFO] DISTRIBUTING EVENT : 2169
[INFO] EVENT FINISHED : 2152
[INFO] DISTRIBUTING EVENT : 2170
[INFO] DISTRIBUTING EVENT : 2171
[INFO] EVENT FINISHED : 2170
[INFO] EVENT FINISHED : 2162
[INFO] DISTRIBUTING EVENT : 2172
[INFO] EVENT FINISHED : 2163
[INFO] DISTRIBUTING EVENT : 2173
[INFO] EVENT FINISHED : 2169
[INFO] DISTRIBUTING EVENT : 2174
[INFO] EVENT FINISHED : 2164
[INFO] DISTRIBUTING EVENT : 2175
[INFO] EVENT FINISHED : 2165
[INFO] DISTRIBUTING EVENT : 2176
[INFO] EVENT FINISHED : 2172
[INFO] DISTRIBUTING EVENT : 2177
[INFO] EVENT FINISHED : 2167
[INFO] DISTRIBUTING EVENT : 2178
[INFO] EVENT FINISHED : 2168
[INFO] DISTRIBUTING EVENT : 2179
[INFO] EVENT FINISHED : 2179
[INFO] DISTRIBUTING EVENT : 2180
[INFO] EVENT FINISHED : 2173
[INFO] DISTRIBUTING EVENT : 2181
[INFO] EVENT FINISHED : 2171
[INFO] DISTRIBUTING EVENT : 2182
[INFO] EVENT FINISHED : 2177
[INFO] DISTRIBUTING EVENT : 2183
[INFO] EVENT FINISHED : 2176
[INFO] DISTRIBUTING EVENT : 2184
[INFO] EVENT FINISHED : 2174
[INFO] DISTRIBUTING EVENT : 2185
[INFO] EVENT FINISHED : 2175
[INFO] DISTRIBUTING EVENT : 2186
[INFO] EVENT FINISHED : 2178
[INFO] DISTRIBUTING EVENT : 2187
[INFO] EVENT FINISHED : 2180
[INFO] DISTRIBUTING EVENT : 2188
[INFO] EVENT FINISHED : 2185
[INFO] DISTRIBUTING EVENT : 2189
[INFO] EVENT FINISHED : 2182
[INFO] DISTRIBUTING EVENT : 2190
[INFO] EVENT FINISHED : 2190
[INFO] DISTRIBUTING EVENT : 2191
[INFO] EVENT FINISHED : 2183
[INFO] DISTRIBUTING EVENT : 2192
[INFO] EVENT FINISHED : 2181
[INFO] DISTRIBUTING EVENT : 2193
[INFO] EVENT FINISHED : 2186
[INFO] DISTRIBUTING EVENT : 2194
[INFO] EVENT FINISHED : 2184
[INFO] DISTRIBUTING EVENT : 2195
[INFO] EVENT FINISHED : 2189
[INFO] DISTRIBUTING EVENT : 2196
[INFO] DISTRIBUTING EVENT : 2197
[INFO] EVENT FINISHED : 2187
[INFO] EVENT FINISHED : 2188
[INFO] DISTRIBUTING EVENT : 2198
[INFO] EVENT FINISHED : 2197
[INFO] DISTRIBUTING EVENT : 2199
[INFO] EVENT FINISHED : 2195
[INFO] DISTRIBUTING EVENT : 2200
[INFO] EVENT FINISHED : 2192
[INFO] DISTRIBUTING EVENT : 2201
[INFO] EVENT FINISHED : 2200
[INFO] DISTRIBUTING EVENT : 2202
[INFO] EVENT FINISHED : 2191
[INFO] DISTRIBUTING EVENT : 2203
[INFO] EVENT FINISHED : 2194
[INFO] DISTRIBUTING EVENT : 2204
[INFO] EVENT FINISHED : 2199
[INFO] DISTRIBUTING EVENT : 2205
[INFO] EVENT FINISHED : 2193
[INFO] DISTRIBUTING EVENT : 2206
[INFO] EVENT FINISHED : 2205
[INFO] DISTRIBUTING EVENT : 2207
[INFO] EVENT FINISHED : 2196
[INFO] DISTRIBUTING EVENT : 2208
[INFO] EVENT FINISHED : 2198
[INFO] DISTRIBUTING EVENT : 2209
[INFO] EVENT FINISHED : 2203
[INFO] DISTRIBUTING EVENT : 2210
[INFO] EVENT FINISHED : 2204
[INFO] DISTRIBUTING EVENT : 2211
[INFO] EVENT FINISHED : 2202
[INFO] DISTRIBUTING EVENT : 2212
[INFO] EVENT FINISHED : 2211
[INFO] DISTRIBUTING EVENT : 2213
[INFO] EVENT FINISHED : 2206
[INFO] DISTRIBUTING EVENT : 2214
[INFO] EVENT FINISHED : 2201
[INFO] DISTRIBUTING EVENT : 2215
[INFO] EVENT FINISHED : 2207
[INFO] DISTRIBUTING EVENT : 2216
[INFO] EVENT FINISHED : 2209
[INFO] DISTRIBUTING EVENT : 2217
[INFO] EVENT FINISHED : 2215
[INFO] DISTRIBUTING EVENT : 2218
[INFO] EVENT FINISHED : 2208
[INFO] DISTRIBUTING EVENT : 2219
[INFO] EVENT FINISHED : 2216
[INFO] DISTRIBUTING EVENT : 2220
[INFO] EVENT FINISHED : 2219
[INFO] DISTRIBUTING EVENT : 2221
[INFO] EVENT FINISHED : 2210
[INFO] DISTRIBUTING EVENT : 2222
[INFO] EVENT FINISHED : 2212
[INFO] DISTRIBUTING EVENT : 2223
[INFO] EVENT FINISHED : 2214
[INFO] DISTRIBUTING EVENT : 2224
[INFO] EVENT FINISHED : 2217
[INFO] DISTRIBUTING EVENT : 2225
[INFO] EVENT FINISHED : 2223
[INFO] DISTRIBUTING EVENT : 2226
[INFO] EVENT FINISHED : 2213
[INFO] DISTRIBUTING EVENT : 2227
[INFO] EVENT FINISHED : 2227
[INFO] DISTRIBUTING EVENT : 2228
[INFO] EVENT FINISHED : 2218
[INFO] DISTRIBUTING EVENT : 2229
[INFO] EVENT FINISHED : 2221
[INFO] DISTRIBUTING EVENT : 2230
[INFO] EVENT FINISHED : 2229
[INFO] DISTRIBUTING EVENT : 2231
[INFO] EVENT FINISHED : 2226
[INFO] DISTRIBUTING EVENT : 2232
[INFO] EVENT FINISHED : 2220
[INFO] DISTRIBUTING EVENT : 2233
[INFO] EVENT FINISHED : 2231
[INFO] DISTRIBUTING EVENT : 2234
[INFO] EVENT FINISHED : 2228
[INFO] DISTRIBUTING EVENT : 2235
[INFO] EVENT FINISHED : 2222
[INFO] DISTRIBUTING EVENT : 2236
[INFO] EVENT FINISHED : 2224
[INFO] DISTRIBUTING EVENT : 2237
[INFO] EVENT FINISHED : 2234
[INFO] DISTRIBUTING EVENT : 2238
[INFO] EVENT FINISHED : 2238
[INFO] DISTRIBUTING EVENT : 2239
[INFO] EVENT FINISHED : 2233
[INFO] DISTRIBUTING EVENT : 2240
[INFO] EVENT FINISHED : 2225
[INFO] DISTRIBUTING EVENT : 2241
[INFO] EVENT FINISHED : 2239
[INFO] DISTRIBUTING EVENT : 2242
[INFO] EVENT FINISHED : 2232
[INFO] DISTRIBUTING EVENT : 2243
[INFO] EVENT FINISHED : 2230
[INFO] DISTRIBUTING EVENT : 2244
[INFO] EVENT FINISHED : 2235
[INFO] DISTRIBUTING EVENT : 2245
[INFO] EVENT FINISHED : 2245
[INFO] DISTRIBUTING EVENT : 2246
[INFO] EVENT FINISHED : 2242
[INFO] DISTRIBUTING EVENT : 2247
[INFO] DISTRIBUTING EVENT : 2248
[INFO] EVENT FINISHED : 2237
[INFO] EVENT FINISHED : 2236
[INFO] DISTRIBUTING EVENT : 2249
[INFO] EVENT FINISHED : 2244
[INFO] DISTRIBUTING EVENT : 2250
[INFO] EVENT FINISHED : 2240
[INFO] DISTRIBUTING EVENT : 2251
[INFO] EVENT FINISHED : 2241
[INFO] DISTRIBUTING EVENT : 2252
[INFO] EVENT FINISHED : 2247
[INFO] DISTRIBUTING EVENT : 2253
[INFO] EVENT FINISHED : 2246
[INFO] DISTRIBUTING EVENT : 2254
[INFO] EVENT FINISHED : 2243
[INFO] DISTRIBUTING EVENT : 2255
[INFO] EVENT FINISHED : 2250
[INFO] DISTRIBUTING EVENT : 2256
[INFO] EVENT FINISHED : 2249
[INFO] DISTRIBUTING EVENT : 2257
[INFO] EVENT FINISHED : 2251
[INFO] DISTRIBUTING EVENT : 2258
[INFO] EVENT FINISHED : 2257
[INFO] DISTRIBUTING EVENT : 2259
[INFO] EVENT FINISHED : 2253
[INFO] DISTRIBUTING EVENT : 2260
[INFO] EVENT FINISHED : 2259
[INFO] DISTRIBUTING EVENT : 2261
[INFO] EVENT FINISHED : 2252
[INFO] DISTRIBUTING EVENT : 2262
[INFO] EVENT FINISHED : 2254
[INFO] DISTRIBUTING EVENT : 2263
[INFO] EVENT FINISHED : 2248
[INFO] DISTRIBUTING EVENT : 2264
[INFO] EVENT FINISHED : 2255
[INFO] DISTRIBUTING EVENT : 2265
[INFO] EVENT FINISHED : 2265
[INFO] DISTRIBUTING EVENT : 2266
[INFO] EVENT FINISHED : 2258
[INFO] DISTRIBUTING EVENT : 2267
[INFO] EVENT FINISHED : 2260
[INFO] DISTRIBUTING EVENT : 2268
[INFO] EVENT FINISHED : 2267
[INFO] DISTRIBUTING EVENT : 2269
[INFO] EVENT FINISHED : 2269
[INFO] DISTRIBUTING EVENT : 2270
[INFO] EVENT FINISHED : 2256
[INFO] DISTRIBUTING EVENT : 2271
[INFO] EVENT FINISHED : 2271
[INFO] DISTRIBUTING EVENT : 2272
[INFO] EVENT FINISHED : 2263
[INFO] DISTRIBUTING EVENT : 2273
[INFO] EVENT FINISHED : 2264
[INFO] DISTRIBUTING EVENT : 2274
[INFO] EVENT FINISHED : 2266
[INFO] DISTRIBUTING EVENT : 2275
[INFO] EVENT FINISHED : 2261
[INFO] DISTRIBUTING EVENT : 2276
[INFO] EVENT FINISHED : 2275
[INFO] DISTRIBUTING EVENT : 2277
[INFO] EVENT FINISHED : 2262
[INFO] DISTRIBUTING EVENT : 2278
[INFO] EVENT FINISHED : 2273
[INFO] DISTRIBUTING EVENT : 2279
[INFO] EVENT FINISHED : 2268
[INFO] DISTRIBUTING EVENT : 2280
[INFO] EVENT FINISHED : 2280
[INFO] DISTRIBUTING EVENT : 2281
[INFO] EVENT FINISHED : 2270
[INFO] DISTRIBUTING EVENT : 2282
[INFO] EVENT FINISHED : 2277
[INFO] DISTRIBUTING EVENT : 2283
[INFO] DISTRIBUTING EVENT : 2284
[INFO] EVENT FINISHED : 2279
[INFO] EVENT FINISHED : 2278
[INFO] DISTRIBUTING EVENT : 2285
[INFO] EVENT FINISHED : 2276
[INFO] DISTRIBUTING EVENT : 2286
[INFO] EVENT FINISHED : 2272
[INFO] DISTRIBUTING EVENT : 2287
[INFO] EVENT FINISHED : 2274
[INFO] DISTRIBUTING EVENT : 2288
[INFO] EVENT FINISHED : 2282
[INFO] DISTRIBUTING EVENT : 2289
[INFO] EVENT FINISHED : 2283
[INFO] DISTRIBUTING EVENT : 2290
[INFO] EVENT FINISHED : 2281
[INFO] DISTRIBUTING EVENT : 2291
[INFO] EVENT FINISHED : 2284
[INFO] DISTRIBUTING EVENT : 2292
[INFO] EVENT FINISHED : 2287
[INFO] DISTRIBUTING EVENT : 2293
[INFO] EVENT FINISHED : 2292
[INFO] DISTRIBUTING EVENT : 2294
[INFO] EVENT FINISHED : 2286
[INFO] DISTRIBUTING EVENT : 2295
[INFO] EVENT FINISHED : 2285
[INFO] DISTRIBUTING EVENT : 2296
[INFO] EVENT FINISHED : 2288
[INFO] DISTRIBUTING EVENT : 2297
[INFO] EVENT FINISHED : 2291
[INFO] DISTRIBUTING EVENT : 2298
[INFO] EVENT FINISHED : 2289
[INFO] DISTRIBUTING EVENT : 2299
[INFO] EVENT FINISHED : 2290
[INFO] DISTRIBUTING EVENT : 2300
[INFO] EVENT FINISHED : 2293
[INFO] DISTRIBUTING EVENT : 2301
[INFO] EVENT FINISHED : 2294
[INFO] DISTRIBUTING EVENT : 2302
[INFO] EVENT FINISHED : 2300
[INFO] DISTRIBUTING EVENT : 2303
[INFO] EVENT FINISHED : 2303
[INFO] DISTRIBUTING EVENT : 2304
[INFO] EVENT FINISHED : 2295
[INFO] DISTRIBUTING EVENT : 2305
[INFO] EVENT FINISHED : 2297
[INFO] DISTRIBUTING EVENT : 2306
[INFO] EVENT FINISHED : 2298
[INFO] DISTRIBUTING EVENT : 2307
[INFO] EVENT FINISHED : 2296
[INFO] DISTRIBUTING EVENT : 2308
[INFO] EVENT FINISHED : 2302
[INFO] DISTRIBUTING EVENT : 2309
[INFO] EVENT FINISHED : 2299
[INFO] DISTRIBUTING EVENT : 2310
[INFO] EVENT FINISHED : 2310
[INFO] DISTRIBUTING EVENT : 2311
[INFO] DISTRIBUTING EVENT : 2312
[INFO] EVENT FINISHED : 2311
[INFO] EVENT FINISHED : 2301
[INFO] DISTRIBUTING EVENT : 2313
[INFO] EVENT FINISHED : 2305
[INFO] DISTRIBUTING EVENT : 2314
[INFO] EVENT FINISHED : 2313
[INFO] DISTRIBUTING EVENT : 2315
[INFO] EVENT FINISHED : 2308
[INFO] DISTRIBUTING EVENT : 2316
[INFO] EVENT FINISHED : 2304
[INFO] DISTRIBUTING EVENT : 2317
[INFO] EVENT FINISHED : 2309
[INFO] DISTRIBUTING EVENT : 2318
[INFO] EVENT FINISHED : 2306
[INFO] DISTRIBUTING EVENT : 2319
[INFO] EVENT FINISHED : 2312
[INFO] DISTRIBUTING EVENT : 2320
[INFO] EVENT FINISHED : 2318
[INFO] DISTRIBUTING EVENT : 2321
[INFO] EVENT FINISHED : 2307
[INFO] DISTRIBUTING EVENT : 2322
[INFO] EVENT FINISHED : 2322
[INFO] DISTRIBUTING EVENT : 2323
[INFO] EVENT FINISHED : 2317
[INFO] DISTRIBUTING EVENT : 2324
[INFO] EVENT FINISHED : 2314
[INFO] DISTRIBUTING EVENT : 2325
[INFO] DISTRIBUTING EVENT : 2326
[INFO] EVENT FINISHED : 2325
[INFO] EVENT FINISHED : 2316
[INFO] DISTRIBUTING EVENT : 2327
[INFO] EVENT FINISHED : 2315
[INFO] DISTRIBUTING EVENT : 2328
[INFO] EVENT FINISHED : 2321
[INFO] DISTRIBUTING EVENT : 2329
[INFO] EVENT FINISHED : 2326
[INFO] DISTRIBUTING EVENT : 2330
[INFO] EVENT FINISHED : 2319
[INFO] DISTRIBUTING EVENT : 2331
[INFO] EVENT FINISHED : 2327
[INFO] DISTRIBUTING EVENT : 2332
[INFO] EVENT FINISHED : 2323
[INFO] DISTRIBUTING EVENT : 2333
[INFO] EVENT FINISHED : 2320
[INFO] DISTRIBUTING EVENT : 2334
[INFO] EVENT FINISHED : 2328
[INFO] DISTRIBUTING EVENT : 2335
[INFO] EVENT FINISHED : 2324
[INFO] DISTRIBUTING EVENT : 2336
[INFO] EVENT FINISHED : 2331
[INFO] DISTRIBUTING EVENT : 2337
[INFO] EVENT FINISHED : 2329
[INFO] DISTRIBUTING EVENT : 2338
[INFO] EVENT FINISHED : 2336
[INFO] DISTRIBUTING EVENT : 2339
[INFO] DISTRIBUTING EVENT : 2340
[INFO] EVENT FINISHED : 2333
[INFO] EVENT FINISHED : 2332
[INFO] DISTRIBUTING EVENT : 2341
[INFO] EVENT FINISHED : 2339
[INFO] DISTRIBUTING EVENT : 2342
[INFO] EVENT FINISHED : 2330
[INFO] DISTRIBUTING EVENT : 2343
[INFO] EVENT FINISHED : 2335
[INFO] DISTRIBUTING EVENT : 2344
[INFO] EVENT FINISHED : 2334
[INFO] DISTRIBUTING EVENT : 2345
[INFO] EVENT FINISHED : 2337
[INFO] DISTRIBUTING EVENT : 2346
[INFO] EVENT FINISHED : 2338
[INFO] DISTRIBUTING EVENT : 2347
[INFO] EVENT FINISHED : 2343
[INFO] DISTRIBUTING EVENT : 2348
[INFO] EVENT FINISHED : 2345
[INFO] DISTRIBUTING EVENT : 2349
[INFO] EVENT FINISHED : 2348
[INFO] DISTRIBUTING EVENT : 2350
[INFO] EVENT FINISHED : 2341
[INFO] DISTRIBUTING EVENT : 2351
[INFO] EVENT FINISHED : 2340
[INFO] DISTRIBUTING EVENT : 2352
[INFO] EVENT FINISHED : 2346
[INFO] DISTRIBUTING EVENT : 2353
[INFO] EVENT FINISHED : 2344
[INFO] DISTRIBUTING EVENT : 2354
[INFO] EVENT FINISHED : 2342
[INFO] DISTRIBUTING EVENT : 2355
[INFO] EVENT FINISHED : 2354
[INFO] DISTRIBUTING EVENT : 2356
[INFO] EVENT FINISHED : 2351
[INFO] DISTRIBUTING EVENT : 2357
[INFO] EVENT FINISHED : 2347
[INFO] DISTRIBUTING EVENT : 2358
[INFO] EVENT FINISHED : 2355
[INFO] DISTRIBUTING EVENT : 2359
[INFO] EVENT FINISHED : 2352
[INFO] DISTRIBUTING EVENT : 2360
[INFO] EVENT FINISHED : 2356
[INFO] DISTRIBUTING EVENT : 2361
[INFO] EVENT FINISHED : 2350
[INFO] DISTRIBUTING EVENT : 2362
[INFO] EVENT FINISHED : 2353
[INFO] DISTRIBUTING EVENT : 2363
[INFO] EVENT FINISHED : 2358
[INFO] DISTRIBUTING EVENT : 2364
[INFO] DISTRIBUTING EVENT : 2365
[INFO] EVENT FINISHED : 2349
[INFO] EVENT FINISHED : 2364
[INFO] DISTRIBUTING EVENT : 2366
[INFO] EVENT FINISHED : 2357
[INFO] DISTRIBUTING EVENT : 2367
[INFO] EVENT FINISHED : 2365
[INFO] DISTRIBUTING EVENT : 2368
[INFO] EVENT FINISHED : 2363
[INFO] DISTRIBUTING EVENT : 2369
[INFO] EVENT FINISHED : 2360
[INFO] DISTRIBUTING EVENT : 2370
[INFO] EVENT FINISHED : 2367
[INFO] DISTRIBUTING EVENT : 2371
[INFO] EVENT FINISHED : 2371
[INFO] DISTRIBUTING EVENT : 2372
[INFO] EVENT FINISHED : 2359
[INFO] DISTRIBUTING EVENT : 2373
[INFO] EVENT FINISHED : 2361
[INFO] DISTRIBUTING EVENT : 2374
[INFO] EVENT FINISHED : 2366
[INFO] DISTRIBUTING EVENT : 2375
[INFO] EVENT FINISHED : 2362
[INFO] DISTRIBUTING EVENT : 2376
[INFO] EVENT FINISHED : 2373
[INFO] DISTRIBUTING EVENT : 2377
[INFO] EVENT FINISHED : 2369
[INFO] DISTRIBUTING EVENT : 2378
[INFO] EVENT FINISHED : 2372
[INFO] DISTRIBUTING EVENT : 2379
[INFO] EVENT FINISHED : 2378
[INFO] DISTRIBUTING EVENT : 2380
[INFO] EVENT FINISHED : 2368
[INFO] DISTRIBUTING EVENT : 2381
[INFO] EVENT FINISHED : 2370
[INFO] DISTRIBUTING EVENT : 2382
[INFO] EVENT FINISHED : 2374
[INFO] DISTRIBUTING EVENT : 2383
[INFO] EVENT FINISHED : 2375
[INFO] DISTRIBUTING EVENT : 2384
[INFO] EVENT FINISHED : 2376
[INFO] DISTRIBUTING EVENT : 2385
[INFO] EVENT FINISHED : 2379
[INFO] DISTRIBUTING EVENT : 2386
[INFO] EVENT FINISHED : 2377
[INFO] DISTRIBUTING EVENT : 2387
[INFO] EVENT FINISHED : 2380
[INFO] DISTRIBUTING EVENT : 2388
[INFO] DISTRIBUTING EVENT : 2389
[INFO] EVENT FINISHED : 2381
[INFO] EVENT FINISHED : 2382
[INFO] DISTRIBUTING EVENT : 2390
[INFO] EVENT FINISHED : 2384
[INFO] DISTRIBUTING EVENT : 2391
[INFO] EVENT FINISHED : 2387
[INFO] DISTRIBUTING EVENT : 2392
[INFO] EVENT FINISHED : 2383
[INFO] DISTRIBUTING EVENT : 2393
[INFO] EVENT FINISHED : 2390
[INFO] DISTRIBUTING EVENT : 2394
[INFO] EVENT FINISHED : 2388
[INFO] DISTRIBUTING EVENT : 2395
[INFO] EVENT FINISHED : 2385
[INFO] DISTRIBUTING EVENT : 2396
[INFO] EVENT FINISHED : 2395
[INFO] DISTRIBUTING EVENT : 2397
[INFO] EVENT FINISHED : 2391
[INFO] DISTRIBUTING EVENT : 2398
[INFO] DISTRIBUTING EVENT : 2399
[INFO] EVENT FINISHED : 2386
[INFO] EVENT FINISHED : 2389
[INFO] DISTRIBUTING EVENT : 2400
[INFO] EVENT FINISHED : 2393
[INFO] DISTRIBUTING EVENT : 2401
[INFO] EVENT FINISHED : 2400
[INFO] DISTRIBUTING EVENT : 2402
[INFO] EVENT FINISHED : 2392
[INFO] DISTRIBUTING EVENT : 2403
[INFO] EVENT FINISHED : 2398
[INFO] DISTRIBUTING EVENT : 2404
[INFO] EVENT FINISHED : 2397
[INFO] DISTRIBUTING EVENT : 2405
[INFO] EVENT FINISHED : 2394
[INFO] DISTRIBUTING EVENT : 2406
[INFO] EVENT FINISHED : 2396
[INFO] DISTRIBUTING EVENT : 2407
[INFO] EVENT FINISHED : 2401
[INFO] DISTRIBUTING EVENT : 2408
[INFO] EVENT FINISHED : 2403
[INFO] DISTRIBUTING EVENT : 2409
[INFO] EVENT FINISHED : 2402
[INFO] DISTRIBUTING EVENT : 2410
[INFO] EVENT FINISHED : 2399
[INFO] DISTRIBUTING EVENT : 2411
[INFO] EVENT FINISHED : 2404
[INFO] DISTRIBUTING EVENT : 2412
[INFO] EVENT FINISHED : 2405
[INFO] DISTRIBUTING EVENT : 2413
[INFO] EVENT FINISHED : 2408
[INFO] DISTRIBUTING EVENT : 2414
[INFO] EVENT FINISHED : 2412
[INFO] DISTRIBUTING EVENT : 2415
[INFO] EVENT FINISHED : 2406
[INFO] DISTRIBUTING EVENT : 2416
[INFO] EVENT FINISHED : 2410
[INFO] DISTRIBUTING EVENT : 2417
[INFO] EVENT FINISHED : 2417
[INFO] DISTRIBUTING EVENT : 2418
[INFO] EVENT FINISHED : 2407
[INFO] DISTRIBUTING EVENT : 2419
[INFO] EVENT FINISHED : 2409
[INFO] DISTRIBUTING EVENT : 2420
[INFO] EVENT FINISHED : 2413
[INFO] DISTRIBUTING EVENT : 2421
[INFO] EVENT FINISHED : 2411
[INFO] DISTRIBUTING EVENT : 2422
[INFO] EVENT FINISHED : 2418
[INFO] DISTRIBUTING EVENT : 2423
[INFO] EVENT FINISHED : 2414
[INFO] DISTRIBUTING EVENT : 2424
[INFO] EVENT FINISHED : 2415
[INFO] DISTRIBUTING EVENT : 2425
[INFO] EVENT FINISHED : 2419
[INFO] DISTRIBUTING EVENT : 2426
[INFO] EVENT FINISHED : 2416
[INFO] DISTRIBUTING EVENT : 2427
[INFO] EVENT FINISHED : 2421
[INFO] DISTRIBUTING EVENT : 2428
[INFO] EVENT FINISHED : 2420
[INFO] DISTRIBUTING EVENT : 2429
[INFO] EVENT FINISHED : 2424
[INFO] DISTRIBUTING EVENT : 2430
[INFO] EVENT FINISHED : 2425
[INFO] DISTRIBUTING EVENT : 2431
[INFO] EVENT FINISHED : 2426
[INFO] DISTRIBUTING EVENT : 2432
[INFO] EVENT FINISHED : 2422
[INFO] DISTRIBUTING EVENT : 2433
[INFO] EVENT FINISHED : 2427
[INFO] DISTRIBUTING EVENT : 2434
[INFO] EVENT FINISHED : 2433
[INFO] DISTRIBUTING EVENT : 2435
[INFO] EVENT FINISHED : 2423
[INFO] DISTRIBUTING EVENT : 2436
[INFO] EVENT FINISHED : 2430
[INFO] DISTRIBUTING EVENT : 2437
[INFO] EVENT FINISHED : 2428
[INFO] DISTRIBUTING EVENT : 2438
[INFO] EVENT FINISHED : 2431
[INFO] DISTRIBUTING EVENT : 2439
[INFO] EVENT FINISHED : 2429
[INFO] DISTRIBUTING EVENT : 2440
[INFO] EVENT FINISHED : 2435
[INFO] DISTRIBUTING EVENT : 2441
[INFO] EVENT FINISHED : 2437
[INFO] DISTRIBUTING EVENT : 2442
[INFO] EVENT FINISHED : 2439
[INFO] DISTRIBUTING EVENT : 2443
[INFO] EVENT FINISHED : 2443
[INFO] DISTRIBUTING EVENT : 2444
[INFO] EVENT FINISHED : 2438
[INFO] DISTRIBUTING EVENT : 2445
[INFO] EVENT FINISHED : 2436
[INFO] DISTRIBUTING EVENT : 2446
[INFO] EVENT FINISHED : 2432
[INFO] DISTRIBUTING EVENT : 2447
[INFO] EVENT FINISHED : 2442
[INFO] DISTRIBUTING EVENT : 2448
[INFO] EVENT FINISHED : 2448
[INFO] DISTRIBUTING EVENT : 2449
[INFO] EVENT FINISHED : 2440
[INFO] DISTRIBUTING EVENT : 2450
[INFO] EVENT FINISHED : 2441
[INFO] DISTRIBUTING EVENT : 2451
[INFO] EVENT FINISHED : 2434
[INFO] DISTRIBUTING EVENT : 2452
[INFO] EVENT FINISHED : 2450
[INFO] DISTRIBUTING EVENT : 2453
[INFO] EVENT FINISHED : 2444
[INFO] DISTRIBUTING EVENT : 2454
[INFO] EVENT FINISHED : 2451
[INFO] DISTRIBUTING EVENT : 2455
[INFO] EVENT FINISHED : 2445
[INFO] DISTRIBUTING EVENT : 2456
[INFO] EVENT FINISHED : 2446
[INFO] DISTRIBUTING EVENT : 2457
[INFO] EVENT FINISHED : 2452
[INFO] DISTRIBUTING EVENT : 2458
[INFO] EVENT FINISHED : 2454
[INFO] DISTRIBUTING EVENT : 2459
[INFO] EVENT FINISHED : 2456
[INFO] DISTRIBUTING EVENT : 2460
[INFO] EVENT FINISHED : 2447
[INFO] DISTRIBUTING EVENT : 2461
[INFO] EVENT FINISHED : 2453
[INFO] DISTRIBUTING EVENT : 2462
[INFO] EVENT FINISHED : 2461
[INFO] DISTRIBUTING EVENT : 2463
[INFO] EVENT FINISHED : 2449
[INFO] DISTRIBUTING EVENT : 2464
[INFO] EVENT FINISHED : 2462
[INFO] DISTRIBUTING EVENT : 2465
[INFO] EVENT FINISHED : 2455
[INFO] DISTRIBUTING EVENT : 2466
[INFO] EVENT FINISHED : 2466
[INFO] DISTRIBUTING EVENT : 2467
[INFO] EVENT FINISHED : 2457
[INFO] DISTRIBUTING EVENT : 2468
[INFO] EVENT FINISHED : 2465
[INFO] DISTRIBUTING EVENT : 2469
[INFO] DISTRIBUTING EVENT : 2470
[INFO] EVENT FINISHED : 2469
[INFO] EVENT FINISHED : 2459
[INFO] DISTRIBUTING EVENT : 2471
[INFO] EVENT FINISHED : 2463
[INFO] DISTRIBUTING EVENT : 2472
[INFO] EVENT FINISHED : 2470
[INFO] DISTRIBUTING EVENT : 2473
[INFO] EVENT FINISHED : 2458
[INFO] DISTRIBUTING EVENT : 2474
[INFO] EVENT FINISHED : 2464
[INFO] DISTRIBUTING EVENT : 2475
[INFO] EVENT FINISHED : 2475
[INFO] DISTRIBUTING EVENT : 2476
[INFO] EVENT FINISHED : 2474
[INFO] DISTRIBUTING EVENT : 2477
[INFO] EVENT FINISHED : 2460
[INFO] DISTRIBUTING EVENT : 2478
[INFO] EVENT FINISHED : 2473
[INFO] DISTRIBUTING EVENT : 2479
[INFO] EVENT FINISHED : 2472
[INFO] DISTRIBUTING EVENT : 2480
[INFO] EVENT FINISHED : 2468
[INFO] DISTRIBUTING EVENT : 2481
[INFO] EVENT FINISHED : 2471
[INFO] DISTRIBUTING EVENT : 2482
[INFO] EVENT FINISHED : 2482
[INFO] DISTRIBUTING EVENT : 2483
[INFO] EVENT FINISHED : 2481
[INFO] DISTRIBUTING EVENT : 2484
[INFO] EVENT FINISHED : 2478
[INFO] DISTRIBUTING EVENT : 2485
[INFO] EVENT FINISHED : 2479
[INFO] DISTRIBUTING EVENT : 2486
[INFO] EVENT FINISHED : 2467
[INFO] DISTRIBUTING EVENT : 2487
[INFO] EVENT FINISHED : 2476
[INFO] DISTRIBUTING EVENT : 2488
[INFO] EVENT FINISHED : 2477
[INFO] DISTRIBUTING EVENT : 2489
[INFO] EVENT FINISHED : 2484
[INFO] DISTRIBUTING EVENT : 2490
[INFO] DISTRIBUTING EVENT : 2491
[INFO] EVENT FINISHED : 2490
[INFO] EVENT FINISHED : 2480
[INFO] DISTRIBUTING EVENT : 2492
[INFO] EVENT FINISHED : 2491
[INFO] DISTRIBUTING EVENT : 2493
[INFO] EVENT FINISHED : 2483
[INFO] DISTRIBUTING EVENT : 2494
[INFO] EVENT FINISHED : 2489
[INFO] DISTRIBUTING EVENT : 2495
[INFO] EVENT FINISHED : 2485
[INFO] DISTRIBUTING EVENT : 2496
[INFO] EVENT FINISHED : 2488
[INFO] DISTRIBUTING EVENT : 2497
[INFO] EVENT FINISHED : 2495
[INFO] DISTRIBUTING EVENT : 2498
[INFO] EVENT FINISHED : 2486
[INFO] DISTRIBUTING EVENT : 2499
[INFO] EVENT FINISHED : 2494
[INFO] DISTRIBUTING EVENT : 2500
[INFO] EVENT FINISHED : 2498
[INFO] DISTRIBUTING EVENT : 2501
[INFO] EVENT FINISHED : 2492
[INFO] DISTRIBUTING EVENT : 2502
[INFO] EVENT FINISHED : 2487
[INFO] DISTRIBUTING EVENT : 2503
[INFO] EVENT FINISHED : 2493
[INFO] DISTRIBUTING EVENT : 2504
[INFO] EVENT FINISHED : 2502
[INFO] DISTRIBUTING EVENT : 2505
[INFO] EVENT FINISHED : 2496
[INFO] DISTRIBUTING EVENT : 2506
[INFO] EVENT FINISHED : 2500
[INFO] DISTRIBUTING EVENT : 2507
[INFO] EVENT FINISHED : 2497
[INFO] DISTRIBUTING EVENT : 2508
[INFO] EVENT FINISHED : 2508
[INFO] DISTRIBUTING EVENT : 2509
[INFO] EVENT FINISHED : 2499
[INFO] DISTRIBUTING EVENT : 2510
[INFO] EVENT FINISHED : 2510
[INFO] DISTRIBUTING EVENT : 2511
[INFO] EVENT FINISHED : 2501
[INFO] DISTRIBUTING EVENT : 2512
[INFO] EVENT FINISHED : 2506
[INFO] DISTRIBUTING EVENT : 2513
[INFO] EVENT FINISHED : 2504
[INFO] DISTRIBUTING EVENT : 2514
[INFO] EVENT FINISHED : 2505
[INFO] DISTRIBUTING EVENT : 2515
[INFO] EVENT FINISHED : 2503
[INFO] DISTRIBUTING EVENT : 2516
[INFO] EVENT FINISHED : 2507
[INFO] DISTRIBUTING EVENT : 2517
[INFO] EVENT FINISHED : 2512
[INFO] DISTRIBUTING EVENT : 2518
[INFO] EVENT FINISHED : 2509
[INFO] DISTRIBUTING EVENT : 2519
[INFO] EVENT FINISHED : 2519
[INFO] DISTRIBUTING EVENT : 2520
[INFO] EVENT FINISHED : 2511
[INFO] DISTRIBUTING EVENT : 2521
[INFO] EVENT FINISHED : 2516
[INFO] DISTRIBUTING EVENT : 2522
[INFO] EVENT FINISHED : 2517
[INFO] DISTRIBUTING EVENT : 2523
[INFO] EVENT FINISHED : 2513
[INFO] DISTRIBUTING EVENT : 2524
[INFO] EVENT FINISHED : 2523
[INFO] DISTRIBUTING EVENT : 2525
[INFO] EVENT FINISHED : 2514
[INFO] DISTRIBUTING EVENT : 2526
[INFO] EVENT FINISHED : 2515
[INFO] DISTRIBUTING EVENT : 2527
[INFO] EVENT FINISHED : 2521
[INFO] DISTRIBUTING EVENT : 2528
[INFO] EVENT FINISHED : 2527
[INFO] DISTRIBUTING EVENT : 2529
[INFO] EVENT FINISHED : 2528
[INFO] DISTRIBUTING EVENT : 2530
[INFO] EVENT FINISHED : 2518
[INFO] DISTRIBUTING EVENT : 2531
[INFO] EVENT FINISHED : 2520
[INFO] DISTRIBUTING EVENT : 2532
[INFO] EVENT FINISHED : 2529
[INFO] DISTRIBUTING EVENT : 2533
[INFO] EVENT FINISHED : 2522
[INFO] DISTRIBUTING EVENT : 2534
[INFO] EVENT FINISHED : 2534
[INFO] DISTRIBUTING EVENT : 2535
[INFO] EVENT FINISHED : 2526
[INFO] DISTRIBUTING EVENT : 2536
[INFO] EVENT FINISHED : 2525
[INFO] DISTRIBUTING EVENT : 2537
[INFO] EVENT FINISHED : 2524
[INFO] DISTRIBUTING EVENT : 2538
[INFO] EVENT FINISHED : 2531
[INFO] DISTRIBUTING EVENT : 2539
[INFO] EVENT FINISHED : 2532
[INFO] DISTRIBUTING EVENT : 2540
[INFO] EVENT FINISHED : 2530
[INFO] DISTRIBUTING EVENT : 2541
[INFO] EVENT FINISHED : 2535
[INFO] DISTRIBUTING EVENT : 2542
[INFO] EVENT FINISHED : 2536
[INFO] DISTRIBUTING EVENT : 2543
[INFO] EVENT FINISHED : 2539
[INFO] DISTRIBUTING EVENT : 2544
[INFO] EVENT FINISHED : 2533
[INFO] DISTRIBUTING EVENT : 2545
[INFO] EVENT FINISHED : 2538
[INFO] DISTRIBUTING EVENT : 2546
[INFO] EVENT FINISHED : 2537
[INFO] DISTRIBUTING EVENT : 2547
[INFO] EVENT FINISHED : 2546
[INFO] DISTRIBUTING EVENT : 2548
[INFO] EVENT FINISHED : 2540
[INFO] DISTRIBUTING EVENT : 2549
[INFO] EVENT FINISHED : 2542
[INFO] DISTRIBUTING EVENT : 2550
[INFO] EVENT FINISHED : 2544
[INFO] DISTRIBUTING EVENT : 2551
[INFO] EVENT FINISHED : 2543
[INFO] DISTRIBUTING EVENT : 2552
[INFO] EVENT FINISHED : 2547
[INFO] DISTRIBUTING EVENT : 2553
[INFO] EVENT FINISHED : 2541
[INFO] DISTRIBUTING EVENT : 2554
[INFO] EVENT FINISHED : 2549
[INFO] DISTRIBUTING EVENT : 2555
[INFO] EVENT FINISHED : 2548
[INFO] DISTRIBUTING EVENT : 2556
[INFO] EVENT FINISHED : 2556
[INFO] DISTRIBUTING EVENT : 2557
[INFO] EVENT FINISHED : 2545
[INFO] DISTRIBUTING EVENT : 2558
[INFO] EVENT FINISHED : 2555
[INFO] DISTRIBUTING EVENT : 2559
[INFO] EVENT FINISHED : 2553
[INFO] DISTRIBUTING EVENT : 2560
[INFO] EVENT FINISHED : 2554
[INFO] DISTRIBUTING EVENT : 2561
[INFO] EVENT FINISHED : 2551
[INFO] DISTRIBUTING EVENT : 2562
[INFO] EVENT FINISHED : 2561
[INFO] DISTRIBUTING EVENT : 2563
[INFO] DISTRIBUTING EVENT : 2564
[INFO] EVENT FINISHED : 2550
[INFO] EVENT FINISHED : 2552
[INFO] DISTRIBUTING EVENT : 2565
[INFO] EVENT FINISHED : 2563
[INFO] DISTRIBUTING EVENT : 2566
[INFO] EVENT FINISHED : 2559
[INFO] DISTRIBUTING EVENT : 2567
[INFO] EVENT FINISHED : 2562
[INFO] DISTRIBUTING EVENT : 2568
[INFO] EVENT FINISHED : 2560
[INFO] DISTRIBUTING EVENT : 2569
[INFO] EVENT FINISHED : 2558
[INFO] DISTRIBUTING EVENT : 2570
[INFO] EVENT FINISHED : 2557
[INFO] DISTRIBUTING EVENT : 2571
[INFO] EVENT FINISHED : 2566
[INFO] DISTRIBUTING EVENT : 2572
[INFO] EVENT FINISHED : 2570
[INFO] DISTRIBUTING EVENT : 2573
[INFO] EVENT FINISHED : 2564
[INFO] DISTRIBUTING EVENT : 2574
[INFO] EVENT FINISHED : 2572
[INFO] DISTRIBUTING EVENT : 2575
[INFO] EVENT FINISHED : 2565
[INFO] DISTRIBUTING EVENT : 2576
[INFO] EVENT FINISHED : 2575
[INFO] DISTRIBUTING EVENT : 2577
[INFO] EVENT FINISHED : 2568
[INFO] DISTRIBUTING EVENT : 2578
[INFO] EVENT FINISHED : 2567
[INFO] DISTRIBUTING EVENT : 2579
[INFO] EVENT FINISHED : 2571
[INFO] DISTRIBUTING EVENT : 2580
[INFO] EVENT FINISHED : 2574
[INFO] DISTRIBUTING EVENT : 2581
[INFO] EVENT FINISHED : 2569
[INFO] DISTRIBUTING EVENT : 2582
[INFO] EVENT FINISHED : 2573
[INFO] DISTRIBUTING EVENT : 2583
[INFO] EVENT FINISHED : 2576
[INFO] DISTRIBUTING EVENT : 2584
[INFO] EVENT FINISHED : 2580
[INFO] DISTRIBUTING EVENT : 2585
[INFO] EVENT FINISHED : 2578
[INFO] DISTRIBUTING EVENT : 2586
[INFO] EVENT FINISHED : 2585
[INFO] DISTRIBUTING EVENT : 2587
[INFO] EVENT FINISHED : 2579
[INFO] DISTRIBUTING EVENT : 2588
[INFO] EVENT FINISHED : 2582
[INFO] DISTRIBUTING EVENT : 2589
[INFO] EVENT FINISHED : 2577
[INFO] DISTRIBUTING EVENT : 2590
[INFO] EVENT FINISHED : 2584
[INFO] DISTRIBUTING EVENT : 2591
[INFO] EVENT FINISHED : 2581
[INFO] DISTRIBUTING EVENT : 2592
[INFO] EVENT FINISHED : 2586
[INFO] DISTRIBUTING EVENT : 2593
[INFO] EVENT FINISHED : 2588
[INFO] DISTRIBUTING EVENT : 2594
[INFO] EVENT FINISHED : 2590
[INFO] DISTRIBUTING EVENT : 2595
[INFO] EVENT FINISHED : 2595
[INFO] DISTRIBUTING EVENT : 2596
[INFO] EVENT FINISHED : 2589
[INFO] DISTRIBUTING EVENT : 2597
[INFO] EVENT FINISHED : 2587
[INFO] DISTRIBUTING EVENT : 2598
[INFO] EVENT FINISHED : 2583
[INFO] DISTRIBUTING EVENT : 2599
[INFO] EVENT FINISHED : 2591
[INFO] DISTRIBUTING EVENT : 2600
[INFO] EVENT FINISHED : 2592
[INFO] DISTRIBUTING EVENT : 2601
[INFO] EVENT FINISHED : 2598
[INFO] DISTRIBUTING EVENT : 2602
[INFO] EVENT FINISHED : 2602
[INFO] DISTRIBUTING EVENT : 2603
[INFO] EVENT FINISHED : 2593
[INFO] DISTRIBUTING EVENT : 2604
[INFO] EVENT FINISHED : 2603
[INFO] DISTRIBUTING EVENT : 2605
[INFO] EVENT FINISHED : 2597
[INFO] DISTRIBUTING EVENT : 2606
[INFO] EVENT FINISHED : 2594
[INFO] DISTRIBUTING EVENT : 2607
[INFO] EVENT FINISHED : 2600
[INFO] DISTRIBUTING EVENT : 2608
[INFO] EVENT FINISHED : 2608
[INFO] DISTRIBUTING EVENT : 2609
[INFO] EVENT FINISHED : 2601
[INFO] DISTRIBUTING EVENT : 2610
[INFO] EVENT FINISHED : 2599
[INFO] DISTRIBUTING EVENT : 2611
[INFO] EVENT FINISHED : 2596
[INFO] DISTRIBUTING EVENT : 2612
[INFO] EVENT FINISHED : 2612
[INFO] DISTRIBUTING EVENT : 2613
[INFO] EVENT FINISHED : 2607
[INFO] DISTRIBUTING EVENT : 2614
[INFO] EVENT FINISHED : 2604
[INFO] DISTRIBUTING EVENT : 2615
[INFO] EVENT FINISHED : 2613
[INFO] DISTRIBUTING EVENT : 2616
[INFO] EVENT FINISHED : 2606
[INFO] DISTRIBUTING EVENT : 2617
[INFO] EVENT FINISHED : 2610
[INFO] DISTRIBUTING EVENT : 2618
[INFO] EVENT FINISHED : 2605
[INFO] DISTRIBUTING EVENT : 2619
[INFO] EVENT FINISHED : 2616
[INFO] DISTRIBUTING EVENT : 2620
[INFO] EVENT FINISHED : 2614
[INFO] DISTRIBUTING EVENT : 2621
[INFO] EVENT FINISHED : 2620
[INFO] DISTRIBUTING EVENT : 2622
[INFO] EVENT FINISHED : 2622
[INFO] DISTRIBUTING EVENT : 2623
[INFO] EVENT FINISHED : 2611
[INFO] DISTRIBUTING EVENT : 2624
[INFO] EVENT FINISHED : 2624
[INFO] DISTRIBUTING EVENT : 2625
[INFO] EVENT FINISHED : 2617
[INFO] DISTRIBUTING EVENT : 2626
[INFO] EVENT FINISHED : 2615
[INFO] DISTRIBUTING EVENT : 2627
[INFO] EVENT FINISHED : 2609
[INFO] DISTRIBUTING EVENT : 2628
[INFO] EVENT FINISHED : 2618
[INFO] DISTRIBUTING EVENT : 2629
[INFO] EVENT FINISHED : 2626
[INFO] DISTRIBUTING EVENT : 2630
[INFO] EVENT FINISHED : 2621
[INFO] DISTRIBUTING EVENT : 2631
[INFO] EVENT FINISHED : 2619
[INFO] DISTRIBUTING EVENT : 2632
[INFO] EVENT FINISHED : 2629
[INFO] DISTRIBUTING EVENT : 2633
[INFO] DISTRIBUTING EVENT : 2634
[INFO] EVENT FINISHED : 2623
[INFO] EVENT FINISHED : 2634
[INFO] DISTRIBUTING EVENT : 2635
[INFO] EVENT FINISHED : 2635
[INFO] DISTRIBUTING EVENT : 2636
[INFO] EVENT FINISHED : 2627
[INFO] DISTRIBUTING EVENT : 2637
[INFO] EVENT FINISHED : 2637
[INFO] DISTRIBUTING EVENT : 2638
[INFO] EVENT FINISHED : 2628
[INFO] DISTRIBUTING EVENT : 2639
[INFO] EVENT FINISHED : 2630
[INFO] DISTRIBUTING EVENT : 2640
[INFO] EVENT FINISHED : 2625
[INFO] DISTRIBUTING EVENT : 2641
[INFO] EVENT FINISHED : 2640
[INFO] DISTRIBUTING EVENT : 2642
[INFO] EVENT FINISHED : 2633
[INFO] DISTRIBUTING EVENT : 2643
[INFO] EVENT FINISHED : 2631
[INFO] DISTRIBUTING EVENT : 2644
[INFO] EVENT FINISHED : 2641
[INFO] DISTRIBUTING EVENT : 2645
[INFO] EVENT FINISHED : 2632
[INFO] DISTRIBUTING EVENT : 2646
[INFO] EVENT FINISHED : 2646
[INFO] DISTRIBUTING EVENT : 2647
[INFO] EVENT FINISHED : 2636
[INFO] DISTRIBUTING EVENT : 2648
[INFO] EVENT FINISHED : 2639
[INFO] DISTRIBUTING EVENT : 2649
[INFO] EVENT FINISHED : 2642
[INFO] DISTRIBUTING EVENT : 2650
[INFO] EVENT FINISHED : 2644
[INFO] DISTRIBUTING EVENT : 2651
[INFO] EVENT FINISHED : 2638
[INFO] DISTRIBUTING EVENT : 2652
[INFO] EVENT FINISHED : 2647
[INFO] DISTRIBUTING EVENT : 2653
[INFO] EVENT FINISHED : 2653
[INFO] DISTRIBUTING EVENT : 2654
[INFO] EVENT FINISHED : 2643
[INFO] DISTRIBUTING EVENT : 2655
[INFO] EVENT FINISHED : 2649
[INFO] DISTRIBUTING EVENT : 2656
[INFO] EVENT FINISHED : 2650
[INFO] DISTRIBUTING EVENT : 2657
[INFO] EVENT FINISHED : 2645
[INFO] DISTRIBUTING EVENT : 2658
[INFO] EVENT FINISHED : 2651
[INFO] DISTRIBUTING EVENT : 2659
[INFO] EVENT FINISHED : 2648
[INFO] DISTRIBUTING EVENT : 2660
[INFO] EVENT FINISHED : 2652
[INFO] DISTRIBUTING EVENT : 2661
[INFO] EVENT FINISHED : 2656
[INFO] DISTRIBUTING EVENT : 2662
[INFO] EVENT FINISHED : 2660
[INFO] DISTRIBUTING EVENT : 2663
[INFO] EVENT FINISHED : 2657
[INFO] DISTRIBUTING EVENT : 2664
[INFO] EVENT FINISHED : 2655
[INFO] DISTRIBUTING EVENT : 2665
[INFO] EVENT FINISHED : 2659
[INFO] DISTRIBUTING EVENT : 2666
[INFO] EVENT FINISHED : 2664
[INFO] DISTRIBUTING EVENT : 2667
[INFO] EVENT FINISHED : 2654
[INFO] DISTRIBUTING EVENT : 2668
[INFO] EVENT FINISHED : 2662
[INFO] DISTRIBUTING EVENT : 2669
[INFO] EVENT FINISHED : 2668
[INFO] DISTRIBUTING EVENT : 2670
[INFO] EVENT FINISHED : 2661
[INFO] DISTRIBUTING EVENT : 2671
[INFO] EVENT FINISHED : 2658
[INFO] DISTRIBUTING EVENT : 2672
[INFO] EVENT FINISHED : 2663
[INFO] DISTRIBUTING EVENT : 2673
[INFO] EVENT FINISHED : 2669
[INFO] DISTRIBUTING EVENT : 2674
[INFO] EVENT FINISHED : 2667
[INFO] DISTRIBUTING EVENT : 2675
[INFO] EVENT FINISHED : 2666
[INFO] DISTRIBUTING EVENT : 2676
[INFO] EVENT FINISHED : 2665
[INFO] DISTRIBUTING EVENT : 2677
[INFO] EVENT FINISHED : 2671
[INFO] DISTRIBUTING EVENT : 2678
[INFO] EVENT FINISHED : 2670
[INFO] DISTRIBUTING EVENT : 2679
[INFO] EVENT FINISHED : 2673
[INFO] DISTRIBUTING EVENT : 2680
[INFO] EVENT FINISHED : 2677
[INFO] DISTRIBUTING EVENT : 2681
[INFO] EVENT FINISHED : 2675
[INFO] DISTRIBUTING EVENT : 2682
[INFO] EVENT FINISHED : 2672
[INFO] DISTRIBUTING EVENT : 2683
[INFO] EVENT FINISHED : 2678
[INFO] DISTRIBUTING EVENT : 2684
[INFO] EVENT FINISHED : 2682
[INFO] DISTRIBUTING EVENT : 2685
[INFO] EVENT FINISHED : 2676
[INFO] DISTRIBUTING EVENT : 2686
[INFO] EVENT FINISHED : 2674
[INFO] DISTRIBUTING EVENT : 2687
[INFO] EVENT FINISHED : 2686
[INFO] DISTRIBUTING EVENT : 2688
[INFO] EVENT FINISHED : 2683
[INFO] DISTRIBUTING EVENT : 2689
[INFO] EVENT FINISHED : 2688
[INFO] DISTRIBUTING EVENT : 2690
[INFO] EVENT FINISHED : 2679
[INFO] DISTRIBUTING EVENT : 2691
[INFO] DISTRIBUTING EVENT : 2692
[INFO] EVENT FINISHED : 2680
[INFO] EVENT FINISHED : 2684
[INFO] DISTRIBUTING EVENT : 2693
[INFO] EVENT FINISHED : 2685
[INFO] DISTRIBUTING EVENT : 2694
[INFO] EVENT FINISHED : 2687
[INFO] DISTRIBUTING EVENT : 2695
[INFO] EVENT FINISHED : 2690
[INFO] DISTRIBUTING EVENT : 2696
[INFO] EVENT FINISHED : 2681
[INFO] DISTRIBUTING EVENT : 2697
[INFO] EVENT FINISHED : 2689
[INFO] DISTRIBUTING EVENT : 2698
[INFO] EVENT FINISHED : 2691
[INFO] DISTRIBUTING EVENT : 2699
[INFO] EVENT FINISHED : 2693
[INFO] DISTRIBUTING EVENT : 2700
[INFO] EVENT FINISHED : 2694
[INFO] DISTRIBUTING EVENT : 2701
[INFO] EVENT FINISHED : 2699
[INFO] DISTRIBUTING EVENT : 2702
[INFO] EVENT FINISHED : 2692
[INFO] DISTRIBUTING EVENT : 2703
[INFO] EVENT FINISHED : 2702
[INFO] DISTRIBUTING EVENT : 2704
[INFO] EVENT FINISHED : 2697
[INFO] DISTRIBUTING EVENT : 2705
[INFO] EVENT FINISHED : 2695
[INFO] DISTRIBUTING EVENT : 2706
[INFO] EVENT FINISHED : 2696
[INFO] DISTRIBUTING EVENT : 2707
[INFO] EVENT FINISHED : 2705
[INFO] DISTRIBUTING EVENT : 2708
[INFO] EVENT FINISHED : 2700
[INFO] DISTRIBUTING EVENT : 2709
[INFO] EVENT FINISHED : 2698
[INFO] DISTRIBUTING EVENT : 2710
[INFO] EVENT FINISHED : 2701
[INFO] DISTRIBUTING EVENT : 2711
[INFO] EVENT FINISHED : 2706
[INFO] DISTRIBUTING EVENT : 2712
[INFO] EVENT FINISHED : 2704
[INFO] DISTRIBUTING EVENT : 2713
[INFO] EVENT FINISHED : 2707
[INFO] DISTRIBUTING EVENT : 2714
[INFO] EVENT FINISHED : 2703
[INFO] DISTRIBUTING EVENT : 2715
[INFO] EVENT FINISHED : 2709
[INFO] DISTRIBUTING EVENT : 2716
[INFO] EVENT FINISHED : 2708
[INFO] DISTRIBUTING EVENT : 2717
[INFO] EVENT FINISHED : 2717
[INFO] DISTRIBUTING EVENT : 2718
[INFO] DISTRIBUTING EVENT : 2719
[INFO] EVENT FINISHED : 2711
[INFO] EVENT FINISHED : 2712
[INFO] DISTRIBUTING EVENT : 2720
[INFO] EVENT FINISHED : 2713
[INFO] DISTRIBUTING EVENT : 2721
[INFO] EVENT FINISHED : 2716
[INFO] DISTRIBUTING EVENT : 2722
[INFO] EVENT FINISHED : 2710
[INFO] DISTRIBUTING EVENT : 2723
[INFO] EVENT FINISHED : 2718
[INFO] DISTRIBUTING EVENT : 2724
[INFO] EVENT FINISHED : 2723
[INFO] DISTRIBUTING EVENT : 2725
[INFO] EVENT FINISHED : 2719
[INFO] DISTRIBUTING EVENT : 2726
[INFO] EVENT FINISHED : 2715
[INFO] DISTRIBUTING EVENT : 2727
[INFO] EVENT FINISHED : 2714
[INFO] DISTRIBUTING EVENT : 2728
[INFO] EVENT FINISHED : 2720
[INFO] DISTRIBUTING EVENT : 2729
[INFO] EVENT FINISHED : 2722
[INFO] DISTRIBUTING EVENT : 2730
[INFO] EVENT FINISHED : 2721
[INFO] DISTRIBUTING EVENT : 2731
[INFO] EVENT FINISHED : 2725
[INFO] DISTRIBUTING EVENT : 2732
[INFO] EVENT FINISHED : 2726
[INFO] DISTRIBUTING EVENT : 2733
[INFO] EVENT FINISHED : 2730
[INFO] DISTRIBUTING EVENT : 2734
[INFO] EVENT FINISHED : 2724
[INFO] DISTRIBUTING EVENT : 2735
[INFO] EVENT FINISHED : 2731
[INFO] DISTRIBUTING EVENT : 2736
[INFO] EVENT FINISHED : 2736
[INFO] DISTRIBUTING EVENT : 2737
[INFO] EVENT FINISHED : 2733
[INFO] DISTRIBUTING EVENT : 2738
[INFO] EVENT FINISHED : 2728
[INFO] DISTRIBUTING EVENT : 2739
[INFO] EVENT FINISHED : 2727
[INFO] DISTRIBUTING EVENT : 2740
[INFO] EVENT FINISHED : 2729
[INFO] DISTRIBUTING EVENT : 2741
[INFO] EVENT FINISHED : 2735
[INFO] DISTRIBUTING EVENT : 2742
[INFO] EVENT FINISHED : 2737
[INFO] DISTRIBUTING EVENT : 2743
[INFO] EVENT FINISHED : 2732
[INFO] DISTRIBUTING EVENT : 2744
[INFO] EVENT FINISHED : 2740
[INFO] DISTRIBUTING EVENT : 2745
[INFO] EVENT FINISHED : 2745
[INFO] DISTRIBUTING EVENT : 2746
[INFO] EVENT FINISHED : 2734
[INFO] DISTRIBUTING EVENT : 2747
[INFO] EVENT FINISHED : 2739
[INFO] DISTRIBUTING EVENT : 2748
[INFO] EVENT FINISHED : 2748
[INFO] DISTRIBUTING EVENT : 2749
[INFO] EVENT FINISHED : 2742
[INFO] DISTRIBUTING EVENT : 2750
[INFO] EVENT FINISHED : 2741
[INFO] DISTRIBUTING EVENT : 2751
[INFO] EVENT FINISHED : 2749
[INFO] DISTRIBUTING EVENT : 2752
[INFO] EVENT FINISHED : 2743
[INFO] DISTRIBUTING EVENT : 2753
[INFO] EVENT FINISHED : 2738
[INFO] DISTRIBUTING EVENT : 2754
[INFO] EVENT FINISHED : 2754
[INFO] DISTRIBUTING EVENT : 2755
[INFO] EVENT FINISHED : 2753
[INFO] DISTRIBUTING EVENT : 2756
[INFO] EVENT FINISHED : 2747
[INFO] DISTRIBUTING EVENT : 2757
[INFO] EVENT FINISHED : 2752
[INFO] DISTRIBUTING EVENT : 2758
[INFO] EVENT FINISHED : 2744
[INFO] DISTRIBUTING EVENT : 2759
[INFO] EVENT FINISHED : 2757
[INFO] DISTRIBUTING EVENT : 2760
[INFO] EVENT FINISHED : 2751
[INFO] DISTRIBUTING EVENT : 2761
[INFO] EVENT FINISHED : 2761
[INFO] DISTRIBUTING EVENT : 2762
[INFO] EVENT FINISHED : 2746
[INFO] DISTRIBUTING EVENT : 2763
[INFO] EVENT FINISHED : 2755
[INFO] DISTRIBUTING EVENT : 2764
[INFO] EVENT FINISHED : 2762
[INFO] DISTRIBUTING EVENT : 2765
[INFO] EVENT FINISHED : 2763
[INFO] DISTRIBUTING EVENT : 2766
[INFO] EVENT FINISHED : 2760
[INFO] DISTRIBUTING EVENT : 2767
[INFO] EVENT FINISHED : 2750
[INFO] DISTRIBUTING EVENT : 2768
[INFO] EVENT FINISHED : 2758
[INFO] DISTRIBUTING EVENT : 2769
[INFO] EVENT FINISHED : 2768
[INFO] DISTRIBUTING EVENT : 2770
[INFO] EVENT FINISHED : 2765
[INFO] DISTRIBUTING EVENT : 2771
[INFO] EVENT FINISHED : 2764
[INFO] DISTRIBUTING EVENT : 2772
[INFO] EVENT FINISHED : 2756
[INFO] DISTRIBUTING EVENT : 2773
[INFO] EVENT FINISHED : 2759
[INFO] DISTRIBUTING EVENT : 2774
[INFO] EVENT FINISHED : 2769
[INFO] DISTRIBUTING EVENT : 2775
[INFO] EVENT FINISHED : 2766
[INFO] DISTRIBUTING EVENT : 2776
[INFO] EVENT FINISHED : 2772
[INFO] DISTRIBUTING EVENT : 2777
[INFO] EVENT FINISHED : 2777
[INFO] DISTRIBUTING EVENT : 2778
[INFO] EVENT FINISHED : 2771
[INFO] DISTRIBUTING EVENT : 2779
[INFO] EVENT FINISHED : 2767
[INFO] DISTRIBUTING EVENT : 2780
[INFO] EVENT FINISHED : 2773
[INFO] DISTRIBUTING EVENT : 2781
[INFO] EVENT FINISHED : 2778
[INFO] DISTRIBUTING EVENT : 2782
[INFO] EVENT FINISHED : 2770
[INFO] DISTRIBUTING EVENT : 2783
[INFO] EVENT FINISHED : 2776
[INFO] DISTRIBUTING EVENT : 2784
[INFO] EVENT FINISHED : 2783
[INFO] DISTRIBUTING EVENT : 2785
[INFO] EVENT FINISHED : 2784
[INFO] DISTRIBUTING EVENT : 2786
[INFO] EVENT FINISHED : 2775
[INFO] DISTRIBUTING EVENT : 2787
[INFO] EVENT FINISHED : 2781
[INFO] DISTRIBUTING EVENT : 2788
[INFO] EVENT FINISHED : 2788
[INFO] DISTRIBUTING EVENT : 2789
[INFO] EVENT FINISHED : 2774
[INFO] DISTRIBUTING EVENT : 2790
[INFO] EVENT FINISHED : 2779
[INFO] DISTRIBUTING EVENT : 2791
[INFO] EVENT FINISHED : 2790
[INFO] DISTRIBUTING EVENT : 2792
[INFO] EVENT FINISHED : 2791
[INFO] DISTRIBUTING EVENT : 2793
[INFO] EVENT FINISHED : 2780
[INFO] DISTRIBUTING EVENT : 2794
[INFO] EVENT FINISHED : 2782
[INFO] DISTRIBUTING EVENT : 2795
[INFO] EVENT FINISHED : 2789
[INFO] DISTRIBUTING EVENT : 2796
[INFO] EVENT FINISHED : 2787
[INFO] DISTRIBUTING EVENT : 2797
[INFO] EVENT FINISHED : 2794
[INFO] DISTRIBUTING EVENT : 2798
[INFO] EVENT FINISHED : 2786
[INFO] DISTRIBUTING EVENT : 2799
[INFO] EVENT FINISHED : 2793
[INFO] DISTRIBUTING EVENT : 2800
[INFO] EVENT FINISHED : 2785
[INFO] DISTRIBUTING EVENT : 2801
[INFO] EVENT FINISHED : 2796
[INFO] DISTRIBUTING EVENT : 2802
[INFO] EVENT FINISHED : 2797
[INFO] DISTRIBUTING EVENT : 2803
[INFO] EVENT FINISHED : 2792
[INFO] DISTRIBUTING EVENT : 2804
[INFO] EVENT FINISHED : 2795
[INFO] DISTRIBUTING EVENT : 2805
[INFO] EVENT FINISHED : 2798
[INFO] DISTRIBUTING EVENT : 2806
[INFO] EVENT FINISHED : 2799
[INFO] DISTRIBUTING EVENT : 2807
[INFO] EVENT FINISHED : 2802
[INFO] DISTRIBUTING EVENT : 2808
[INFO] EVENT FINISHED : 2801
[INFO] DISTRIBUTING EVENT : 2809
[INFO] EVENT FINISHED : 2803
[INFO] DISTRIBUTING EVENT : 2810
[INFO] EVENT FINISHED : 2806
[INFO] EVENT FINISHED : 2809
[INFO] DISTRIBUTING EVENT : 2811
[INFO] DISTRIBUTING EVENT : 2812
[INFO] EVENT FINISHED : 2807
[INFO] DISTRIBUTING EVENT : 2813
[INFO] EVENT FINISHED : 2805
[INFO] DISTRIBUTING EVENT : 2814
[INFO] EVENT FINISHED : 2800
[INFO] DISTRIBUTING EVENT : 2815
[INFO] EVENT FINISHED : 2808
[INFO] DISTRIBUTING EVENT : 2816
[INFO] EVENT FINISHED : 2804
[INFO] DISTRIBUTING EVENT : 2817
[INFO] EVENT FINISHED : 2817
[INFO] DISTRIBUTING EVENT : 2818
[INFO] EVENT FINISHED : 2818
[INFO] DISTRIBUTING EVENT : 2819
[INFO] DISTRIBUTING EVENT : 2820
[INFO] EVENT FINISHED : 2810
[INFO] EVENT FINISHED : 2811
[INFO] DISTRIBUTING EVENT : 2821
[INFO] EVENT FINISHED : 2812
[INFO] DISTRIBUTING EVENT : 2822
[INFO] EVENT FINISHED : 2814
[INFO] DISTRIBUTING EVENT : 2823
[INFO] EVENT FINISHED : 2815
[INFO] DISTRIBUTING EVENT : 2824
[INFO] EVENT FINISHED : 2820
[INFO] DISTRIBUTING EVENT : 2825
[INFO] EVENT FINISHED : 2816
[INFO] DISTRIBUTING EVENT : 2826
[INFO] EVENT FINISHED : 2813
[INFO] DISTRIBUTING EVENT : 2827
[INFO] EVENT FINISHED : 2821
[INFO] DISTRIBUTING EVENT : 2828
[INFO] DISTRIBUTING EVENT : 2829
[INFO] EVENT FINISHED : 2828
[INFO] EVENT FINISHED : 2819
[INFO] DISTRIBUTING EVENT : 2830
[INFO] EVENT FINISHED : 2824
[INFO] DISTRIBUTING EVENT : 2831
[INFO] EVENT FINISHED : 2823
[INFO] DISTRIBUTING EVENT : 2832
[INFO] EVENT FINISHED : 2827
[INFO] DISTRIBUTING EVENT : 2833
[INFO] EVENT FINISHED : 2822
[INFO] DISTRIBUTING EVENT : 2834
[INFO] EVENT FINISHED : 2826
[INFO] DISTRIBUTING EVENT : 2835
[INFO] EVENT FINISHED : 2825
[INFO] DISTRIBUTING EVENT : 2836
[INFO] EVENT FINISHED : 2833
[INFO] DISTRIBUTING EVENT : 2837
[INFO] EVENT FINISHED : 2830
[INFO] DISTRIBUTING EVENT : 2838
[INFO] EVENT FINISHED : 2832
[INFO] DISTRIBUTING EVENT : 2839
[INFO] EVENT FINISHED : 2829
[INFO] DISTRIBUTING EVENT : 2840
[INFO] EVENT FINISHED : 2835
[INFO] DISTRIBUTING EVENT : 2841
[INFO] EVENT FINISHED : 2834
[INFO] DISTRIBUTING EVENT : 2842
[INFO] EVENT FINISHED : 2831
[INFO] DISTRIBUTING EVENT : 2843
[INFO] EVENT FINISHED : 2836
[INFO] DISTRIBUTING EVENT : 2844
[INFO] EVENT FINISHED : 2840
[INFO] DISTRIBUTING EVENT : 2845
[INFO] EVENT FINISHED : 2843
[INFO] DISTRIBUTING EVENT : 2846
[INFO] EVENT FINISHED : 2839
[INFO] DISTRIBUTING EVENT : 2847
[INFO] EVENT FINISHED : 2847
[INFO] DISTRIBUTING EVENT : 2848
[INFO] EVENT FINISHED : 2841
[INFO] DISTRIBUTING EVENT : 2849
[INFO] EVENT FINISHED : 2838
[INFO] DISTRIBUTING EVENT : 2850
[INFO] EVENT FINISHED : 2842
[INFO] DISTRIBUTING EVENT : 2851
[INFO] EVENT FINISHED : 2837
[INFO] DISTRIBUTING EVENT : 2852
[INFO] EVENT FINISHED : 2851
[INFO] DISTRIBUTING EVENT : 2853
[INFO] EVENT FINISHED : 2844
[INFO] DISTRIBUTING EVENT : 2854
[INFO] EVENT FINISHED : 2845
[INFO] DISTRIBUTING EVENT : 2855
[INFO] EVENT FINISHED : 2848
[INFO] DISTRIBUTING EVENT : 2856
[INFO] EVENT FINISHED : 2850
[INFO] DISTRIBUTING EVENT : 2857
[INFO] EVENT FINISHED : 2846
[INFO] DISTRIBUTING EVENT : 2858
[INFO] EVENT FINISHED : 2856
[INFO] DISTRIBUTING EVENT : 2859
[INFO] EVENT FINISHED : 2849
[INFO] DISTRIBUTING EVENT : 2860
[INFO] EVENT FINISHED : 2852
[INFO] DISTRIBUTING EVENT : 2861
[INFO] EVENT FINISHED : 2860
[INFO] DISTRIBUTING EVENT : 2862
[INFO] EVENT FINISHED : 2854
[INFO] DISTRIBUTING EVENT : 2863
[INFO] EVENT FINISHED : 2859
[INFO] DISTRIBUTING EVENT : 2864
[INFO] EVENT FINISHED : 2857
[INFO] EVENT FINISHED : 2864
[INFO] DISTRIBUTING EVENT : 2865
[INFO] DISTRIBUTING EVENT : 2866
[INFO] EVENT FINISHED : 2853
[INFO] DISTRIBUTING EVENT : 2867
[INFO] EVENT FINISHED : 2862
[INFO] DISTRIBUTING EVENT : 2868
[INFO] EVENT FINISHED : 2867
[INFO] DISTRIBUTING EVENT : 2869
[INFO] EVENT FINISHED : 2855
[INFO] DISTRIBUTING EVENT : 2870
[INFO] EVENT FINISHED : 2858
[INFO] DISTRIBUTING EVENT : 2871
[INFO] EVENT FINISHED : 2871
[INFO] DISTRIBUTING EVENT : 2872
[INFO] EVENT FINISHED : 2872
[INFO] DISTRIBUTING EVENT : 2873
[INFO] EVENT FINISHED : 2873
[INFO] DISTRIBUTING EVENT : 2874
[INFO] EVENT FINISHED : 2861
[INFO] DISTRIBUTING EVENT : 2875
[INFO] EVENT FINISHED : 2865
[INFO] DISTRIBUTING EVENT : 2876
[INFO] EVENT FINISHED : 2863
[INFO] DISTRIBUTING EVENT : 2877
[INFO] EVENT FINISHED : 2868
[INFO] DISTRIBUTING EVENT : 2878
[INFO] EVENT FINISHED : 2869
[INFO] DISTRIBUTING EVENT : 2879
[INFO] EVENT FINISHED : 2870
[INFO] DISTRIBUTING EVENT : 2880
[INFO] EVENT FINISHED : 2878
[INFO] DISTRIBUTING EVENT : 2881
[INFO] EVENT FINISHED : 2879
[INFO] DISTRIBUTING EVENT : 2882
[INFO] EVENT FINISHED : 2874
[INFO] DISTRIBUTING EVENT : 2883
[INFO] EVENT FINISHED : 2866
[INFO] DISTRIBUTING EVENT : 2884
[INFO] EVENT FINISHED : 2883
[INFO] DISTRIBUTING EVENT : 2885
[INFO] EVENT FINISHED : 2877
[INFO] DISTRIBUTING EVENT : 2886
[INFO] EVENT FINISHED : 2876
[INFO] DISTRIBUTING EVENT : 2887
[INFO] EVENT FINISHED : 2886
[INFO] DISTRIBUTING EVENT : 2888
[INFO] EVENT FINISHED : 2881
[INFO] DISTRIBUTING EVENT : 2889
[INFO] EVENT FINISHED : 2889
[INFO] DISTRIBUTING EVENT : 2890
[INFO] EVENT FINISHED : 2880
[INFO] DISTRIBUTING EVENT : 2891
[INFO] EVENT FINISHED : 2885
[INFO] DISTRIBUTING EVENT : 2892
[INFO] EVENT FINISHED : 2884
[INFO] DISTRIBUTING EVENT : 2893
[INFO] EVENT FINISHED : 2875
[INFO] DISTRIBUTING EVENT : 2894
[INFO] EVENT FINISHED : 2882
[INFO] DISTRIBUTING EVENT : 2895
[INFO] EVENT FINISHED : 2888
[INFO] DISTRIBUTING EVENT : 2896
[INFO] EVENT FINISHED : 2887
[INFO] DISTRIBUTING EVENT : 2897
[INFO] EVENT FINISHED : 2896
[INFO] DISTRIBUTING EVENT : 2898
[INFO] EVENT FINISHED : 2894
[INFO] DISTRIBUTING EVENT : 2899
[INFO] EVENT FINISHED : 2893
[INFO] DISTRIBUTING EVENT : 2900
[INFO] EVENT FINISHED : 2890
[INFO] DISTRIBUTING EVENT : 2901
[INFO] EVENT FINISHED : 2899
[INFO] DISTRIBUTING EVENT : 2902
[INFO] EVENT FINISHED : 2892
[INFO] DISTRIBUTING EVENT : 2903
[INFO] EVENT FINISHED : 2901
[INFO] DISTRIBUTING EVENT : 2904
[INFO] EVENT FINISHED : 2903
[INFO] DISTRIBUTING EVENT : 2905
[INFO] DISTRIBUTING EVENT : 2906
[INFO] EVENT FINISHED : 2905
[INFO] EVENT FINISHED : 2897
[INFO] DISTRIBUTING EVENT : 2907
[INFO] EVENT FINISHED : 2891
[INFO] DISTRIBUTING EVENT : 2908
[INFO] EVENT FINISHED : 2904
[INFO] DISTRIBUTING EVENT : 2909
[INFO] EVENT FINISHED : 2898
[INFO] DISTRIBUTING EVENT : 2910
[INFO] EVENT FINISHED : 2895
[INFO] DISTRIBUTING EVENT : 2911
[INFO] EVENT FINISHED : 2907
[INFO] DISTRIBUTING EVENT : 2912
[INFO] EVENT FINISHED : 2906
[INFO] DISTRIBUTING EVENT : 2913
[INFO] EVENT FINISHED : 2900
[INFO] DISTRIBUTING EVENT : 2914
[INFO] DISTRIBUTING EVENT : 2915
[INFO] EVENT FINISHED : 2912
[INFO] EVENT FINISHED : 2902
[INFO] DISTRIBUTING EVENT : 2916
[INFO] EVENT FINISHED : 2908
[INFO] DISTRIBUTING EVENT : 2917
[INFO] EVENT FINISHED : 2909
[INFO] DISTRIBUTING EVENT : 2918
[INFO] EVENT FINISHED : 2916
[INFO] DISTRIBUTING EVENT : 2919
[INFO] EVENT FINISHED : 2910
[INFO] DISTRIBUTING EVENT : 2920
[INFO] EVENT FINISHED : 2911
[INFO] DISTRIBUTING EVENT : 2921
[INFO] EVENT FINISHED : 2917
[INFO] DISTRIBUTING EVENT : 2922
[INFO] EVENT FINISHED : 2921
[INFO] DISTRIBUTING EVENT : 2923
[INFO] EVENT FINISHED : 2920
[INFO] DISTRIBUTING EVENT : 2924
[INFO] EVENT FINISHED : 2923
[INFO] DISTRIBUTING EVENT : 2925
[INFO] EVENT FINISHED : 2915
[INFO] DISTRIBUTING EVENT : 2926
[INFO] EVENT FINISHED : 2919
[INFO] DISTRIBUTING EVENT : 2927
[INFO] EVENT FINISHED : 2913
[INFO] DISTRIBUTING EVENT : 2928
[INFO] EVENT FINISHED : 2914
[INFO] DISTRIBUTING EVENT : 2929
[INFO] EVENT FINISHED : 2925
[INFO] DISTRIBUTING EVENT : 2930
[INFO] EVENT FINISHED : 2918
[INFO] DISTRIBUTING EVENT : 2931
[INFO] EVENT FINISHED : 2926
[INFO] DISTRIBUTING EVENT : 2932
[INFO] EVENT FINISHED : 2928
[INFO] DISTRIBUTING EVENT : 2933
[INFO] EVENT FINISHED : 2922
[INFO] DISTRIBUTING EVENT : 2934
[INFO] EVENT FINISHED : 2924
[INFO] DISTRIBUTING EVENT : 2935
[INFO] EVENT FINISHED : 2930
[INFO] DISTRIBUTING EVENT : 2936
[INFO] EVENT FINISHED : 2934
[INFO] DISTRIBUTING EVENT : 2937
[INFO] EVENT FINISHED : 2931
[INFO] DISTRIBUTING EVENT : 2938
[INFO] EVENT FINISHED : 2927
[INFO] DISTRIBUTING EVENT : 2939
[INFO] EVENT FINISHED : 2929
[INFO] DISTRIBUTING EVENT : 2940
[INFO] DISTRIBUTING EVENT : 2941
[INFO] EVENT FINISHED : 2939
[INFO] EVENT FINISHED : 2933
[INFO] DISTRIBUTING EVENT : 2942
[INFO] EVENT FINISHED : 2942
[INFO] DISTRIBUTING EVENT : 2943
[INFO] EVENT FINISHED : 2932
[INFO] DISTRIBUTING EVENT : 2944
[INFO] EVENT FINISHED : 2938
[INFO] DISTRIBUTING EVENT : 2945
[INFO] EVENT FINISHED : 2937
[INFO] DISTRIBUTING EVENT : 2946
[INFO] EVENT FINISHED : 2935
[INFO] DISTRIBUTING EVENT : 2947
[INFO] EVENT FINISHED : 2941
[INFO] DISTRIBUTING EVENT : 2948
[INFO] EVENT FINISHED : 2940
[INFO] DISTRIBUTING EVENT : 2949
[INFO] EVENT FINISHED : 2948
[INFO] DISTRIBUTING EVENT : 2950
[INFO] EVENT FINISHED : 2936
[INFO] DISTRIBUTING EVENT : 2951
[INFO] EVENT FINISHED : 2946
[INFO] DISTRIBUTING EVENT : 2952
[INFO] EVENT FINISHED : 2944
[INFO] DISTRIBUTING EVENT : 2953
[INFO] EVENT FINISHED : 2953
[INFO] DISTRIBUTING EVENT : 2954
[INFO] EVENT FINISHED : 2947
[INFO] DISTRIBUTING EVENT : 2955
[INFO] EVENT FINISHED : 2943
[INFO] DISTRIBUTING EVENT : 2956
[INFO] EVENT FINISHED : 2945
[INFO] DISTRIBUTING EVENT : 2957
[INFO] EVENT FINISHED : 2951
[INFO] DISTRIBUTING EVENT : 2958
[INFO] EVENT FINISHED : 2952
[INFO] DISTRIBUTING EVENT : 2959
[INFO] EVENT FINISHED : 2954
[INFO] DISTRIBUTING EVENT : 2960
[INFO] EVENT FINISHED : 2957
[INFO] DISTRIBUTING EVENT : 2961
[INFO] EVENT FINISHED : 2949
[INFO] DISTRIBUTING EVENT : 2962
[INFO] EVENT FINISHED : 2950
[INFO] DISTRIBUTING EVENT : 2963
[INFO] EVENT FINISHED : 2962
[INFO] DISTRIBUTING EVENT : 2964
[INFO] EVENT FINISHED : 2956
[INFO] DISTRIBUTING EVENT : 2965
[INFO] EVENT FINISHED : 2963
[INFO] DISTRIBUTING EVENT : 2966
[INFO] EVENT FINISHED : 2958
[INFO] DISTRIBUTING EVENT : 2967
[INFO] EVENT FINISHED : 2955
[INFO] DISTRIBUTING EVENT : 2968
[INFO] EVENT FINISHED : 2967
[INFO] DISTRIBUTING EVENT : 2969
[INFO] EVENT FINISHED : 2968
[INFO] DISTRIBUTING EVENT : 2970
[INFO] EVENT FINISHED : 2959
[INFO] DISTRIBUTING EVENT : 2971
[INFO] EVENT FINISHED : 2961
[INFO] DISTRIBUTING EVENT : 2972
[INFO] EVENT FINISHED : 2960
[INFO] DISTRIBUTING EVENT : 2973
[INFO] EVENT FINISHED : 2964
[INFO] DISTRIBUTING EVENT : 2974
[INFO] EVENT FINISHED : 2965
[INFO] DISTRIBUTING EVENT : 2975
[INFO] EVENT FINISHED : 2970
[INFO] DISTRIBUTING EVENT : 2976
[INFO] EVENT FINISHED : 2969
[INFO] DISTRIBUTING EVENT : 2977
[INFO] EVENT FINISHED : 2975
[INFO] DISTRIBUTING EVENT : 2978
[INFO] EVENT FINISHED : 2973
[INFO] DISTRIBUTING EVENT : 2979
[INFO] EVENT FINISHED : 2976
[INFO] DISTRIBUTING EVENT : 2980
[INFO] EVENT FINISHED : 2979
[INFO] DISTRIBUTING EVENT : 2981
[INFO] EVENT FINISHED : 2981
[INFO] DISTRIBUTING EVENT : 2982
[INFO] EVENT FINISHED : 2966
[INFO] DISTRIBUTING EVENT : 2983
[INFO] EVENT FINISHED : 2972
[INFO] DISTRIBUTING EVENT : 2984
[INFO] EVENT FINISHED : 2980
[INFO] DISTRIBUTING EVENT : 2985
[INFO] EVENT FINISHED : 2983
[INFO] DISTRIBUTING EVENT : 2986
[INFO] EVENT FINISHED : 2985
[INFO] DISTRIBUTING EVENT : 2987
[INFO] EVENT FINISHED : 2977
[INFO] DISTRIBUTING EVENT : 2988
[INFO] EVENT FINISHED : 2971
[INFO] DISTRIBUTING EVENT : 2989
[INFO] EVENT FINISHED : 2986
[INFO] DISTRIBUTING EVENT : 2990
[INFO] EVENT FINISHED : 2982
[INFO] DISTRIBUTING EVENT : 2991
[INFO] EVENT FINISHED : 2978
[INFO] DISTRIBUTING EVENT : 2992
[INFO] EVENT FINISHED : 2974
[INFO] DISTRIBUTING EVENT : 2993
[INFO] EVENT FINISHED : 2988
[INFO] DISTRIBUTING EVENT : 2994
[INFO] EVENT FINISHED : 2989
[INFO] DISTRIBUTING EVENT : 2995
[INFO] EVENT FINISHED : 2994
[INFO] DISTRIBUTING EVENT : 2996
[INFO] EVENT FINISHED : 2987
[INFO] DISTRIBUTING EVENT : 2997
[INFO] EVENT FINISHED : 2990
[INFO] DISTRIBUTING EVENT : 2998
[INFO] EVENT FINISHED : 2984
[INFO] DISTRIBUTING EVENT : 2999
[INFO] EVENT FINISHED : 2992
[INFO] DISTRIBUTING EVENT : 3000
[INFO] EVENT FINISHED : 2995
[INFO] DISTRIBUTING EVENT : 3001
[INFO] EVENT FINISHED : 2991
[INFO] DISTRIBUTING EVENT : 3002
[INFO] EVENT FINISHED : 2997
[INFO] DISTRIBUTING EVENT : 3003
[INFO] EVENT FINISHED : 2996
[INFO] DISTRIBUTING EVENT : 3004
[INFO] EVENT FINISHED : 2998
[INFO] EVENT FINISHED : 3004
[INFO] DISTRIBUTING EVENT : 3005
[INFO] DISTRIBUTING EVENT : 3006
[INFO] EVENT FINISHED : 3003
[INFO] DISTRIBUTING EVENT : 3007
[INFO] EVENT FINISHED : 3000
[INFO] DISTRIBUTING EVENT : 3008
[INFO] EVENT FINISHED : 2999
[INFO] DISTRIBUTING EVENT : 3009
[INFO] EVENT FINISHED : 2993
[INFO] DISTRIBUTING EVENT : 3010
[INFO] EVENT FINISHED : 3006
[INFO] DISTRIBUTING EVENT : 3011
[INFO] EVENT FINISHED : 3001
[INFO] DISTRIBUTING EVENT : 3012
[INFO] EVENT FINISHED : 3002
[INFO] DISTRIBUTING EVENT : 3013
[INFO] EVENT FINISHED : 3012
[INFO] DISTRIBUTING EVENT : 3014
[INFO] EVENT FINISHED : 3013
[INFO] DISTRIBUTING EVENT : 3015
[INFO] EVENT FINISHED : 3005
[INFO] DISTRIBUTING EVENT : 3016
[INFO] EVENT FINISHED : 3010
[INFO] DISTRIBUTING EVENT : 3017
[INFO] EVENT FINISHED : 3007
[INFO] DISTRIBUTING EVENT : 3018
[INFO] EVENT FINISHED : 3009
[INFO] DISTRIBUTING EVENT : 3019
[INFO] EVENT FINISHED : 3019
[INFO] DISTRIBUTING EVENT : 3020
[INFO] EVENT FINISHED : 3011
[INFO] DISTRIBUTING EVENT : 3021
[INFO] EVENT FINISHED : 3008
[INFO] DISTRIBUTING EVENT : 3022
[INFO] EVENT FINISHED : 3016
[INFO] DISTRIBUTING EVENT : 3023
[INFO] EVENT FINISHED : 3023
[INFO] DISTRIBUTING EVENT : 3024
[INFO] EVENT FINISHED : 3015
[INFO] DISTRIBUTING EVENT : 3025
[INFO] EVENT FINISHED : 3024
[INFO] DISTRIBUTING EVENT : 3026
[INFO] EVENT FINISHED : 3018
[INFO] DISTRIBUTING EVENT : 3027
[INFO] EVENT FINISHED : 3022
[INFO] DISTRIBUTING EVENT : 3028
[INFO] EVENT FINISHED : 3014
[INFO] DISTRIBUTING EVENT : 3029
[INFO] EVENT FINISHED : 3021
[INFO] DISTRIBUTING EVENT : 3030
[INFO] EVENT FINISHED : 3029
[INFO] DISTRIBUTING EVENT : 3031
[INFO] EVENT FINISHED : 3020
[INFO] DISTRIBUTING EVENT : 3032
[INFO] EVENT FINISHED : 3017
[INFO] DISTRIBUTING EVENT : 3033
[INFO] EVENT FINISHED : 3026
[INFO] DISTRIBUTING EVENT : 3034
[INFO] DISTRIBUTING EVENT : 3035
[INFO] EVENT FINISHED : 3031
[INFO] EVENT FINISHED : 3028
[INFO] EVENT FINISHED : 3034
[INFO] DISTRIBUTING EVENT : 3036
[INFO] DISTRIBUTING EVENT : 3037
[INFO] EVENT FINISHED : 3027
[INFO] DISTRIBUTING EVENT : 3038
[INFO] EVENT FINISHED : 3025
[INFO] DISTRIBUTING EVENT : 3039
[INFO] EVENT FINISHED : 3038
[INFO] DISTRIBUTING EVENT : 3040
[INFO] EVENT FINISHED : 3032
[INFO] DISTRIBUTING EVENT : 3041
[INFO] EVENT FINISHED : 3033
[INFO] DISTRIBUTING EVENT : 3042
[INFO] EVENT FINISHED : 3037
[INFO] DISTRIBUTING EVENT : 3043
[INFO] EVENT FINISHED : 3030
[INFO] DISTRIBUTING EVENT : 3044
[INFO] EVENT FINISHED : 3036
[INFO] DISTRIBUTING EVENT : 3045
[INFO] EVENT FINISHED : 3035
[INFO] DISTRIBUTING EVENT : 3046
[INFO] EVENT FINISHED : 3039
[INFO] DISTRIBUTING EVENT : 3047
[INFO] EVENT FINISHED : 3043
[INFO] DISTRIBUTING EVENT : 3048
[INFO] EVENT FINISHED : 3041
[INFO] DISTRIBUTING EVENT : 3049
[INFO] EVENT FINISHED : 3040
[INFO] DISTRIBUTING EVENT : 3050
[INFO] EVENT FINISHED : 3046
[INFO] DISTRIBUTING EVENT : 3051
[INFO] EVENT FINISHED : 3048
[INFO] DISTRIBUTING EVENT : 3052
[INFO] EVENT FINISHED : 3042
[INFO] DISTRIBUTING EVENT : 3053
[INFO] EVENT FINISHED : 3044
[INFO] EVENT FINISHED : 3045
[INFO] DISTRIBUTING EVENT : 3054
[INFO] DISTRIBUTING EVENT : 3055
[INFO] DISTRIBUTING EVENT : 3056
[INFO] EVENT FINISHED : 3049
[INFO] EVENT FINISHED : 3051
[INFO] DISTRIBUTING EVENT : 3057
[INFO] EVENT FINISHED : 3055
[INFO] DISTRIBUTING EVENT : 3058
[INFO] EVENT FINISHED : 3057
[INFO] DISTRIBUTING EVENT : 3059
[INFO] EVENT FINISHED : 3050
[INFO] DISTRIBUTING EVENT : 3060
[INFO] EVENT FINISHED : 3047
[INFO] DISTRIBUTING EVENT : 3061
[INFO] EVENT FINISHED : 3052
[INFO] DISTRIBUTING EVENT : 3062
[INFO] EVENT FINISHED : 3056
[INFO] DISTRIBUTING EVENT : 3063
[INFO] EVENT FINISHED : 3054
[INFO] DISTRIBUTING EVENT : 3064
[INFO] DISTRIBUTING EVENT : 3065
[INFO] EVENT FINISHED : 3058
[INFO] EVENT FINISHED : 3060
[INFO] DISTRIBUTING EVENT : 3066
[INFO] EVENT FINISHED : 3062
[INFO] DISTRIBUTING EVENT : 3067
[INFO] EVENT FINISHED : 3059
[INFO] DISTRIBUTING EVENT : 3068
[INFO] EVENT FINISHED : 3053
[INFO] DISTRIBUTING EVENT : 3069
[INFO] EVENT FINISHED : 3067
[INFO] DISTRIBUTING EVENT : 3070
[INFO] DISTRIBUTING EVENT : 3071
[INFO] EVENT FINISHED : 3064
[INFO] EVENT FINISHED : 3065
[INFO] DISTRIBUTING EVENT : 3072
[INFO] EVENT FINISHED : 3061
[INFO] DISTRIBUTING EVENT : 3073
[INFO] EVENT FINISHED : 3068
[INFO] DISTRIBUTING EVENT : 3074
[INFO] EVENT FINISHED : 3063
[INFO] DISTRIBUTING EVENT : 3075
[INFO] EVENT FINISHED : 3073
[INFO] DISTRIBUTING EVENT : 3076
[INFO] EVENT FINISHED : 3066
[INFO] DISTRIBUTING EVENT : 3077
[INFO] EVENT FINISHED : 3071
[INFO] DISTRIBUTING EVENT : 3078
[INFO] EVENT FINISHED : 3074
[INFO] DISTRIBUTING EVENT : 3079
[INFO] EVENT FINISHED : 3075
[INFO] DISTRIBUTING EVENT : 3080
[INFO] EVENT FINISHED : 3069
[INFO] DISTRIBUTING EVENT : 3081
[INFO] EVENT FINISHED : 3076
[INFO] DISTRIBUTING EVENT : 3082
[INFO] EVENT FINISHED : 3072
[INFO] DISTRIBUTING EVENT : 3083
[INFO] EVENT FINISHED : 3070
[INFO] DISTRIBUTING EVENT : 3084
[INFO] EVENT FINISHED : 3077
[INFO] DISTRIBUTING EVENT : 3085
[INFO] EVENT FINISHED : 3084
[INFO] DISTRIBUTING EVENT : 3086
[INFO] EVENT FINISHED : 3079
[INFO] DISTRIBUTING EVENT : 3087
[INFO] EVENT FINISHED : 3078
[INFO] DISTRIBUTING EVENT : 3088
[INFO] EVENT FINISHED : 3085
[INFO] DISTRIBUTING EVENT : 3089
[INFO] EVENT FINISHED : 3086
[INFO] DISTRIBUTING EVENT : 3090
[INFO] EVENT FINISHED : 3083
[INFO] DISTRIBUTING EVENT : 3091
[INFO] EVENT FINISHED : 3080
[INFO] DISTRIBUTING EVENT : 3092
[INFO] EVENT FINISHED : 3092
[INFO] DISTRIBUTING EVENT : 3093
[INFO] EVENT FINISHED : 3082
[INFO] DISTRIBUTING EVENT : 3094
[INFO] EVENT FINISHED : 3093
[INFO] DISTRIBUTING EVENT : 3095
[INFO] EVENT FINISHED : 3095
[INFO] DISTRIBUTING EVENT : 3096
[INFO] EVENT FINISHED : 3089
[INFO] DISTRIBUTING EVENT : 3097
[INFO] EVENT FINISHED : 3081
[INFO] DISTRIBUTING EVENT : 3098
[INFO] EVENT FINISHED : 3098
[INFO] DISTRIBUTING EVENT : 3099
[INFO] EVENT FINISHED : 3087
[INFO] DISTRIBUTING EVENT : 3100
[INFO] EVENT FINISHED : 3100
[INFO] DISTRIBUTING EVENT : 3101
[INFO] EVENT FINISHED : 3091
[INFO] DISTRIBUTING EVENT : 3102
[INFO] EVENT FINISHED : 3088
[INFO] DISTRIBUTING EVENT : 3103
[INFO] EVENT FINISHED : 3090
[INFO] DISTRIBUTING EVENT : 3104
[INFO] EVENT FINISHED : 3097
[INFO] DISTRIBUTING EVENT : 3105
[INFO] EVENT FINISHED : 3096
[INFO] DISTRIBUTING EVENT : 3106
[INFO] EVENT FINISHED : 3094
[INFO] DISTRIBUTING EVENT : 3107
[INFO] EVENT FINISHED : 3103
[INFO] DISTRIBUTING EVENT : 3108
[INFO] EVENT FINISHED : 3099
[INFO] DISTRIBUTING EVENT : 3109
[INFO] EVENT FINISHED : 3101
[INFO] DISTRIBUTING EVENT : 3110
[INFO] EVENT FINISHED : 3105
[INFO] DISTRIBUTING EVENT : 3111
[INFO] EVENT FINISHED : 3102
[INFO] DISTRIBUTING EVENT : 3112
[INFO] EVENT FINISHED : 3107
[INFO] DISTRIBUTING EVENT : 3113
[INFO] EVENT FINISHED : 3106
[INFO] DISTRIBUTING EVENT : 3114
[INFO] EVENT FINISHED : 3104
[INFO] EVENT FINISHED : 3109
[INFO] DISTRIBUTING EVENT : 3115
[INFO] DISTRIBUTING EVENT : 3116
[INFO] EVENT FINISHED : 3110
[INFO] DISTRIBUTING EVENT : 3117
[INFO] EVENT FINISHED : 3115
[INFO] DISTRIBUTING EVENT : 3118
[INFO] EVENT FINISHED : 3118
[INFO] EVENT FINISHED : 3108
[INFO] DISTRIBUTING EVENT : 3119
[INFO] DISTRIBUTING EVENT : 3120
[INFO] EVENT FINISHED : 3116
[INFO] DISTRIBUTING EVENT : 3121
[INFO] EVENT FINISHED : 3111
[INFO] DISTRIBUTING EVENT : 3122
[INFO] EVENT FINISHED : 3113
[INFO] DISTRIBUTING EVENT : 3123
[INFO] EVENT FINISHED : 3114
[INFO] DISTRIBUTING EVENT : 3124
[INFO] EVENT FINISHED : 3122
[INFO] DISTRIBUTING EVENT : 3125
[INFO] EVENT FINISHED : 3120
[INFO] DISTRIBUTING EVENT : 3126
[INFO] EVENT FINISHED : 3125
[INFO] DISTRIBUTING EVENT : 3127
[INFO] EVENT FINISHED : 3112
[INFO] DISTRIBUTING EVENT : 3128
[INFO] EVENT FINISHED : 3117
[INFO] DISTRIBUTING EVENT : 3129
[INFO] EVENT FINISHED : 3126
[INFO] DISTRIBUTING EVENT : 3130
[INFO] EVENT FINISHED : 3121
[INFO] DISTRIBUTING EVENT : 3131
[INFO] EVENT FINISHED : 3129
[INFO] DISTRIBUTING EVENT : 3132
[INFO] EVENT FINISHED : 3123
[INFO] DISTRIBUTING EVENT : 3133
[INFO] EVENT FINISHED : 3128
[INFO] DISTRIBUTING EVENT : 3134
[INFO] EVENT FINISHED : 3119
[INFO] DISTRIBUTING EVENT : 3135
[INFO] EVENT FINISHED : 3133
[INFO] DISTRIBUTING EVENT : 3136
[INFO] EVENT FINISHED : 3124
[INFO] DISTRIBUTING EVENT : 3137
[INFO] EVENT FINISHED : 3127
[INFO] DISTRIBUTING EVENT : 3138
[INFO] EVENT FINISHED : 3132
[INFO] DISTRIBUTING EVENT : 3139
[INFO] EVENT FINISHED : 3137
[INFO] DISTRIBUTING EVENT : 3140
[INFO] EVENT FINISHED : 3130
[INFO] DISTRIBUTING EVENT : 3141
[INFO] EVENT FINISHED : 3136
[INFO] DISTRIBUTING EVENT : 3142
[INFO] EVENT FINISHED : 3131
[INFO] DISTRIBUTING EVENT : 3143
[INFO] EVENT FINISHED : 3134
[INFO] DISTRIBUTING EVENT : 3144
[INFO] EVENT FINISHED : 3138
[INFO] DISTRIBUTING EVENT : 3145
[INFO] EVENT FINISHED : 3135
[INFO] DISTRIBUTING EVENT : 3146
[INFO] EVENT FINISHED : 3139
[INFO] DISTRIBUTING EVENT : 3147
[INFO] EVENT FINISHED : 3140
[INFO] DISTRIBUTING EVENT : 3148
[INFO] EVENT FINISHED : 3142
[INFO] DISTRIBUTING EVENT : 3149
[INFO] EVENT FINISHED : 3141
[INFO] DISTRIBUTING EVENT : 3150
[INFO] EVENT FINISHED : 3143
[INFO] DISTRIBUTING EVENT : 3151
[INFO] EVENT FINISHED : 3147
[INFO] DISTRIBUTING EVENT : 3152
[INFO] EVENT FINISHED : 3144
[INFO] DISTRIBUTING EVENT : 3153
[INFO] EVENT FINISHED : 3146
[INFO] DISTRIBUTING EVENT : 3154
[INFO] EVENT FINISHED : 3145
[INFO] DISTRIBUTING EVENT : 3155
[INFO] EVENT FINISHED : 3148
[INFO] DISTRIBUTING EVENT : 3156
[INFO] EVENT FINISHED : 3149
[INFO] DISTRIBUTING EVENT : 3157
[INFO] EVENT FINISHED : 3152
[INFO] DISTRIBUTING EVENT : 3158
[INFO] EVENT FINISHED : 3150
[INFO] DISTRIBUTING EVENT : 3159
[INFO] EVENT FINISHED : 3151
[INFO] DISTRIBUTING EVENT : 3160
[INFO] EVENT FINISHED : 3155
[INFO] DISTRIBUTING EVENT : 3161
[INFO] EVENT FINISHED : 3156
[INFO] DISTRIBUTING EVENT : 3162
[INFO] EVENT FINISHED : 3153
[INFO] DISTRIBUTING EVENT : 3163
[INFO] EVENT FINISHED : 3154
[INFO] DISTRIBUTING EVENT : 3164
[INFO] EVENT FINISHED : 3162
[INFO] DISTRIBUTING EVENT : 3165
[INFO] EVENT FINISHED : 3158
[INFO] DISTRIBUTING EVENT : 3166
[INFO] EVENT FINISHED : 3157
[INFO] DISTRIBUTING EVENT : 3167
[INFO] EVENT FINISHED : 3161
[INFO] DISTRIBUTING EVENT : 3168
[INFO] EVENT FINISHED : 3159
[INFO] DISTRIBUTING EVENT : 3169
[INFO] EVENT FINISHED : 3163
[INFO] DISTRIBUTING EVENT : 3170
[INFO] EVENT FINISHED : 3160
[INFO] DISTRIBUTING EVENT : 3171
[INFO] EVENT FINISHED : 3166
[INFO] DISTRIBUTING EVENT : 3172
[INFO] EVENT FINISHED : 3165
[INFO] DISTRIBUTING EVENT : 3173
[INFO] EVENT FINISHED : 3169
[INFO] DISTRIBUTING EVENT : 3174
[INFO] EVENT FINISHED : 3167
[INFO] DISTRIBUTING EVENT : 3175
[INFO] EVENT FINISHED : 3164
[INFO] DISTRIBUTING EVENT : 3176
[INFO] EVENT FINISHED : 3168
[INFO] DISTRIBUTING EVENT : 3177
[INFO] EVENT FINISHED : 3177
[INFO] DISTRIBUTING EVENT : 3178
[INFO] EVENT FINISHED : 3172
[INFO] DISTRIBUTING EVENT : 3179
[INFO] EVENT FINISHED : 3174
[INFO] DISTRIBUTING EVENT : 3180
[INFO] EVENT FINISHED : 3171
[INFO] DISTRIBUTING EVENT : 3181
[INFO] EVENT FINISHED : 3178
[INFO] DISTRIBUTING EVENT : 3182
[INFO] EVENT FINISHED : 3175
[INFO] DISTRIBUTING EVENT : 3183
[INFO] EVENT FINISHED : 3173
[INFO] DISTRIBUTING EVENT : 3184
[INFO] EVENT FINISHED : 3170
[INFO] DISTRIBUTING EVENT : 3185
[INFO] EVENT FINISHED : 3180
[INFO] DISTRIBUTING EVENT : 3186
[INFO] EVENT FINISHED : 3179
[INFO] DISTRIBUTING EVENT : 3187
[INFO] EVENT FINISHED : 3184
[INFO] DISTRIBUTING EVENT : 3188
[INFO] EVENT FINISHED : 3176
[INFO] DISTRIBUTING EVENT : 3189
[INFO] EVENT FINISHED : 3186
[INFO] DISTRIBUTING EVENT : 3190
[INFO] EVENT FINISHED : 3183
[INFO] DISTRIBUTING EVENT : 3191
[INFO] EVENT FINISHED : 3182
[INFO] DISTRIBUTING EVENT : 3192
[INFO] EVENT FINISHED : 3181
[INFO] DISTRIBUTING EVENT : 3193
[INFO] EVENT FINISHED : 3185
[INFO] DISTRIBUTING EVENT : 3194
[INFO] EVENT FINISHED : 3188
[INFO] DISTRIBUTING EVENT : 3195
[INFO] EVENT FINISHED : 3189
[INFO] DISTRIBUTING EVENT : 3196
[INFO] EVENT FINISHED : 3190
[INFO] DISTRIBUTING EVENT : 3197
[INFO] EVENT FINISHED : 3194
[INFO] DISTRIBUTING EVENT : 3198
[INFO] EVENT FINISHED : 3193
[INFO] DISTRIBUTING EVENT : 3199
[INFO] EVENT FINISHED : 3191
[INFO] DISTRIBUTING EVENT : 3200
[INFO] EVENT FINISHED : 3197
[INFO] DISTRIBUTING EVENT : 3201
[INFO] EVENT FINISHED : 3187
[INFO] DISTRIBUTING EVENT : 3202
[INFO] EVENT FINISHED : 3195
[INFO] DISTRIBUTING EVENT : 3203
[INFO] EVENT FINISHED : 3192
[INFO] DISTRIBUTING EVENT : 3204
[INFO] EVENT FINISHED : 3196
[INFO] DISTRIBUTING EVENT : 3205
[INFO] EVENT FINISHED : 3201
[INFO] DISTRIBUTING EVENT : 3206
[INFO] EVENT FINISHED : 3205
[INFO] DISTRIBUTING EVENT : 3207
[INFO] EVENT FINISHED : 3200
[INFO] DISTRIBUTING EVENT : 3208
[INFO] EVENT FINISHED : 3199
[INFO] DISTRIBUTING EVENT : 3209
[INFO] EVENT FINISHED : 3207
[INFO] DISTRIBUTING EVENT : 3210
[INFO] EVENT FINISHED : 3204
[INFO] DISTRIBUTING EVENT : 3211
[INFO] EVENT FINISHED : 3209
[INFO] DISTRIBUTING EVENT : 3212
[INFO] EVENT FINISHED : 3198
[INFO] DISTRIBUTING EVENT : 3213
[INFO] EVENT FINISHED : 3202
[INFO] DISTRIBUTING EVENT : 3214
[INFO] EVENT FINISHED : 3208
[INFO] DISTRIBUTING EVENT : 3215
[INFO] EVENT FINISHED : 3203
[INFO] DISTRIBUTING EVENT : 3216
[INFO] EVENT FINISHED : 3206
[INFO] DISTRIBUTING EVENT : 3217
[INFO] DISTRIBUTING EVENT : 3218
[INFO] EVENT FINISHED : 3217
[INFO] EVENT FINISHED : 3212
[INFO] DISTRIBUTING EVENT : 3219
[INFO] EVENT FINISHED : 3211
[INFO] DISTRIBUTING EVENT : 3220
[INFO] EVENT FINISHED : 3218
[INFO] DISTRIBUTING EVENT : 3221
[INFO] EVENT FINISHED : 3213
[INFO] DISTRIBUTING EVENT : 3222
[INFO] EVENT FINISHED : 3219
[INFO] DISTRIBUTING EVENT : 3223
[INFO] EVENT FINISHED : 3214
[INFO] DISTRIBUTING EVENT : 3224
[INFO] EVENT FINISHED : 3210
[INFO] DISTRIBUTING EVENT : 3225
[INFO] EVENT FINISHED : 3215
[INFO] DISTRIBUTING EVENT : 3226
[INFO] EVENT FINISHED : 3226
[INFO] DISTRIBUTING EVENT : 3227
[INFO] EVENT FINISHED : 3216
[INFO] DISTRIBUTING EVENT : 3228
[INFO] EVENT FINISHED : 3220
[INFO] DISTRIBUTING EVENT : 3229
[INFO] EVENT FINISHED : 3221
[INFO] DISTRIBUTING EVENT : 3230
[INFO] EVENT FINISHED : 3222
[INFO] DISTRIBUTING EVENT : 3231
[INFO] EVENT FINISHED : 3223
[INFO] DISTRIBUTING EVENT : 3232
[INFO] EVENT FINISHED : 3228
[INFO] DISTRIBUTING EVENT : 3233
[INFO] EVENT FINISHED : 3232
[INFO] DISTRIBUTING EVENT : 3234
[INFO] EVENT FINISHED : 3227
[INFO] DISTRIBUTING EVENT : 3235
[INFO] EVENT FINISHED : 3225
[INFO] DISTRIBUTING EVENT : 3236
[INFO] EVENT FINISHED : 3230
[INFO] DISTRIBUTING EVENT : 3237
[INFO] EVENT FINISHED : 3224
[INFO] DISTRIBUTING EVENT : 3238
[INFO] EVENT FINISHED : 3236
[INFO] DISTRIBUTING EVENT : 3239
[INFO] EVENT FINISHED : 3238
[INFO] DISTRIBUTING EVENT : 3240
[INFO] EVENT FINISHED : 3229
[INFO] DISTRIBUTING EVENT : 3241
[INFO] EVENT FINISHED : 3241
[INFO] DISTRIBUTING EVENT : 3242
[INFO] EVENT FINISHED : 3233
[INFO] DISTRIBUTING EVENT : 3243
[INFO] EVENT FINISHED : 3234
[INFO] DISTRIBUTING EVENT : 3244
[INFO] EVENT FINISHED : 3235
[INFO] DISTRIBUTING EVENT : 3245
[INFO] EVENT FINISHED : 3239
[INFO] DISTRIBUTING EVENT : 3246
[INFO] EVENT FINISHED : 3240
[INFO] DISTRIBUTING EVENT : 3247
[INFO] EVENT FINISHED : 3244
[INFO] DISTRIBUTING EVENT : 3248
[INFO] EVENT FINISHED : 3245
[INFO] DISTRIBUTING EVENT : 3249
[INFO] EVENT FINISHED : 3247
[INFO] DISTRIBUTING EVENT : 3250
[INFO] EVENT FINISHED : 3231
[INFO] DISTRIBUTING EVENT : 3251
[INFO] EVENT FINISHED : 3237
[INFO] DISTRIBUTING EVENT : 3252
[INFO] EVENT FINISHED : 3251
[INFO] DISTRIBUTING EVENT : 3253
[INFO] EVENT FINISHED : 3248
[INFO] DISTRIBUTING EVENT : 3254
[INFO] EVENT FINISHED : 3243
[INFO] DISTRIBUTING EVENT : 3255
[INFO] EVENT FINISHED : 3250
[INFO] DISTRIBUTING EVENT : 3256
[INFO] EVENT FINISHED : 3242
[INFO] DISTRIBUTING EVENT : 3257
[INFO] EVENT FINISHED : 3252
[INFO] DISTRIBUTING EVENT : 3258
[INFO] EVENT FINISHED : 3256
[INFO] DISTRIBUTING EVENT : 3259
[INFO] EVENT FINISHED : 3249
[INFO] DISTRIBUTING EVENT : 3260
[INFO] EVENT FINISHED : 3246
[INFO] DISTRIBUTING EVENT : 3261
[INFO] EVENT FINISHED : 3253
[INFO] DISTRIBUTING EVENT : 3262
[INFO] EVENT FINISHED : 3258
[INFO] DISTRIBUTING EVENT : 3263
[INFO] EVENT FINISHED : 3255
[INFO] DISTRIBUTING EVENT : 3264
[INFO] EVENT FINISHED : 3254
[INFO] DISTRIBUTING EVENT : 3265
[INFO] EVENT FINISHED : 3257
[INFO] DISTRIBUTING EVENT : 3266
[INFO] EVENT FINISHED : 3264
[INFO] DISTRIBUTING EVENT : 3267
[INFO] EVENT FINISHED : 3261
[INFO] DISTRIBUTING EVENT : 3268
[INFO] EVENT FINISHED : 3260
[INFO] DISTRIBUTING EVENT : 3269
[INFO] EVENT FINISHED : 3268
[INFO] DISTRIBUTING EVENT : 3270
[INFO] EVENT FINISHED : 3262
[INFO] DISTRIBUTING EVENT : 3271
[INFO] EVENT FINISHED : 3267
[INFO] DISTRIBUTING EVENT : 3272
[INFO] EVENT FINISHED : 3270
[INFO] DISTRIBUTING EVENT : 3273
[INFO] EVENT FINISHED : 3266
[INFO] DISTRIBUTING EVENT : 3274
[INFO] EVENT FINISHED : 3259
[INFO] DISTRIBUTING EVENT : 3275
[INFO] EVENT FINISHED : 3269
[INFO] DISTRIBUTING EVENT : 3276
[INFO] EVENT FINISHED : 3265
[INFO] DISTRIBUTING EVENT : 3277
[INFO] EVENT FINISHED : 3271
[INFO] DISTRIBUTING EVENT : 3278
[INFO] EVENT FINISHED : 3263
[INFO] DISTRIBUTING EVENT : 3279
[INFO] EVENT FINISHED : 3272
[INFO] DISTRIBUTING EVENT : 3280
[INFO] EVENT FINISHED : 3275
[INFO] DISTRIBUTING EVENT : 3281
[INFO] EVENT FINISHED : 3274
[INFO] DISTRIBUTING EVENT : 3282
[INFO] EVENT FINISHED : 3276
[INFO] DISTRIBUTING EVENT : 3283
[INFO] EVENT FINISHED : 3273
[INFO] DISTRIBUTING EVENT : 3284
[INFO] EVENT FINISHED : 3278
[INFO] DISTRIBUTING EVENT : 3285
[INFO] EVENT FINISHED : 3285
[INFO] DISTRIBUTING EVENT : 3286
[INFO] EVENT FINISHED : 3279
[INFO] DISTRIBUTING EVENT : 3287
[INFO] EVENT FINISHED : 3277
[INFO] DISTRIBUTING EVENT : 3288
[INFO] EVENT FINISHED : 3281
[INFO] DISTRIBUTING EVENT : 3289
[INFO] EVENT FINISHED : 3283
[INFO] DISTRIBUTING EVENT : 3290
[INFO] EVENT FINISHED : 3282
[INFO] DISTRIBUTING EVENT : 3291
[INFO] EVENT FINISHED : 3286
[INFO] DISTRIBUTING EVENT : 3292
[INFO] EVENT FINISHED : 3280
[INFO] DISTRIBUTING EVENT : 3293
[INFO] EVENT FINISHED : 3284
[INFO] DISTRIBUTING EVENT : 3294
[INFO] EVENT FINISHED : 3291
[INFO] DISTRIBUTING EVENT : 3295
[INFO] EVENT FINISHED : 3288
[INFO] DISTRIBUTING EVENT : 3296
[INFO] EVENT FINISHED : 3292
[INFO] DISTRIBUTING EVENT : 3297
[INFO] EVENT FINISHED : 3287
[INFO] DISTRIBUTING EVENT : 3298
[INFO] EVENT FINISHED : 3298
[INFO] DISTRIBUTING EVENT : 3299
[INFO] EVENT FINISHED : 3294
[INFO] DISTRIBUTING EVENT : 3300
[INFO] EVENT FINISHED : 3289
[INFO] DISTRIBUTING EVENT : 3301
[INFO] EVENT FINISHED : 3296
[INFO] DISTRIBUTING EVENT : 3302
[INFO] EVENT FINISHED : 3301
[INFO] DISTRIBUTING EVENT : 3303
[INFO] EVENT FINISHED : 3295
[INFO] DISTRIBUTING EVENT : 3304
[INFO] EVENT FINISHED : 3297
[INFO] DISTRIBUTING EVENT : 3305
[INFO] EVENT FINISHED : 3299
[INFO] DISTRIBUTING EVENT : 3306
[INFO] EVENT FINISHED : 3302
[INFO] DISTRIBUTING EVENT : 3307
[INFO] EVENT FINISHED : 3290
[INFO] DISTRIBUTING EVENT : 3308
[INFO] EVENT FINISHED : 3293
[INFO] DISTRIBUTING EVENT : 3309
[INFO] EVENT FINISHED : 3303
[INFO] DISTRIBUTING EVENT : 3310
[INFO] EVENT FINISHED : 3306
[INFO] DISTRIBUTING EVENT : 3311
[INFO] EVENT FINISHED : 3310
[INFO] DISTRIBUTING EVENT : 3312
[INFO] EVENT FINISHED : 3304
[INFO] DISTRIBUTING EVENT : 3313
[INFO] EVENT FINISHED : 3300
[INFO] DISTRIBUTING EVENT : 3314
[INFO] EVENT FINISHED : 3305
[INFO] DISTRIBUTING EVENT : 3315
[INFO] EVENT FINISHED : 3315
[INFO] DISTRIBUTING EVENT : 3316
[INFO] EVENT FINISHED : 3308
[INFO] DISTRIBUTING EVENT : 3317
[INFO] EVENT FINISHED : 3312
[INFO] DISTRIBUTING EVENT : 3318
[INFO] EVENT FINISHED : 3307
[INFO] DISTRIBUTING EVENT : 3319
[INFO] EVENT FINISHED : 3314
[INFO] DISTRIBUTING EVENT : 3320
[INFO] EVENT FINISHED : 3309
[INFO] DISTRIBUTING EVENT : 3321
[INFO] EVENT FINISHED : 3311
[INFO] DISTRIBUTING EVENT : 3322
[INFO] EVENT FINISHED : 3321
[INFO] DISTRIBUTING EVENT : 3323
[INFO] EVENT FINISHED : 3313
[INFO] DISTRIBUTING EVENT : 3324
[INFO] EVENT FINISHED : 3316
[INFO] DISTRIBUTING EVENT : 3325
[INFO] EVENT FINISHED : 3319
[INFO] DISTRIBUTING EVENT : 3326
[INFO] EVENT FINISHED : 3322
[INFO] DISTRIBUTING EVENT : 3327
[INFO] EVENT FINISHED : 3327
[INFO] DISTRIBUTING EVENT : 3328
[INFO] EVENT FINISHED : 3323
[INFO] DISTRIBUTING EVENT : 3329
[INFO] EVENT FINISHED : 3325
[INFO] DISTRIBUTING EVENT : 3330
[INFO] EVENT FINISHED : 3317
[INFO] DISTRIBUTING EVENT : 3331
[INFO] EVENT FINISHED : 3328
[INFO] DISTRIBUTING EVENT : 3332
[INFO] EVENT FINISHED : 3329
[INFO] DISTRIBUTING EVENT : 3333
[INFO] EVENT FINISHED : 3318
[INFO] DISTRIBUTING EVENT : 3334
[INFO] EVENT FINISHED : 3331
[INFO] DISTRIBUTING EVENT : 3335
[INFO] EVENT FINISHED : 3320
[INFO] DISTRIBUTING EVENT : 3336
[INFO] EVENT FINISHED : 3326
[INFO] DISTRIBUTING EVENT : 3337
[INFO] EVENT FINISHED : 3324
[INFO] DISTRIBUTING EVENT : 3338
[INFO] EVENT FINISHED : 3330
[INFO] DISTRIBUTING EVENT : 3339
[INFO] EVENT FINISHED : 3338
[INFO] DISTRIBUTING EVENT : 3340
[INFO] EVENT FINISHED : 3336
[INFO] DISTRIBUTING EVENT : 3341
[INFO] EVENT FINISHED : 3333
[INFO] DISTRIBUTING EVENT : 3342
[INFO] EVENT FINISHED : 3332
[INFO] DISTRIBUTING EVENT : 3343
[INFO] EVENT FINISHED : 3334
[INFO] DISTRIBUTING EVENT : 3344
[INFO] EVENT FINISHED : 3339
[INFO] DISTRIBUTING EVENT : 3345
[INFO] EVENT FINISHED : 3337
[INFO] DISTRIBUTING EVENT : 3346
[INFO] EVENT FINISHED : 3335
[INFO] DISTRIBUTING EVENT : 3347
[INFO] EVENT FINISHED : 3344
[INFO] DISTRIBUTING EVENT : 3348
[INFO] EVENT FINISHED : 3340
[INFO] DISTRIBUTING EVENT : 3349
[INFO] EVENT FINISHED : 3341
[INFO] DISTRIBUTING EVENT : 3350
[INFO] EVENT FINISHED : 3345
[INFO] DISTRIBUTING EVENT : 3351
[INFO] EVENT FINISHED : 3343
[INFO] DISTRIBUTING EVENT : 3352
[INFO] EVENT FINISHED : 3346
[INFO] DISTRIBUTING EVENT : 3353
[INFO] EVENT FINISHED : 3352
[INFO] DISTRIBUTING EVENT : 3354
[INFO] EVENT FINISHED : 3342
[INFO] DISTRIBUTING EVENT : 3355
[INFO] EVENT FINISHED : 3347
[INFO] DISTRIBUTING EVENT : 3356
[INFO] EVENT FINISHED : 3348
[INFO] DISTRIBUTING EVENT : 3357
[INFO] EVENT FINISHED : 3356
[INFO] DISTRIBUTING EVENT : 3358
[INFO] EVENT FINISHED : 3349
[INFO] DISTRIBUTING EVENT : 3359
[INFO] EVENT FINISHED : 3358
[INFO] DISTRIBUTING EVENT : 3360
[INFO] EVENT FINISHED : 3354
[INFO] DISTRIBUTING EVENT : 3361
[INFO] EVENT FINISHED : 3355
[INFO] DISTRIBUTING EVENT : 3362
[INFO] EVENT FINISHED : 3350
[INFO] DISTRIBUTING EVENT : 3363
[INFO] EVENT FINISHED : 3362
[INFO] DISTRIBUTING EVENT : 3364
[INFO] EVENT FINISHED : 3361
[INFO] DISTRIBUTING EVENT : 3365
[INFO] EVENT FINISHED : 3353
[INFO] DISTRIBUTING EVENT : 3366
[INFO] EVENT FINISHED : 3351
[INFO] DISTRIBUTING EVENT : 3367
[INFO] EVENT FINISHED : 3365
[INFO] DISTRIBUTING EVENT : 3368
[INFO] EVENT FINISHED : 3368
[INFO] DISTRIBUTING EVENT : 3369
[INFO] EVENT FINISHED : 3357
[INFO] DISTRIBUTING EVENT : 3370
[INFO] EVENT FINISHED : 3360
[INFO] DISTRIBUTING EVENT : 3371
[INFO] EVENT FINISHED : 3367
[INFO] DISTRIBUTING EVENT : 3372
[INFO] EVENT FINISHED : 3369
[INFO] DISTRIBUTING EVENT : 3373
[INFO] EVENT FINISHED : 3372
[INFO] DISTRIBUTING EVENT : 3374
[INFO] EVENT FINISHED : 3364
[INFO] DISTRIBUTING EVENT : 3375
[INFO] EVENT FINISHED : 3370
[INFO] DISTRIBUTING EVENT : 3376
[INFO] EVENT FINISHED : 3363
[INFO] DISTRIBUTING EVENT : 3377
[INFO] EVENT FINISHED : 3359
[INFO] DISTRIBUTING EVENT : 3378
[INFO] EVENT FINISHED : 3377
[INFO] DISTRIBUTING EVENT : 3379
[INFO] EVENT FINISHED : 3371
[INFO] DISTRIBUTING EVENT : 3380
[INFO] EVENT FINISHED : 3373
[INFO] DISTRIBUTING EVENT : 3381
[INFO] EVENT FINISHED : 3366
[INFO] DISTRIBUTING EVENT : 3382
[INFO] EVENT FINISHED : 3374
[INFO] DISTRIBUTING EVENT : 3383
[INFO] EVENT FINISHED : 3379
[INFO] DISTRIBUTING EVENT : 3384
[INFO] EVENT FINISHED : 3378
[INFO] DISTRIBUTING EVENT : 3385
[INFO] EVENT FINISHED : 3375
[INFO] DISTRIBUTING EVENT : 3386
[INFO] EVENT FINISHED : 3384
[INFO] DISTRIBUTING EVENT : 3387
[INFO] EVENT FINISHED : 3380
[INFO] DISTRIBUTING EVENT : 3388
[INFO] EVENT FINISHED : 3387
[INFO] DISTRIBUTING EVENT : 3389
[INFO] EVENT FINISHED : 3381
[INFO] DISTRIBUTING EVENT : 3390
[INFO] EVENT FINISHED : 3383
[INFO] DISTRIBUTING EVENT : 3391
[INFO] EVENT FINISHED : 3386
[INFO] DISTRIBUTING EVENT : 3392
[INFO] EVENT FINISHED : 3382
[INFO] DISTRIBUTING EVENT : 3393
[INFO] EVENT FINISHED : 3385
[INFO] DISTRIBUTING EVENT : 3394
[INFO] EVENT FINISHED : 3393
[INFO] DISTRIBUTING EVENT : 3395
[INFO] EVENT FINISHED : 3376
[INFO] DISTRIBUTING EVENT : 3396
[INFO] EVENT FINISHED : 3388
[INFO] DISTRIBUTING EVENT : 3397
[INFO] EVENT FINISHED : 3397
[INFO] DISTRIBUTING EVENT : 3398
[INFO] EVENT FINISHED : 3389
[INFO] DISTRIBUTING EVENT : 3399
[INFO] EVENT FINISHED : 3396
[INFO] DISTRIBUTING EVENT : 3400
[INFO] EVENT FINISHED : 3391
[INFO] DISTRIBUTING EVENT : 3401
[INFO] EVENT FINISHED : 3390
[INFO] DISTRIBUTING EVENT : 3402
[INFO] EVENT FINISHED : 3394
[INFO] DISTRIBUTING EVENT : 3403
[INFO] EVENT FINISHED : 3392
[INFO] DISTRIBUTING EVENT : 3404
[INFO] EVENT FINISHED : 3398
[INFO] DISTRIBUTING EVENT : 3405
[INFO] EVENT FINISHED : 3395
[INFO] DISTRIBUTING EVENT : 3406
[INFO] EVENT FINISHED : 3401
[INFO] DISTRIBUTING EVENT : 3407
[INFO] EVENT FINISHED : 3402
[INFO] DISTRIBUTING EVENT : 3408
[INFO] EVENT FINISHED : 3400
[INFO] DISTRIBUTING EVENT : 3409
[INFO] EVENT FINISHED : 3404
[INFO] DISTRIBUTING EVENT : 3410
[INFO] EVENT FINISHED : 3409
[INFO] DISTRIBUTING EVENT : 3411
[INFO] EVENT FINISHED : 3399
[INFO] DISTRIBUTING EVENT : 3412
[INFO] EVENT FINISHED : 3403
[INFO] DISTRIBUTING EVENT : 3413
[INFO] EVENT FINISHED : 3405
[INFO] DISTRIBUTING EVENT : 3414
[INFO] EVENT FINISHED : 3411
[INFO] DISTRIBUTING EVENT : 3415
[INFO] EVENT FINISHED : 3408
[INFO] DISTRIBUTING EVENT : 3416
[INFO] EVENT FINISHED : 3412
[INFO] DISTRIBUTING EVENT : 3417
[INFO] EVENT FINISHED : 3417
[INFO] DISTRIBUTING EVENT : 3418
[INFO] EVENT FINISHED : 3406
[INFO] DISTRIBUTING EVENT : 3419
[INFO] EVENT FINISHED : 3407
[INFO] DISTRIBUTING EVENT : 3420
[INFO] EVENT FINISHED : 3414
[INFO] DISTRIBUTING EVENT : 3421
[INFO] EVENT FINISHED : 3413
[INFO] DISTRIBUTING EVENT : 3422
[INFO] EVENT FINISHED : 3410
[INFO] DISTRIBUTING EVENT : 3423
[INFO] EVENT FINISHED : 3423
[INFO] DISTRIBUTING EVENT : 3424
[INFO] EVENT FINISHED : 3419
[INFO] DISTRIBUTING EVENT : 3425
[INFO] EVENT FINISHED : 3422
[INFO] DISTRIBUTING EVENT : 3426
[INFO] EVENT FINISHED : 3415
[INFO] DISTRIBUTING EVENT : 3427
[INFO] EVENT FINISHED : 3416
[INFO] DISTRIBUTING EVENT : 3428
[INFO] EVENT FINISHED : 3421
[INFO] DISTRIBUTING EVENT : 3429
[INFO] EVENT FINISHED : 3426
[INFO] DISTRIBUTING EVENT : 3430
[INFO] EVENT FINISHED : 3418
[INFO] DISTRIBUTING EVENT : 3431
[INFO] EVENT FINISHED : 3424
[INFO] DISTRIBUTING EVENT : 3432
[INFO] EVENT FINISHED : 3420
[INFO] DISTRIBUTING EVENT : 3433
[INFO] EVENT FINISHED : 3430
[INFO] DISTRIBUTING EVENT : 3434
[INFO] EVENT FINISHED : 3427
[INFO] DISTRIBUTING EVENT : 3435
[INFO] EVENT FINISHED : 3429
[INFO] DISTRIBUTING EVENT : 3436
[INFO] EVENT FINISHED : 3425
[INFO] DISTRIBUTING EVENT : 3437
[INFO] EVENT FINISHED : 3434
[INFO] DISTRIBUTING EVENT : 3438
[INFO] EVENT FINISHED : 3428
[INFO] DISTRIBUTING EVENT : 3439
[INFO] EVENT FINISHED : 3433
[INFO] DISTRIBUTING EVENT : 3440
[INFO] EVENT FINISHED : 3439
[INFO] DISTRIBUTING EVENT : 3441
[INFO] EVENT FINISHED : 3432
[INFO] DISTRIBUTING EVENT : 3442
[INFO] EVENT FINISHED : 3431
[INFO] DISTRIBUTING EVENT : 3443
[INFO] EVENT FINISHED : 3438
[INFO] DISTRIBUTING EVENT : 3444
[INFO] EVENT FINISHED : 3440
[INFO] DISTRIBUTING EVENT : 3445
[INFO] EVENT FINISHED : 3436
[INFO] DISTRIBUTING EVENT : 3446
[INFO] EVENT FINISHED : 3437
[INFO] DISTRIBUTING EVENT : 3447
[INFO] EVENT FINISHED : 3435
[INFO] DISTRIBUTING EVENT : 3448
[INFO] EVENT FINISHED : 3444
[INFO] DISTRIBUTING EVENT : 3449
[INFO] EVENT FINISHED : 3441
[INFO] DISTRIBUTING EVENT : 3450
[INFO] EVENT FINISHED : 3442
[INFO] DISTRIBUTING EVENT : 3451
[INFO] EVENT FINISHED : 3443
[INFO] DISTRIBUTING EVENT : 3452
[INFO] EVENT FINISHED : 3445
[INFO] DISTRIBUTING EVENT : 3453
[INFO] EVENT FINISHED : 3452
[INFO] DISTRIBUTING EVENT : 3454
[INFO] EVENT FINISHED : 3448
[INFO] DISTRIBUTING EVENT : 3455
[INFO] EVENT FINISHED : 3447
[INFO] DISTRIBUTING EVENT : 3456
[INFO] EVENT FINISHED : 3453
[INFO] DISTRIBUTING EVENT : 3457
[INFO] EVENT FINISHED : 3446
[INFO] DISTRIBUTING EVENT : 3458
[INFO] EVENT FINISHED : 3458
[INFO] DISTRIBUTING EVENT : 3459
[INFO] EVENT FINISHED : 3450
[INFO] DISTRIBUTING EVENT : 3460
[INFO] EVENT FINISHED : 3449
[INFO] DISTRIBUTING EVENT : 3461
[INFO] EVENT FINISHED : 3451
[INFO] DISTRIBUTING EVENT : 3462
[INFO] EVENT FINISHED : 3457
[INFO] DISTRIBUTING EVENT : 3463
[INFO] EVENT FINISHED : 3455
[INFO] DISTRIBUTING EVENT : 3464
[INFO] EVENT FINISHED : 3460
[INFO] DISTRIBUTING EVENT : 3465
[INFO] EVENT FINISHED : 3454
[INFO] DISTRIBUTING EVENT : 3466
[INFO] EVENT FINISHED : 3462
[INFO] DISTRIBUTING EVENT : 3467
[INFO] EVENT FINISHED : 3461
[INFO] DISTRIBUTING EVENT : 3468
[INFO] EVENT FINISHED : 3456
[INFO] DISTRIBUTING EVENT : 3469
[INFO] EVENT FINISHED : 3463
[INFO] DISTRIBUTING EVENT : 3470
[INFO] EVENT FINISHED : 3466
[INFO] DISTRIBUTING EVENT : 3471
[INFO] EVENT FINISHED : 3459
[INFO] DISTRIBUTING EVENT : 3472
[INFO] EVENT FINISHED : 3464
[INFO] DISTRIBUTING EVENT : 3473
[INFO] EVENT FINISHED : 3471
[INFO] DISTRIBUTING EVENT : 3474
[INFO] EVENT FINISHED : 3465
[INFO] DISTRIBUTING EVENT : 3475
[INFO] EVENT FINISHED : 3470
[INFO] DISTRIBUTING EVENT : 3476
[INFO] EVENT FINISHED : 3467
[INFO] DISTRIBUTING EVENT : 3477
[INFO] EVENT FINISHED : 3468
[INFO] DISTRIBUTING EVENT : 3478
[INFO] EVENT FINISHED : 3472
[INFO] DISTRIBUTING EVENT : 3479
[INFO] EVENT FINISHED : 3474
[INFO] DISTRIBUTING EVENT : 3480
[INFO] EVENT FINISHED : 3469
[INFO] DISTRIBUTING EVENT : 3481
[INFO] EVENT FINISHED : 3480
[INFO] DISTRIBUTING EVENT : 3482
[INFO] EVENT FINISHED : 3473
[INFO] DISTRIBUTING EVENT : 3483
[INFO] EVENT FINISHED : 3475
[INFO] DISTRIBUTING EVENT : 3484
[INFO] EVENT FINISHED : 3477
[INFO] DISTRIBUTING EVENT : 3485
[INFO] EVENT FINISHED : 3479
[INFO] DISTRIBUTING EVENT : 3486
[INFO] EVENT FINISHED : 3476
[INFO] DISTRIBUTING EVENT : 3487
[INFO] EVENT FINISHED : 3482
[INFO] DISTRIBUTING EVENT : 3488
[INFO] EVENT FINISHED : 3487
[INFO] DISTRIBUTING EVENT : 3489
[INFO] EVENT FINISHED : 3478
[INFO] DISTRIBUTING EVENT : 3490
[INFO] EVENT FINISHED : 3488
[INFO] DISTRIBUTING EVENT : 3491
[INFO] DISTRIBUTING EVENT : 3492
[INFO] EVENT FINISHED : 3491
[INFO] EVENT FINISHED : 3490
[INFO] DISTRIBUTING EVENT : 3493
[INFO] EVENT FINISHED : 3481
[INFO] DISTRIBUTING EVENT : 3494
[INFO] EVENT FINISHED : 3484
[INFO] DISTRIBUTING EVENT : 3495
[INFO] EVENT FINISHED : 3485
[INFO] DISTRIBUTING EVENT : 3496
[INFO] EVENT FINISHED : 3483
[INFO] DISTRIBUTING EVENT : 3497
[INFO] EVENT FINISHED : 3486
[INFO] DISTRIBUTING EVENT : 3498
[INFO] EVENT FINISHED : 3492
[INFO] DISTRIBUTING EVENT : 3499
[INFO] EVENT FINISHED : 3489
[INFO] DISTRIBUTING EVENT : 3500
[INFO] EVENT FINISHED : 3497
[INFO] DISTRIBUTING EVENT : 3501
[INFO] EVENT FINISHED : 3496
[INFO] DISTRIBUTING EVENT : 3502
[INFO] EVENT FINISHED : 3493
[INFO] DISTRIBUTING EVENT : 3503
[INFO] EVENT FINISHED : 3498
[INFO] DISTRIBUTING EVENT : 3504
[INFO] EVENT FINISHED : 3502
[INFO] DISTRIBUTING EVENT : 3505
[INFO] EVENT FINISHED : 3494
[INFO] DISTRIBUTING EVENT : 3506
[INFO] EVENT FINISHED : 3500
[INFO] DISTRIBUTING EVENT : 3507
[INFO] EVENT FINISHED : 3495
[INFO] DISTRIBUTING EVENT : 3508
[INFO] EVENT FINISHED : 3501
[INFO] DISTRIBUTING EVENT : 3509
[INFO] EVENT FINISHED : 3505
[INFO] DISTRIBUTING EVENT : 3510
[INFO] EVENT FINISHED : 3503
[INFO] DISTRIBUTING EVENT : 3511
[INFO] EVENT FINISHED : 3504
[INFO] DISTRIBUTING EVENT : 3512
[INFO] EVENT FINISHED : 3506
[INFO] DISTRIBUTING EVENT : 3513
[INFO] EVENT FINISHED : 3499
[INFO] DISTRIBUTING EVENT : 3514
[INFO] EVENT FINISHED : 3507
[INFO] DISTRIBUTING EVENT : 3515
[INFO] EVENT FINISHED : 3510
[INFO] DISTRIBUTING EVENT : 3516
[INFO] EVENT FINISHED : 3513
[INFO] DISTRIBUTING EVENT : 3517
[INFO] EVENT FINISHED : 3508
[INFO] DISTRIBUTING EVENT : 3518
[INFO] EVENT FINISHED : 3511
[INFO] DISTRIBUTING EVENT : 3519
[INFO] EVENT FINISHED : 3509
[INFO] DISTRIBUTING EVENT : 3520
[INFO] EVENT FINISHED : 3520
[INFO] DISTRIBUTING EVENT : 3521
[INFO] EVENT FINISHED : 3512
[INFO] DISTRIBUTING EVENT : 3522
[INFO] EVENT FINISHED : 3515
[INFO] DISTRIBUTING EVENT : 3523
[INFO] EVENT FINISHED : 3518
[INFO] DISTRIBUTING EVENT : 3524
[INFO] EVENT FINISHED : 3516
[INFO] DISTRIBUTING EVENT : 3525
[INFO] EVENT FINISHED : 3517
[INFO] DISTRIBUTING EVENT : 3526
[INFO] EVENT FINISHED : 3514
[INFO] DISTRIBUTING EVENT : 3527
[INFO] EVENT FINISHED : 3519
[INFO] DISTRIBUTING EVENT : 3528
[INFO] EVENT FINISHED : 3521
[INFO] DISTRIBUTING EVENT : 3529
[INFO] EVENT FINISHED : 3522
[INFO] DISTRIBUTING EVENT : 3530
[INFO] EVENT FINISHED : 3524
[INFO] DISTRIBUTING EVENT : 3531
[INFO] EVENT FINISHED : 3528
[INFO] DISTRIBUTING EVENT : 3532
[INFO] EVENT FINISHED : 3523
[INFO] DISTRIBUTING EVENT : 3533
[INFO] EVENT FINISHED : 3533
[INFO] DISTRIBUTING EVENT : 3534
[INFO] EVENT FINISHED : 3526
[INFO] DISTRIBUTING EVENT : 3535
[INFO] EVENT FINISHED : 3525
[INFO] DISTRIBUTING EVENT : 3536
[INFO] EVENT FINISHED : 3530
[INFO] DISTRIBUTING EVENT : 3537
[INFO] EVENT FINISHED : 3527
[INFO] DISTRIBUTING EVENT : 3538
[INFO] EVENT FINISHED : 3529
[INFO] DISTRIBUTING EVENT : 3539
[INFO] EVENT FINISHED : 3532
[INFO] DISTRIBUTING EVENT : 3540
[INFO] EVENT FINISHED : 3531
[INFO] DISTRIBUTING EVENT : 3541
[INFO] EVENT FINISHED : 3535
[INFO] DISTRIBUTING EVENT : 3542
[INFO] EVENT FINISHED : 3534
[INFO] DISTRIBUTING EVENT : 3543
[INFO] EVENT FINISHED : 3542
[INFO] DISTRIBUTING EVENT : 3544
[INFO] EVENT FINISHED : 3536
[INFO] DISTRIBUTING EVENT : 3545
[INFO] EVENT FINISHED : 3540
[INFO] DISTRIBUTING EVENT : 3546
[INFO] EVENT FINISHED : 3538
[INFO] DISTRIBUTING EVENT : 3547
[INFO] EVENT FINISHED : 3537
[INFO] DISTRIBUTING EVENT : 3548
[INFO] EVENT FINISHED : 3541
[INFO] DISTRIBUTING EVENT : 3549
[INFO] EVENT FINISHED : 3539
[INFO] DISTRIBUTING EVENT : 3550
[INFO] EVENT FINISHED : 3545
[INFO] DISTRIBUTING EVENT : 3551
[INFO] EVENT FINISHED : 3543
[INFO] DISTRIBUTING EVENT : 3552
[INFO] EVENT FINISHED : 3547
[INFO] DISTRIBUTING EVENT : 3553
[INFO] EVENT FINISHED : 3548
[INFO] DISTRIBUTING EVENT : 3554
[INFO] EVENT FINISHED : 3546
[INFO] DISTRIBUTING EVENT : 3555
[INFO] EVENT FINISHED : 3544
[INFO] DISTRIBUTING EVENT : 3556
[INFO] EVENT FINISHED : 3550
[INFO] DISTRIBUTING EVENT : 3557
[INFO] EVENT FINISHED : 3557
[INFO] DISTRIBUTING EVENT : 3558
[INFO] EVENT FINISHED : 3551
[INFO] DISTRIBUTING EVENT : 3559
[INFO] EVENT FINISHED : 3555
[INFO] DISTRIBUTING EVENT : 3560
[INFO] EVENT FINISHED : 3553
[INFO] DISTRIBUTING EVENT : 3561
[INFO] EVENT FINISHED : 3549
[INFO] DISTRIBUTING EVENT : 3562
[INFO] EVENT FINISHED : 3552
[INFO] DISTRIBUTING EVENT : 3563
[INFO] EVENT FINISHED : 3561
[INFO] DISTRIBUTING EVENT : 3564
[INFO] EVENT FINISHED : 3560
[INFO] DISTRIBUTING EVENT : 3565
[INFO] EVENT FINISHED : 3554
[INFO] DISTRIBUTING EVENT : 3566
[INFO] EVENT FINISHED : 3559
[INFO] DISTRIBUTING EVENT : 3567
[INFO] EVENT FINISHED : 3563
[INFO] DISTRIBUTING EVENT : 3568
[INFO] EVENT FINISHED : 3556
[INFO] DISTRIBUTING EVENT : 3569
[INFO] EVENT FINISHED : 3558
[INFO] DISTRIBUTING EVENT : 3570
[INFO] EVENT FINISHED : 3567
[INFO] DISTRIBUTING EVENT : 3571
[INFO] EVENT FINISHED : 3566
[INFO] DISTRIBUTING EVENT : 3572
[INFO] EVENT FINISHED : 3565
[INFO] DISTRIBUTING EVENT : 3573
[INFO] EVENT FINISHED : 3572
[INFO] DISTRIBUTING EVENT : 3574
[INFO] EVENT FINISHED : 3562
[INFO] DISTRIBUTING EVENT : 3575
[INFO] EVENT FINISHED : 3569
[INFO] DISTRIBUTING EVENT : 3576
[INFO] EVENT FINISHED : 3570
[INFO] DISTRIBUTING EVENT : 3577
[INFO] EVENT FINISHED : 3564
[INFO] DISTRIBUTING EVENT : 3578
[INFO] EVENT FINISHED : 3571
[INFO] DISTRIBUTING EVENT : 3579
[INFO] EVENT FINISHED : 3579
[INFO] DISTRIBUTING EVENT : 3580
[INFO] EVENT FINISHED : 3568
[INFO] DISTRIBUTING EVENT : 3581
[INFO] EVENT FINISHED : 3574
[INFO] DISTRIBUTING EVENT : 3582
[INFO] EVENT FINISHED : 3580
[INFO] DISTRIBUTING EVENT : 3583
[INFO] EVENT FINISHED : 3578
[INFO] DISTRIBUTING EVENT : 3584
[INFO] EVENT FINISHED : 3575
[INFO] DISTRIBUTING EVENT : 3585
[INFO] EVENT FINISHED : 3577
[INFO] DISTRIBUTING EVENT : 3586
[INFO] EVENT FINISHED : 3573
[INFO] DISTRIBUTING EVENT : 3587
[INFO] EVENT FINISHED : 3582
[INFO] DISTRIBUTING EVENT : 3588
[INFO] EVENT FINISHED : 3581
[INFO] DISTRIBUTING EVENT : 3589
[INFO] EVENT FINISHED : 3589
[INFO] DISTRIBUTING EVENT : 3590
[INFO] EVENT FINISHED : 3576
[INFO] DISTRIBUTING EVENT : 3591
[INFO] EVENT FINISHED : 3587
[INFO] DISTRIBUTING EVENT : 3592
[INFO] EVENT FINISHED : 3586
[INFO] DISTRIBUTING EVENT : 3593
[INFO] EVENT FINISHED : 3583
[INFO] DISTRIBUTING EVENT : 3594
[INFO] EVENT FINISHED : 3585
[INFO] DISTRIBUTING EVENT : 3595
[INFO] EVENT FINISHED : 3584
[INFO] DISTRIBUTING EVENT : 3596
[INFO] DISTRIBUTING EVENT : 3597
[INFO] EVENT FINISHED : 3596
[INFO] EVENT FINISHED : 3588
[INFO] DISTRIBUTING EVENT : 3598
[INFO] EVENT FINISHED : 3597
[INFO] DISTRIBUTING EVENT : 3599
[INFO] EVENT FINISHED : 3593
[INFO] DISTRIBUTING EVENT : 3600
[INFO] EVENT FINISHED : 3590
[INFO] DISTRIBUTING EVENT : 3601
[INFO] EVENT FINISHED : 3600
[INFO] DISTRIBUTING EVENT : 3602
[INFO] EVENT FINISHED : 3591
[INFO] DISTRIBUTING EVENT : 3603
[INFO] EVENT FINISHED : 3602
[INFO] DISTRIBUTING EVENT : 3604
[INFO] EVENT FINISHED : 3595
[INFO] DISTRIBUTING EVENT : 3605
[INFO] EVENT FINISHED : 3603
[INFO] DISTRIBUTING EVENT : 3606
[INFO] EVENT FINISHED : 3594
[INFO] DISTRIBUTING EVENT : 3607
[INFO] EVENT FINISHED : 3592
[INFO] DISTRIBUTING EVENT : 3608
[INFO] EVENT FINISHED : 3601
[INFO] DISTRIBUTING EVENT : 3609
[INFO] EVENT FINISHED : 3604
[INFO] DISTRIBUTING EVENT : 3610
[INFO] EVENT FINISHED : 3599
[INFO] DISTRIBUTING EVENT : 3611
[INFO] EVENT FINISHED : 3605
[INFO] DISTRIBUTING EVENT : 3612
[INFO] EVENT FINISHED : 3598
[INFO] DISTRIBUTING EVENT : 3613
[INFO] EVENT FINISHED : 3606
[INFO] DISTRIBUTING EVENT : 3614
[INFO] EVENT FINISHED : 3613
[INFO] DISTRIBUTING EVENT : 3615
[INFO] EVENT FINISHED : 3607
[INFO] DISTRIBUTING EVENT : 3616
[INFO] EVENT FINISHED : 3608
[INFO] DISTRIBUTING EVENT : 3617
[INFO] EVENT FINISHED : 3610
[INFO] DISTRIBUTING EVENT : 3618
[INFO] EVENT FINISHED : 3616
[INFO] DISTRIBUTING EVENT : 3619
[INFO] EVENT FINISHED : 3614
[INFO] DISTRIBUTING EVENT : 3620
[INFO] EVENT FINISHED : 3611
[INFO] DISTRIBUTING EVENT : 3621
[INFO] EVENT FINISHED : 3609
[INFO] DISTRIBUTING EVENT : 3622
[INFO] EVENT FINISHED : 3615
[INFO] DISTRIBUTING EVENT : 3623
[INFO] EVENT FINISHED : 3612
[INFO] DISTRIBUTING EVENT : 3624
[INFO] EVENT FINISHED : 3618
[INFO] DISTRIBUTING EVENT : 3625
[INFO] EVENT FINISHED : 3621
[INFO] DISTRIBUTING EVENT : 3626
[INFO] EVENT FINISHED : 3617
[INFO] DISTRIBUTING EVENT : 3627
[INFO] EVENT FINISHED : 3620
[INFO] DISTRIBUTING EVENT : 3628
[INFO] EVENT FINISHED : 3622
[INFO] DISTRIBUTING EVENT : 3629
[INFO] EVENT FINISHED : 3624
[INFO] DISTRIBUTING EVENT : 3630
[INFO] EVENT FINISHED : 3619
[INFO] DISTRIBUTING EVENT : 3631
[INFO] EVENT FINISHED : 3623
[INFO] DISTRIBUTING EVENT : 3632
[INFO] EVENT FINISHED : 3625
[INFO] DISTRIBUTING EVENT : 3633
[INFO] EVENT FINISHED : 3628
[INFO] DISTRIBUTING EVENT : 3634
[INFO] EVENT FINISHED : 3627
[INFO] DISTRIBUTING EVENT : 3635
[INFO] EVENT FINISHED : 3629
[INFO] DISTRIBUTING EVENT : 3636
[INFO] EVENT FINISHED : 3632
[INFO] DISTRIBUTING EVENT : 3637
[INFO] EVENT FINISHED : 3636
[INFO] DISTRIBUTING EVENT : 3638
[INFO] EVENT FINISHED : 3626
[INFO] DISTRIBUTING EVENT : 3639
[INFO] EVENT FINISHED : 3630
[INFO] DISTRIBUTING EVENT : 3640
[INFO] EVENT FINISHED : 3631
[INFO] DISTRIBUTING EVENT : 3641
[INFO] EVENT FINISHED : 3633
[INFO] DISTRIBUTING EVENT : 3642
[INFO] EVENT FINISHED : 3634
[INFO] DISTRIBUTING EVENT : 3643
[INFO] EVENT FINISHED : 3635
[INFO] DISTRIBUTING EVENT : 3644
[INFO] EVENT FINISHED : 3638
[INFO] DISTRIBUTING EVENT : 3645
[INFO] EVENT FINISHED : 3641
[INFO] DISTRIBUTING EVENT : 3646
[INFO] EVENT FINISHED : 3643
[INFO] DISTRIBUTING EVENT : 3647
[INFO] EVENT FINISHED : 3645
[INFO] DISTRIBUTING EVENT : 3648
[INFO] EVENT FINISHED : 3646
[INFO] DISTRIBUTING EVENT : 3649
[INFO] EVENT FINISHED : 3637
[INFO] DISTRIBUTING EVENT : 3650
[INFO] EVENT FINISHED : 3640
[INFO] DISTRIBUTING EVENT : 3651
[INFO] EVENT FINISHED : 3642
[INFO] DISTRIBUTING EVENT : 3652
[INFO] EVENT FINISHED : 3647
[INFO] DISTRIBUTING EVENT : 3653
[INFO] EVENT FINISHED : 3644
[INFO] DISTRIBUTING EVENT : 3654
[INFO] EVENT FINISHED : 3651
[INFO] DISTRIBUTING EVENT : 3655
[INFO] EVENT FINISHED : 3639
[INFO] DISTRIBUTING EVENT : 3656
[INFO] EVENT FINISHED : 3656
[INFO] DISTRIBUTING EVENT : 3657
[INFO] EVENT FINISHED : 3648
[INFO] DISTRIBUTING EVENT : 3658
[INFO] EVENT FINISHED : 3649
[INFO] DISTRIBUTING EVENT : 3659
[INFO] EVENT FINISHED : 3652
[INFO] DISTRIBUTING EVENT : 3660
[INFO] EVENT FINISHED : 3660
[INFO] DISTRIBUTING EVENT : 3661
[INFO] EVENT FINISHED : 3657
[INFO] DISTRIBUTING EVENT : 3662
[INFO] EVENT FINISHED : 3650
[INFO] DISTRIBUTING EVENT : 3663
[INFO] EVENT FINISHED : 3654
[INFO] DISTRIBUTING EVENT : 3664
[INFO] EVENT FINISHED : 3658
[INFO] DISTRIBUTING EVENT : 3665
[INFO] EVENT FINISHED : 3661
[INFO] DISTRIBUTING EVENT : 3666
[INFO] EVENT FINISHED : 3653
[INFO] DISTRIBUTING EVENT : 3667
[INFO] EVENT FINISHED : 3655
[INFO] DISTRIBUTING EVENT : 3668
[INFO] EVENT FINISHED : 3659
[INFO] DISTRIBUTING EVENT : 3669
[INFO] EVENT FINISHED : 3669
[INFO] DISTRIBUTING EVENT : 3670
[INFO] EVENT FINISHED : 3665
[INFO] DISTRIBUTING EVENT : 3671
[INFO] EVENT FINISHED : 3663
[INFO] DISTRIBUTING EVENT : 3672
[INFO] EVENT FINISHED : 3666
[INFO] DISTRIBUTING EVENT : 3673
[INFO] EVENT FINISHED : 3664
[INFO] DISTRIBUTING EVENT : 3674
[INFO] EVENT FINISHED : 3673
[INFO] DISTRIBUTING EVENT : 3675
[INFO] EVENT FINISHED : 3667
[INFO] DISTRIBUTING EVENT : 3676
[INFO] EVENT FINISHED : 3662
[INFO] DISTRIBUTING EVENT : 3677
[INFO] EVENT FINISHED : 3674
[INFO] DISTRIBUTING EVENT : 3678
[INFO] EVENT FINISHED : 3668
[INFO] DISTRIBUTING EVENT : 3679
[INFO] EVENT FINISHED : 3672
[INFO] DISTRIBUTING EVENT : 3680
[INFO] EVENT FINISHED : 3671
[INFO] DISTRIBUTING EVENT : 3681
[INFO] EVENT FINISHED : 3675
[INFO] DISTRIBUTING EVENT : 3682
[INFO] EVENT FINISHED : 3678
[INFO] DISTRIBUTING EVENT : 3683
[INFO] EVENT FINISHED : 3670
[INFO] DISTRIBUTING EVENT : 3684
[INFO] EVENT FINISHED : 3684
[INFO] DISTRIBUTING EVENT : 3685
[INFO] EVENT FINISHED : 3677
[INFO] DISTRIBUTING EVENT : 3686
[INFO] EVENT FINISHED : 3685
[INFO] DISTRIBUTING EVENT : 3687
[INFO] EVENT FINISHED : 3681
[INFO] DISTRIBUTING EVENT : 3688
[INFO] EVENT FINISHED : 3680
[INFO] DISTRIBUTING EVENT : 3689
[INFO] EVENT FINISHED : 3682
[INFO] DISTRIBUTING EVENT : 3690
[INFO] EVENT FINISHED : 3676
[INFO] DISTRIBUTING EVENT : 3691
[INFO] EVENT FINISHED : 3691
[INFO] DISTRIBUTING EVENT : 3692
[INFO] EVENT FINISHED : 3679
[INFO] DISTRIBUTING EVENT : 3693
[INFO] EVENT FINISHED : 3686
[INFO] DISTRIBUTING EVENT : 3694
[INFO] EVENT FINISHED : 3692
[INFO] DISTRIBUTING EVENT : 3695
[INFO] DISTRIBUTING EVENT : 3696
[INFO] EVENT FINISHED : 3695
[INFO] EVENT FINISHED : 3683
[INFO] DISTRIBUTING EVENT : 3697
[INFO] EVENT FINISHED : 3690
[INFO] DISTRIBUTING EVENT : 3698
[INFO] EVENT FINISHED : 3688
[INFO] DISTRIBUTING EVENT : 3699
[INFO] EVENT FINISHED : 3687
[INFO] DISTRIBUTING EVENT : 3700
[INFO] EVENT FINISHED : 3689
[INFO] DISTRIBUTING EVENT : 3701
[INFO] EVENT FINISHED : 3693
[INFO] DISTRIBUTING EVENT : 3702
[INFO] EVENT FINISHED : 3698
[INFO] DISTRIBUTING EVENT : 3703
[INFO] EVENT FINISHED : 3699
[INFO] DISTRIBUTING EVENT : 3704
[INFO] EVENT FINISHED : 3694
[INFO] DISTRIBUTING EVENT : 3705
[INFO] EVENT FINISHED : 3697
[INFO] DISTRIBUTING EVENT : 3706
[INFO] EVENT FINISHED : 3696
[INFO] DISTRIBUTING EVENT : 3707
[INFO] EVENT FINISHED : 3702
[INFO] EVENT FINISHED : 3701
[INFO] DISTRIBUTING EVENT : 3708
[INFO] DISTRIBUTING EVENT : 3709
[INFO] DISTRIBUTING EVENT : 3710
[INFO] EVENT FINISHED : 3709
[INFO] EVENT FINISHED : 3700
[INFO] DISTRIBUTING EVENT : 3711
[INFO] EVENT FINISHED : 3704
[INFO] DISTRIBUTING EVENT : 3712
[INFO] EVENT FINISHED : 3703
[INFO] DISTRIBUTING EVENT : 3713
[INFO] EVENT FINISHED : 3707
[INFO] DISTRIBUTING EVENT : 3714
[INFO] EVENT FINISHED : 3708
[INFO] DISTRIBUTING EVENT : 3715
[INFO] EVENT FINISHED : 3705
[INFO] DISTRIBUTING EVENT : 3716
[INFO] EVENT FINISHED : 3716
[INFO] DISTRIBUTING EVENT : 3717
[INFO] EVENT FINISHED : 3706
[INFO] DISTRIBUTING EVENT : 3718
[INFO] EVENT FINISHED : 3717
[INFO] DISTRIBUTING EVENT : 3719
[INFO] EVENT FINISHED : 3710
[INFO] DISTRIBUTING EVENT : 3720
[INFO] EVENT FINISHED : 3712
[INFO] DISTRIBUTING EVENT : 3721
[INFO] EVENT FINISHED : 3719
[INFO] DISTRIBUTING EVENT : 3722
[INFO] EVENT FINISHED : 3718
[INFO] DISTRIBUTING EVENT : 3723
[INFO] EVENT FINISHED : 3711
[INFO] DISTRIBUTING EVENT : 3724
[INFO] EVENT FINISHED : 3724
[INFO] DISTRIBUTING EVENT : 3725
[INFO] EVENT FINISHED : 3714
[INFO] DISTRIBUTING EVENT : 3726
[INFO] EVENT FINISHED : 3720
[INFO] DISTRIBUTING EVENT : 3727
[INFO] EVENT FINISHED : 3721
[INFO] DISTRIBUTING EVENT : 3728
[INFO] EVENT FINISHED : 3713
[INFO] DISTRIBUTING EVENT : 3729
[INFO] EVENT FINISHED : 3715
[INFO] DISTRIBUTING EVENT : 3730
[INFO] EVENT FINISHED : 3725
[INFO] DISTRIBUTING EVENT : 3731
[INFO] EVENT FINISHED : 3728
[INFO] DISTRIBUTING EVENT : 3732
[INFO] EVENT FINISHED : 3726
[INFO] DISTRIBUTING EVENT : 3733
[INFO] EVENT FINISHED : 3730
[INFO] DISTRIBUTING EVENT : 3734
[INFO] EVENT FINISHED : 3729
[INFO] DISTRIBUTING EVENT : 3735
[INFO] EVENT FINISHED : 3722
[INFO] DISTRIBUTING EVENT : 3736
[INFO] EVENT FINISHED : 3734
[INFO] DISTRIBUTING EVENT : 3737
[INFO] EVENT FINISHED : 3736
[INFO] DISTRIBUTING EVENT : 3738
[INFO] EVENT FINISHED : 3727
[INFO] DISTRIBUTING EVENT : 3739
[INFO] EVENT FINISHED : 3723
[INFO] DISTRIBUTING EVENT : 3740
[INFO] EVENT FINISHED : 3732
[INFO] DISTRIBUTING EVENT : 3741
[INFO] EVENT FINISHED : 3731
[INFO] DISTRIBUTING EVENT : 3742
[INFO] EVENT FINISHED : 3740
[INFO] DISTRIBUTING EVENT : 3743
[INFO] EVENT FINISHED : 3743
[INFO] DISTRIBUTING EVENT : 3744
[INFO] EVENT FINISHED : 3735
[INFO] DISTRIBUTING EVENT : 3745
[INFO] EVENT FINISHED : 3739
[INFO] DISTRIBUTING EVENT : 3746
[INFO] EVENT FINISHED : 3746
[INFO] DISTRIBUTING EVENT : 3747
[INFO] EVENT FINISHED : 3737
[INFO] DISTRIBUTING EVENT : 3748
[INFO] EVENT FINISHED : 3742
[INFO] DISTRIBUTING EVENT : 3749
[INFO] EVENT FINISHED : 3733
[INFO] DISTRIBUTING EVENT : 3750
[INFO] EVENT FINISHED : 3738
[INFO] DISTRIBUTING EVENT : 3751
[INFO] EVENT FINISHED : 3744
[INFO] DISTRIBUTING EVENT : 3752
[INFO] EVENT FINISHED : 3741
[INFO] DISTRIBUTING EVENT : 3753
[INFO] EVENT FINISHED : 3748
[INFO] DISTRIBUTING EVENT : 3754
[INFO] EVENT FINISHED : 3749
[INFO] DISTRIBUTING EVENT : 3755
[INFO] EVENT FINISHED : 3750
[INFO] DISTRIBUTING EVENT : 3756
[INFO] EVENT FINISHED : 3747
[INFO] DISTRIBUTING EVENT : 3757
[INFO] EVENT FINISHED : 3753
[INFO] DISTRIBUTING EVENT : 3758
[INFO] EVENT FINISHED : 3745
[INFO] DISTRIBUTING EVENT : 3759
[INFO] EVENT FINISHED : 3751
[INFO] DISTRIBUTING EVENT : 3760
[INFO] EVENT FINISHED : 3752
[INFO] DISTRIBUTING EVENT : 3761
[INFO] EVENT FINISHED : 3754
[INFO] DISTRIBUTING EVENT : 3762
[INFO] EVENT FINISHED : 3759
[INFO] DISTRIBUTING EVENT : 3763
[INFO] EVENT FINISHED : 3755
[INFO] DISTRIBUTING EVENT : 3764
[INFO] EVENT FINISHED : 3760
[INFO] DISTRIBUTING EVENT : 3765
[INFO] EVENT FINISHED : 3764
[INFO] DISTRIBUTING EVENT : 3766
[INFO] EVENT FINISHED : 3765
[INFO] DISTRIBUTING EVENT : 3767
[INFO] EVENT FINISHED : 3767
[INFO] DISTRIBUTING EVENT : 3768
[INFO] EVENT FINISHED : 3762
[INFO] DISTRIBUTING EVENT : 3769
[INFO] EVENT FINISHED : 3758
[INFO] DISTRIBUTING EVENT : 3770
[INFO] EVENT FINISHED : 3756
[INFO] DISTRIBUTING EVENT : 3771
[INFO] EVENT FINISHED : 3757
[INFO] DISTRIBUTING EVENT : 3772
[INFO] EVENT FINISHED : 3768
[INFO] DISTRIBUTING EVENT : 3773
[INFO] EVENT FINISHED : 3766
[INFO] DISTRIBUTING EVENT : 3774
[INFO] EVENT FINISHED : 3763
[INFO] DISTRIBUTING EVENT : 3775
[INFO] EVENT FINISHED : 3761
[INFO] DISTRIBUTING EVENT : 3776
[INFO] EVENT FINISHED : 3775
[INFO] DISTRIBUTING EVENT : 3777
[INFO] EVENT FINISHED : 3771
[INFO] DISTRIBUTING EVENT : 3778
[INFO] EVENT FINISHED : 3778
[INFO] DISTRIBUTING EVENT : 3779
[INFO] EVENT FINISHED : 3769
[INFO] DISTRIBUTING EVENT : 3780
[INFO] EVENT FINISHED : 3774
[INFO] DISTRIBUTING EVENT : 3781
[INFO] EVENT FINISHED : 3772
[INFO] DISTRIBUTING EVENT : 3782
[INFO] EVENT FINISHED : 3770
[INFO] DISTRIBUTING EVENT : 3783
[INFO] EVENT FINISHED : 3777
[INFO] DISTRIBUTING EVENT : 3784
[INFO] EVENT FINISHED : 3776
[INFO] DISTRIBUTING EVENT : 3785
[INFO] EVENT FINISHED : 3773
[INFO] DISTRIBUTING EVENT : 3786
[INFO] EVENT FINISHED : 3779
[INFO] DISTRIBUTING EVENT : 3787
[INFO] EVENT FINISHED : 3781
[INFO] DISTRIBUTING EVENT : 3788
[INFO] EVENT FINISHED : 3787
[INFO] DISTRIBUTING EVENT : 3789
[INFO] EVENT FINISHED : 3782
[INFO] DISTRIBUTING EVENT : 3790
[INFO] EVENT FINISHED : 3780
[INFO] DISTRIBUTING EVENT : 3791
[INFO] EVENT FINISHED : 3784
[INFO] DISTRIBUTING EVENT : 3792
[INFO] EVENT FINISHED : 3789
[INFO] DISTRIBUTING EVENT : 3793
[INFO] EVENT FINISHED : 3783
[INFO] DISTRIBUTING EVENT : 3794
[INFO] EVENT FINISHED : 3791
[INFO] DISTRIBUTING EVENT : 3795
[INFO] EVENT FINISHED : 3788
[INFO] DISTRIBUTING EVENT : 3796
[INFO] EVENT FINISHED : 3790
[INFO] DISTRIBUTING EVENT : 3797
[INFO] EVENT FINISHED : 3785
[INFO] DISTRIBUTING EVENT : 3798
[INFO] EVENT FINISHED : 3793
[INFO] DISTRIBUTING EVENT : 3799
[INFO] EVENT FINISHED : 3794
[INFO] DISTRIBUTING EVENT : 3800
[INFO] EVENT FINISHED : 3786
[INFO] DISTRIBUTING EVENT : 3801
[INFO] EVENT FINISHED : 3792
[INFO] DISTRIBUTING EVENT : 3802
[INFO] EVENT FINISHED : 3802
[INFO] DISTRIBUTING EVENT : 3803
[INFO] EVENT FINISHED : 3798
[INFO] DISTRIBUTING EVENT : 3804
[INFO] EVENT FINISHED : 3800
[INFO] DISTRIBUTING EVENT : 3805
[INFO] EVENT FINISHED : 3797
[INFO] DISTRIBUTING EVENT : 3806
[INFO] EVENT FINISHED : 3795
[INFO] DISTRIBUTING EVENT : 3807
[INFO] EVENT FINISHED : 3796
[INFO] DISTRIBUTING EVENT : 3808
[INFO] EVENT FINISHED : 3801
[INFO] DISTRIBUTING EVENT : 3809
[INFO] EVENT FINISHED : 3799
[INFO] DISTRIBUTING EVENT : 3810
[INFO] EVENT FINISHED : 3805
[INFO] DISTRIBUTING EVENT : 3811
[INFO] EVENT FINISHED : 3809
[INFO] DISTRIBUTING EVENT : 3812
[INFO] EVENT FINISHED : 3803
[INFO] DISTRIBUTING EVENT : 3813
[INFO] EVENT FINISHED : 3806
[INFO] DISTRIBUTING EVENT : 3814
[INFO] EVENT FINISHED : 3807
[INFO] DISTRIBUTING EVENT : 3815
[INFO] EVENT FINISHED : 3804
[INFO] DISTRIBUTING EVENT : 3816
[INFO] EVENT FINISHED : 3810
[INFO] DISTRIBUTING EVENT : 3817
[INFO] EVENT FINISHED : 3812
[INFO] DISTRIBUTING EVENT : 3818
[INFO] EVENT FINISHED : 3814
[INFO] DISTRIBUTING EVENT : 3819
[INFO] EVENT FINISHED : 3811
[INFO] DISTRIBUTING EVENT : 3820
[INFO] EVENT FINISHED : 3808
[INFO] DISTRIBUTING EVENT : 3821
[INFO] EVENT FINISHED : 3821
[INFO] DISTRIBUTING EVENT : 3822
[INFO] EVENT FINISHED : 3818
[INFO] DISTRIBUTING EVENT : 3823
[INFO] EVENT FINISHED : 3813
[INFO] DISTRIBUTING EVENT : 3824
[INFO] EVENT FINISHED : 3819
[INFO] DISTRIBUTING EVENT : 3825
[INFO] EVENT FINISHED : 3816
[INFO] DISTRIBUTING EVENT : 3826
[INFO] EVENT FINISHED : 3815
[INFO] DISTRIBUTING EVENT : 3827
[INFO] EVENT FINISHED : 3823
[INFO] DISTRIBUTING EVENT : 3828
[INFO] EVENT FINISHED : 3828
[INFO] DISTRIBUTING EVENT : 3829
[INFO] EVENT FINISHED : 3822
[INFO] DISTRIBUTING EVENT : 3830
[INFO] EVENT FINISHED : 3817
[INFO] DISTRIBUTING EVENT : 3831
[INFO] EVENT FINISHED : 3825
[INFO] DISTRIBUTING EVENT : 3832
[INFO] EVENT FINISHED : 3824
[INFO] DISTRIBUTING EVENT : 3833
[INFO] EVENT FINISHED : 3820
[INFO] DISTRIBUTING EVENT : 3834
[INFO] EVENT FINISHED : 3830
[INFO] DISTRIBUTING EVENT : 3835
[INFO] EVENT FINISHED : 3826
[INFO] DISTRIBUTING EVENT : 3836
[INFO] EVENT FINISHED : 3827
[INFO] DISTRIBUTING EVENT : 3837
[INFO] EVENT FINISHED : 3835
[INFO] DISTRIBUTING EVENT : 3838
[INFO] EVENT FINISHED : 3831
[INFO] DISTRIBUTING EVENT : 3839
[INFO] EVENT FINISHED : 3832
[INFO] DISTRIBUTING EVENT : 3840
[INFO] EVENT FINISHED : 3834
[INFO] DISTRIBUTING EVENT : 3841
[INFO] EVENT FINISHED : 3829
[INFO] DISTRIBUTING EVENT : 3842
[INFO] EVENT FINISHED : 3842
[INFO] DISTRIBUTING EVENT : 3843
[INFO] EVENT FINISHED : 3836
[INFO] DISTRIBUTING EVENT : 3844
[INFO] EVENT FINISHED : 3843
[INFO] DISTRIBUTING EVENT : 3845
[INFO] EVENT FINISHED : 3840
[INFO] DISTRIBUTING EVENT : 3846
[INFO] EVENT FINISHED : 3845
[INFO] DISTRIBUTING EVENT : 3847
[INFO] EVENT FINISHED : 3837
[INFO] DISTRIBUTING EVENT : 3848
[INFO] EVENT FINISHED : 3833
[INFO] DISTRIBUTING EVENT : 3849
[INFO] EVENT FINISHED : 3844
[INFO] DISTRIBUTING EVENT : 3850
[INFO] EVENT FINISHED : 3841
[INFO] DISTRIBUTING EVENT : 3851
[INFO] EVENT FINISHED : 3838
[INFO] DISTRIBUTING EVENT : 3852
[INFO] EVENT FINISHED : 3852
[INFO] DISTRIBUTING EVENT : 3853
[INFO] EVENT FINISHED : 3839
[INFO] DISTRIBUTING EVENT : 3854
[INFO] EVENT FINISHED : 3847
[INFO] DISTRIBUTING EVENT : 3855
[INFO] EVENT FINISHED : 3854
[INFO] DISTRIBUTING EVENT : 3856
[INFO] EVENT FINISHED : 3846
[INFO] DISTRIBUTING EVENT : 3857
[INFO] EVENT FINISHED : 3849
[INFO] DISTRIBUTING EVENT : 3858
[INFO] EVENT FINISHED : 3850
[INFO] DISTRIBUTING EVENT : 3859
[INFO] EVENT FINISHED : 3851
[INFO] DISTRIBUTING EVENT : 3860
[INFO] EVENT FINISHED : 3853
[INFO] DISTRIBUTING EVENT : 3861
[INFO] EVENT FINISHED : 3861
[INFO] DISTRIBUTING EVENT : 3862
[INFO] EVENT FINISHED : 3848
[INFO] DISTRIBUTING EVENT : 3863
[INFO] EVENT FINISHED : 3855
[INFO] DISTRIBUTING EVENT : 3864
[INFO] EVENT FINISHED : 3860
[INFO] DISTRIBUTING EVENT : 3865
[INFO] EVENT FINISHED : 3862
[INFO] DISTRIBUTING EVENT : 3866
[INFO] EVENT FINISHED : 3857
[INFO] DISTRIBUTING EVENT : 3867
[INFO] EVENT FINISHED : 3856
[INFO] DISTRIBUTING EVENT : 3868
[INFO] EVENT FINISHED : 3858
[INFO] DISTRIBUTING EVENT : 3869
[INFO] EVENT FINISHED : 3859
[INFO] DISTRIBUTING EVENT : 3870
[INFO] EVENT FINISHED : 3863
[INFO] DISTRIBUTING EVENT : 3871
[INFO] EVENT FINISHED : 3865
[INFO] DISTRIBUTING EVENT : 3872
[INFO] EVENT FINISHED : 3868
[INFO] DISTRIBUTING EVENT : 3873
[INFO] EVENT FINISHED : 3869
[INFO] DISTRIBUTING EVENT : 3874
[INFO] EVENT FINISHED : 3867
[INFO] DISTRIBUTING EVENT : 3875
[INFO] EVENT FINISHED : 3866
[INFO] DISTRIBUTING EVENT : 3876
[INFO] EVENT FINISHED : 3871
[INFO] DISTRIBUTING EVENT : 3877
[INFO] EVENT FINISHED : 3864
[INFO] DISTRIBUTING EVENT : 3878
[INFO] EVENT FINISHED : 3870
[INFO] DISTRIBUTING EVENT : 3879
[INFO] EVENT FINISHED : 3877
[INFO] DISTRIBUTING EVENT : 3880
[INFO] EVENT FINISHED : 3874
[INFO] DISTRIBUTING EVENT : 3881
[INFO] EVENT FINISHED : 3878
[INFO] DISTRIBUTING EVENT : 3882
[INFO] EVENT FINISHED : 3875
[INFO] DISTRIBUTING EVENT : 3883
[INFO] EVENT FINISHED : 3873
[INFO] DISTRIBUTING EVENT : 3884
[INFO] EVENT FINISHED : 3880
[INFO] EVENT FINISHED : 3876
[INFO] DISTRIBUTING EVENT : 3885
[INFO] DISTRIBUTING EVENT : 3886
[INFO] EVENT FINISHED : 3885
[INFO] DISTRIBUTING EVENT : 3887
[INFO] EVENT FINISHED : 3872
[INFO] DISTRIBUTING EVENT : 3888
[INFO] EVENT FINISHED : 3882
[INFO] DISTRIBUTING EVENT : 3889
[INFO] EVENT FINISHED : 3883
[INFO] DISTRIBUTING EVENT : 3890
[INFO] EVENT FINISHED : 3879
[INFO] DISTRIBUTING EVENT : 3891
[INFO] EVENT FINISHED : 3889
[INFO] DISTRIBUTING EVENT : 3892
[INFO] EVENT FINISHED : 3892
[INFO] DISTRIBUTING EVENT : 3893
[INFO] EVENT FINISHED : 3881
[INFO] DISTRIBUTING EVENT : 3894
[INFO] EVENT FINISHED : 3887
[INFO] EVENT FINISHED : 3884
[INFO] DISTRIBUTING EVENT : 3895
[INFO] DISTRIBUTING EVENT : 3896
[INFO] EVENT FINISHED : 3886
[INFO] DISTRIBUTING EVENT : 3897
[INFO] EVENT FINISHED : 3897
[INFO] DISTRIBUTING EVENT : 3898
[INFO] EVENT FINISHED : 3893
[INFO] DISTRIBUTING EVENT : 3899
[INFO] EVENT FINISHED : 3890
[INFO] DISTRIBUTING EVENT : 3900
[INFO] EVENT FINISHED : 3891
[INFO] DISTRIBUTING EVENT : 3901
[INFO] EVENT FINISHED : 3901
[INFO] DISTRIBUTING EVENT : 3902
[INFO] EVENT FINISHED : 3888
[INFO] DISTRIBUTING EVENT : 3903
[INFO] EVENT FINISHED : 3896
[INFO] DISTRIBUTING EVENT : 3904
[INFO] EVENT FINISHED : 3894
[INFO] DISTRIBUTING EVENT : 3905
[INFO] EVENT FINISHED : 3895
[INFO] DISTRIBUTING EVENT : 3906
[INFO] EVENT FINISHED : 3899
[INFO] DISTRIBUTING EVENT : 3907
[INFO] EVENT FINISHED : 3902
[INFO] DISTRIBUTING EVENT : 3908
[INFO] EVENT FINISHED : 3898
[INFO] DISTRIBUTING EVENT : 3909
[INFO] EVENT FINISHED : 3905
[INFO] DISTRIBUTING EVENT : 3910
[INFO] EVENT FINISHED : 3900
[INFO] DISTRIBUTING EVENT : 3911
[INFO] EVENT FINISHED : 3903
[INFO] DISTRIBUTING EVENT : 3912
[INFO] EVENT FINISHED : 3907
[INFO] DISTRIBUTING EVENT : 3913
[INFO] EVENT FINISHED : 3909
[INFO] DISTRIBUTING EVENT : 3914
[INFO] EVENT FINISHED : 3906
[INFO] DISTRIBUTING EVENT : 3915
[INFO] EVENT FINISHED : 3912
[INFO] DISTRIBUTING EVENT : 3916
[INFO] EVENT FINISHED : 3904
[INFO] DISTRIBUTING EVENT : 3917
[INFO] EVENT FINISHED : 3910
[INFO] DISTRIBUTING EVENT : 3918
[INFO] EVENT FINISHED : 3908
[INFO] DISTRIBUTING EVENT : 3919
[INFO] EVENT FINISHED : 3911
[INFO] DISTRIBUTING EVENT : 3920
[INFO] EVENT FINISHED : 3913
[INFO] DISTRIBUTING EVENT : 3921
[INFO] EVENT FINISHED : 3914
[INFO] DISTRIBUTING EVENT : 3922
[INFO] EVENT FINISHED : 3916
[INFO] DISTRIBUTING EVENT : 3923
[INFO] EVENT FINISHED : 3921
[INFO] DISTRIBUTING EVENT : 3924
[INFO] EVENT FINISHED : 3918
[INFO] DISTRIBUTING EVENT : 3925
[INFO] EVENT FINISHED : 3915
[INFO] DISTRIBUTING EVENT : 3926
[INFO] EVENT FINISHED : 3923
[INFO] DISTRIBUTING EVENT : 3927
[INFO] EVENT FINISHED : 3922
[INFO] DISTRIBUTING EVENT : 3928
[INFO] EVENT FINISHED : 3917
[INFO] DISTRIBUTING EVENT : 3929
[INFO] EVENT FINISHED : 3919
[INFO] DISTRIBUTING EVENT : 3930
[INFO] EVENT FINISHED : 3925
[INFO] DISTRIBUTING EVENT : 3931
[INFO] EVENT FINISHED : 3926
[INFO] DISTRIBUTING EVENT : 3932
[INFO] EVENT FINISHED : 3927
[INFO] DISTRIBUTING EVENT : 3933
[INFO] EVENT FINISHED : 3920
[INFO] DISTRIBUTING EVENT : 3934
[INFO] EVENT FINISHED : 3934
[INFO] DISTRIBUTING EVENT : 3935
[INFO] EVENT FINISHED : 3924
[INFO] DISTRIBUTING EVENT : 3936
[INFO] EVENT FINISHED : 3930
[INFO] DISTRIBUTING EVENT : 3937
[INFO] EVENT FINISHED : 3932
[INFO] DISTRIBUTING EVENT : 3938
[INFO] EVENT FINISHED : 3931
[INFO] DISTRIBUTING EVENT : 3939
[INFO] EVENT FINISHED : 3928
[INFO] DISTRIBUTING EVENT : 3940
[INFO] EVENT FINISHED : 3937
[INFO] DISTRIBUTING EVENT : 3941
[INFO] EVENT FINISHED : 3939
[INFO] DISTRIBUTING EVENT : 3942
[INFO] EVENT FINISHED : 3938
[INFO] DISTRIBUTING EVENT : 3943
[INFO] EVENT FINISHED : 3936
[INFO] DISTRIBUTING EVENT : 3944
[INFO] EVENT FINISHED : 3943
[INFO] DISTRIBUTING EVENT : 3945
[INFO] EVENT FINISHED : 3929
[INFO] DISTRIBUTING EVENT : 3946
[INFO] EVENT FINISHED : 3935
[INFO] DISTRIBUTING EVENT : 3947
[INFO] EVENT FINISHED : 3941
[INFO] DISTRIBUTING EVENT : 3948
[INFO] EVENT FINISHED : 3933
[INFO] DISTRIBUTING EVENT : 3949
[INFO] EVENT FINISHED : 3942
[INFO] DISTRIBUTING EVENT : 3950
[INFO] EVENT FINISHED : 3950
[INFO] DISTRIBUTING EVENT : 3951
[INFO] EVENT FINISHED : 3940
[INFO] DISTRIBUTING EVENT : 3952
[INFO] EVENT FINISHED : 3948
[INFO] DISTRIBUTING EVENT : 3953
[INFO] EVENT FINISHED : 3945
[INFO] DISTRIBUTING EVENT : 3954
[INFO] EVENT FINISHED : 3946
[INFO] DISTRIBUTING EVENT : 3955
[INFO] EVENT FINISHED : 3944
[INFO] DISTRIBUTING EVENT : 3956
[INFO] EVENT FINISHED : 3947
[INFO] DISTRIBUTING EVENT : 3957
[INFO] EVENT FINISHED : 3949
[INFO] DISTRIBUTING EVENT : 3958
[INFO] EVENT FINISHED : 3957
[INFO] DISTRIBUTING EVENT : 3959
[INFO] EVENT FINISHED : 3952
[INFO] DISTRIBUTING EVENT : 3960
[INFO] EVENT FINISHED : 3953
[INFO] DISTRIBUTING EVENT : 3961
[INFO] EVENT FINISHED : 3951
[INFO] DISTRIBUTING EVENT : 3962
[INFO] EVENT FINISHED : 3955
[INFO] DISTRIBUTING EVENT : 3963
[INFO] EVENT FINISHED : 3960
[INFO] DISTRIBUTING EVENT : 3964
[INFO] EVENT FINISHED : 3958
[INFO] DISTRIBUTING EVENT : 3965
[INFO] EVENT FINISHED : 3959
[INFO] DISTRIBUTING EVENT : 3966
[INFO] EVENT FINISHED : 3964
[INFO] DISTRIBUTING EVENT : 3967
[INFO] EVENT FINISHED : 3954
[INFO] DISTRIBUTING EVENT : 3968
[INFO] EVENT FINISHED : 3956
[INFO] DISTRIBUTING EVENT : 3969
[INFO] EVENT FINISHED : 3968
[INFO] DISTRIBUTING EVENT : 3970
[INFO] EVENT FINISHED : 3961
[INFO] DISTRIBUTING EVENT : 3971
[INFO] EVENT FINISHED : 3966
[INFO] DISTRIBUTING EVENT : 3972
[INFO] EVENT FINISHED : 3965
[INFO] DISTRIBUTING EVENT : 3973
[INFO] EVENT FINISHED : 3963
[INFO] DISTRIBUTING EVENT : 3974
[INFO] EVENT FINISHED : 3974
[INFO] DISTRIBUTING EVENT : 3975
[INFO] EVENT FINISHED : 3973
[INFO] DISTRIBUTING EVENT : 3976
[INFO] EVENT FINISHED : 3969
[INFO] DISTRIBUTING EVENT : 3977
[INFO] EVENT FINISHED : 3962
[INFO] DISTRIBUTING EVENT : 3978
[INFO] EVENT FINISHED : 3967
[INFO] DISTRIBUTING EVENT : 3979
[INFO] EVENT FINISHED : 3979
[INFO] DISTRIBUTING EVENT : 3980
[INFO] EVENT FINISHED : 3976
[INFO] DISTRIBUTING EVENT : 3981
[INFO] EVENT FINISHED : 3971
[INFO] DISTRIBUTING EVENT : 3982
[INFO] EVENT FINISHED : 3970
[INFO] DISTRIBUTING EVENT : 3983
[INFO] EVENT FINISHED : 3972
[INFO] DISTRIBUTING EVENT : 3984
[INFO] EVENT FINISHED : 3975
[INFO] DISTRIBUTING EVENT : 3985
[INFO] EVENT FINISHED : 3984
[INFO] DISTRIBUTING EVENT : 3986
[INFO] EVENT FINISHED : 3982
[INFO] DISTRIBUTING EVENT : 3987
[INFO] EVENT FINISHED : 3980
[INFO] DISTRIBUTING EVENT : 3988
[INFO] EVENT FINISHED : 3988
[INFO] DISTRIBUTING EVENT : 3989
[INFO] EVENT FINISHED : 3981
[INFO] DISTRIBUTING EVENT : 3990
[INFO] EVENT FINISHED : 3977
[INFO] DISTRIBUTING EVENT : 3991
[INFO] EVENT FINISHED : 3978
[INFO] DISTRIBUTING EVENT : 3992
[INFO] EVENT FINISHED : 3992
[INFO] DISTRIBUTING EVENT : 3993
[INFO] EVENT FINISHED : 3986
[INFO] DISTRIBUTING EVENT : 3994
[INFO] EVENT FINISHED : 3983
[INFO] DISTRIBUTING EVENT : 3995
[INFO] EVENT FINISHED : 3987
[INFO] DISTRIBUTING EVENT : 3996
[INFO] EVENT FINISHED : 3989
[INFO] DISTRIBUTING EVENT : 3997
[INFO] EVENT FINISHED : 3985
[INFO] DISTRIBUTING EVENT : 3998
[INFO] EVENT FINISHED : 3990
[INFO] DISTRIBUTING EVENT : 3999
[INFO] EVENT FINISHED : 3998
[INFO] DISTRIBUTING EVENT : 4000
[INFO] EVENT FINISHED : 3994
[INFO] DISTRIBUTING EVENT : 4001
[INFO] EVENT FINISHED : 4001
[INFO] DISTRIBUTING EVENT : 4002
[INFO] EVENT FINISHED : 3999
[INFO] DISTRIBUTING EVENT : 4003
[INFO] EVENT FINISHED : 3993
[INFO] DISTRIBUTING EVENT : 4004
[INFO] EVENT FINISHED : 4002
[INFO] DISTRIBUTING EVENT : 4005
[INFO] EVENT FINISHED : 3991
[INFO] DISTRIBUTING EVENT : 4006
[INFO] EVENT FINISHED : 3995
[INFO] DISTRIBUTING EVENT : 4007
[INFO] EVENT FINISHED : 4000
[INFO] DISTRIBUTING EVENT : 4008
[INFO] EVENT FINISHED : 4005
[INFO] DISTRIBUTING EVENT : 4009
[INFO] EVENT FINISHED : 3997
[INFO] DISTRIBUTING EVENT : 4010
[INFO] EVENT FINISHED : 4004
[INFO] DISTRIBUTING EVENT : 4011
[INFO] EVENT FINISHED : 3996
[INFO] DISTRIBUTING EVENT : 4012
[INFO] EVENT FINISHED : 4006
[INFO] DISTRIBUTING EVENT : 4013
[INFO] EVENT FINISHED : 4003
[INFO] DISTRIBUTING EVENT : 4014
[INFO] EVENT FINISHED : 4012
[INFO] DISTRIBUTING EVENT : 4015
[INFO] EVENT FINISHED : 4015
[INFO] DISTRIBUTING EVENT : 4016
[INFO] EVENT FINISHED : 4011
[INFO] DISTRIBUTING EVENT : 4017
[INFO] EVENT FINISHED : 4008
[INFO] DISTRIBUTING EVENT : 4018
[INFO] EVENT FINISHED : 4010
[INFO] DISTRIBUTING EVENT : 4019
[INFO] EVENT FINISHED : 4007
[INFO] DISTRIBUTING EVENT : 4020
[INFO] EVENT FINISHED : 4009
[INFO] DISTRIBUTING EVENT : 4021
[INFO] EVENT FINISHED : 4016
[INFO] DISTRIBUTING EVENT : 4022
[INFO] EVENT FINISHED : 4013
[INFO] DISTRIBUTING EVENT : 4023
[INFO] EVENT FINISHED : 4017
[INFO] DISTRIBUTING EVENT : 4024
[INFO] EVENT FINISHED : 4014
[INFO] DISTRIBUTING EVENT : 4025
[INFO] EVENT FINISHED : 4018
[INFO] DISTRIBUTING EVENT : 4026
[INFO] EVENT FINISHED : 4025
[INFO] DISTRIBUTING EVENT : 4027
[INFO] EVENT FINISHED : 4019
[INFO] DISTRIBUTING EVENT : 4028
[INFO] EVENT FINISHED : 4028
[INFO] DISTRIBUTING EVENT : 4029
[INFO] EVENT FINISHED : 4022
[INFO] DISTRIBUTING EVENT : 4030
[INFO] EVENT FINISHED : 4023
[INFO] DISTRIBUTING EVENT : 4031
[INFO] EVENT FINISHED : 4020
[INFO] DISTRIBUTING EVENT : 4032
[INFO] EVENT FINISHED : 4024
[INFO] DISTRIBUTING EVENT : 4033
[INFO] EVENT FINISHED : 4026
[INFO] DISTRIBUTING EVENT : 4034
[INFO] EVENT FINISHED : 4021
[INFO] DISTRIBUTING EVENT : 4035
[INFO] EVENT FINISHED : 4029
[INFO] DISTRIBUTING EVENT : 4036
[INFO] EVENT FINISHED : 4031
[INFO] DISTRIBUTING EVENT : 4037
[INFO] EVENT FINISHED : 4034
[INFO] DISTRIBUTING EVENT : 4038
[INFO] EVENT FINISHED : 4027
[INFO] DISTRIBUTING EVENT : 4039
[INFO] EVENT FINISHED : 4030
[INFO] DISTRIBUTING EVENT : 4040
[INFO] EVENT FINISHED : 4039
[INFO] DISTRIBUTING EVENT : 4041
[INFO] EVENT FINISHED : 4033
[INFO] DISTRIBUTING EVENT : 4042
[INFO] EVENT FINISHED : 4032
[INFO] DISTRIBUTING EVENT : 4043
[INFO] EVENT FINISHED : 4036
[INFO] DISTRIBUTING EVENT : 4044
[INFO] EVENT FINISHED : 4038
[INFO] DISTRIBUTING EVENT : 4045
[INFO] EVENT FINISHED : 4040
[INFO] DISTRIBUTING EVENT : 4046
[INFO] EVENT FINISHED : 4042
[INFO] DISTRIBUTING EVENT : 4047
[INFO] EVENT FINISHED : 4035
[INFO] DISTRIBUTING EVENT : 4048
[INFO] EVENT FINISHED : 4037
[INFO] DISTRIBUTING EVENT : 4049
[INFO] EVENT FINISHED : 4043
[INFO] DISTRIBUTING EVENT : 4050
[INFO] EVENT FINISHED : 4046
[INFO] DISTRIBUTING EVENT : 4051
[INFO] EVENT FINISHED : 4041
[INFO] DISTRIBUTING EVENT : 4052
[INFO] EVENT FINISHED : 4044
[INFO] DISTRIBUTING EVENT : 4053
[INFO] EVENT FINISHED : 4045
[INFO] DISTRIBUTING EVENT : 4054
[INFO] EVENT FINISHED : 4048
[INFO] DISTRIBUTING EVENT : 4055
[INFO] EVENT FINISHED : 4051
[INFO] DISTRIBUTING EVENT : 4056
[INFO] EVENT FINISHED : 4053
[INFO] DISTRIBUTING EVENT : 4057
[INFO] EVENT FINISHED : 4047
[INFO] DISTRIBUTING EVENT : 4058
[INFO] EVENT FINISHED : 4054
[INFO] DISTRIBUTING EVENT : 4059
[INFO] EVENT FINISHED : 4052
[INFO] DISTRIBUTING EVENT : 4060
[INFO] EVENT FINISHED : 4050
[INFO] DISTRIBUTING EVENT : 4061
[INFO] EVENT FINISHED : 4049
[INFO] DISTRIBUTING EVENT : 4062
[INFO] EVENT FINISHED : 4055
[INFO] DISTRIBUTING EVENT : 4063
[INFO] EVENT FINISHED : 4062
[INFO] DISTRIBUTING EVENT : 4064
[INFO] EVENT FINISHED : 4057
[INFO] DISTRIBUTING EVENT : 4065
[INFO] EVENT FINISHED : 4056
[INFO] DISTRIBUTING EVENT : 4066
[INFO] EVENT FINISHED : 4059
[INFO] DISTRIBUTING EVENT : 4067
[INFO] EVENT FINISHED : 4067
[INFO] DISTRIBUTING EVENT : 4068
[INFO] EVENT FINISHED : 4064
[INFO] DISTRIBUTING EVENT : 4069
[INFO] EVENT FINISHED : 4061
[INFO] DISTRIBUTING EVENT : 4070
[INFO] EVENT FINISHED : 4060
[INFO] DISTRIBUTING EVENT : 4071
[INFO] EVENT FINISHED : 4069
[INFO] DISTRIBUTING EVENT : 4072
[INFO] EVENT FINISHED : 4072
[INFO] DISTRIBUTING EVENT : 4073
[INFO] EVENT FINISHED : 4073
[INFO] DISTRIBUTING EVENT : 4074
[INFO] EVENT FINISHED : 4058
[INFO] DISTRIBUTING EVENT : 4075
[INFO] EVENT FINISHED : 4063
[INFO] DISTRIBUTING EVENT : 4076
[INFO] EVENT FINISHED : 4065
[INFO] DISTRIBUTING EVENT : 4077
[INFO] EVENT FINISHED : 4066
[INFO] DISTRIBUTING EVENT : 4078
[INFO] EVENT FINISHED : 4071
[INFO] DISTRIBUTING EVENT : 4079
[INFO] EVENT FINISHED : 4074
[INFO] DISTRIBUTING EVENT : 4080
[INFO] EVENT FINISHED : 4075
[INFO] DISTRIBUTING EVENT : 4081
[INFO] EVENT FINISHED : 4077
[INFO] DISTRIBUTING EVENT : 4082
[INFO] EVENT FINISHED : 4070
[INFO] DISTRIBUTING EVENT : 4083
[INFO] EVENT FINISHED : 4068
[INFO] DISTRIBUTING EVENT : 4084
[INFO] EVENT FINISHED : 4083
[INFO] DISTRIBUTING EVENT : 4085
[INFO] EVENT FINISHED : 4078
[INFO] DISTRIBUTING EVENT : 4086
[INFO] EVENT FINISHED : 4079
[INFO] DISTRIBUTING EVENT : 4087
[INFO] EVENT FINISHED : 4076
[INFO] DISTRIBUTING EVENT : 4088
[INFO] EVENT FINISHED : 4081
[INFO] DISTRIBUTING EVENT : 4089
[INFO] EVENT FINISHED : 4084
[INFO] DISTRIBUTING EVENT : 4090
[INFO] EVENT FINISHED : 4080
[INFO] DISTRIBUTING EVENT : 4091
[INFO] EVENT FINISHED : 4090
[INFO] DISTRIBUTING EVENT : 4092
[INFO] EVENT FINISHED : 4087
[INFO] DISTRIBUTING EVENT : 4093
[INFO] EVENT FINISHED : 4082
[INFO] DISTRIBUTING EVENT : 4094
[INFO] EVENT FINISHED : 4085
[INFO] DISTRIBUTING EVENT : 4095
[INFO] EVENT FINISHED : 4089
[INFO] DISTRIBUTING EVENT : 4096
[INFO] EVENT FINISHED : 4088
[INFO] DISTRIBUTING EVENT : 4097
[INFO] EVENT FINISHED : 4086
[INFO] DISTRIBUTING EVENT : 4098
[INFO] EVENT FINISHED : 4095
[INFO] DISTRIBUTING EVENT : 4099
[INFO] EVENT FINISHED : 4097
[INFO] DISTRIBUTING EVENT : 4100
[INFO] EVENT FINISHED : 4094
[INFO] DISTRIBUTING EVENT : 4101
[INFO] EVENT FINISHED : 4098
[INFO] DISTRIBUTING EVENT : 4102
[INFO] EVENT FINISHED : 4093
[INFO] DISTRIBUTING EVENT : 4103
[INFO] EVENT FINISHED : 4092
[INFO] DISTRIBUTING EVENT : 4104
[INFO] EVENT FINISHED : 4091
[INFO] DISTRIBUTING EVENT : 4105
[INFO] EVENT FINISHED : 4105
[INFO] DISTRIBUTING EVENT : 4106
[INFO] EVENT FINISHED : 4102
[INFO] DISTRIBUTING EVENT : 4107
[INFO] EVENT FINISHED : 4096
[INFO] DISTRIBUTING EVENT : 4108
[INFO] EVENT FINISHED : 4100
[INFO] DISTRIBUTING EVENT : 4109
[INFO] EVENT FINISHED : 4099
[INFO] DISTRIBUTING EVENT : 4110
[INFO] EVENT FINISHED : 4103
[INFO] DISTRIBUTING EVENT : 4111
[INFO] EVENT FINISHED : 4101
[INFO] DISTRIBUTING EVENT : 4112
[INFO] EVENT FINISHED : 4108
[INFO] DISTRIBUTING EVENT : 4113
[INFO] EVENT FINISHED : 4104
[INFO] DISTRIBUTING EVENT : 4114
[INFO] EVENT FINISHED : 4109
[INFO] DISTRIBUTING EVENT : 4115
[INFO] EVENT FINISHED : 4106
[INFO] DISTRIBUTING EVENT : 4116
[INFO] EVENT FINISHED : 4113
[INFO] DISTRIBUTING EVENT : 4117
[INFO] EVENT FINISHED : 4107
[INFO] DISTRIBUTING EVENT : 4118
[INFO] EVENT FINISHED : 4117
[INFO] DISTRIBUTING EVENT : 4119
[INFO] EVENT FINISHED : 4110
[INFO] DISTRIBUTING EVENT : 4120
[INFO] EVENT FINISHED : 4120
[INFO] DISTRIBUTING EVENT : 4121
[INFO] EVENT FINISHED : 4115
[INFO] DISTRIBUTING EVENT : 4122
[INFO] EVENT FINISHED : 4118
[INFO] DISTRIBUTING EVENT : 4123
[INFO] EVENT FINISHED : 4116
[INFO] DISTRIBUTING EVENT : 4124
[INFO] EVENT FINISHED : 4122
[INFO] DISTRIBUTING EVENT : 4125
[INFO] EVENT FINISHED : 4112
[INFO] DISTRIBUTING EVENT : 4126
[INFO] EVENT FINISHED : 4125
[INFO] DISTRIBUTING EVENT : 4127
[INFO] EVENT FINISHED : 4111
[INFO] DISTRIBUTING EVENT : 4128
[INFO] EVENT FINISHED : 4124
[INFO] DISTRIBUTING EVENT : 4129
[INFO] EVENT FINISHED : 4114
[INFO] DISTRIBUTING EVENT : 4130
[INFO] EVENT FINISHED : 4119
[INFO] DISTRIBUTING EVENT : 4131
[INFO] EVENT FINISHED : 4123
[INFO] DISTRIBUTING EVENT : 4132
[INFO] EVENT FINISHED : 4126
[INFO] DISTRIBUTING EVENT : 4133
[INFO] EVENT FINISHED : 4130
[INFO] DISTRIBUTING EVENT : 4134
[INFO] EVENT FINISHED : 4121
[INFO] DISTRIBUTING EVENT : 4135
[INFO] EVENT FINISHED : 4135
[INFO] DISTRIBUTING EVENT : 4136
[INFO] EVENT FINISHED : 4129
[INFO] DISTRIBUTING EVENT : 4137
[INFO] EVENT FINISHED : 4132
[INFO] DISTRIBUTING EVENT : 4138
[INFO] EVENT FINISHED : 4127
[INFO] DISTRIBUTING EVENT : 4139
[INFO] EVENT FINISHED : 4131
[INFO] DISTRIBUTING EVENT : 4140
[INFO] EVENT FINISHED : 4128
[INFO] DISTRIBUTING EVENT : 4141
[INFO] EVENT FINISHED : 4141
[INFO] DISTRIBUTING EVENT : 4142
[INFO] EVENT FINISHED : 4133
[INFO] DISTRIBUTING EVENT : 4143
[INFO] EVENT FINISHED : 4143
[INFO] DISTRIBUTING EVENT : 4144
[INFO] EVENT FINISHED : 4137
[INFO] DISTRIBUTING EVENT : 4145
[INFO] EVENT FINISHED : 4140
[INFO] DISTRIBUTING EVENT : 4146
[INFO] EVENT FINISHED : 4134
[INFO] DISTRIBUTING EVENT : 4147
[INFO] EVENT FINISHED : 4136
[INFO] DISTRIBUTING EVENT : 4148
[INFO] EVENT FINISHED : 4144
[INFO] DISTRIBUTING EVENT : 4149
[INFO] EVENT FINISHED : 4138
[INFO] DISTRIBUTING EVENT : 4150
[INFO] EVENT FINISHED : 4142
[INFO] DISTRIBUTING EVENT : 4151
[INFO] EVENT FINISHED : 4146
[INFO] DISTRIBUTING EVENT : 4152
[INFO] EVENT FINISHED : 4145
[INFO] DISTRIBUTING EVENT : 4153
[INFO] EVENT FINISHED : 4139
[INFO] DISTRIBUTING EVENT : 4154
[INFO] EVENT FINISHED : 4148
[INFO] DISTRIBUTING EVENT : 4155
[INFO] EVENT FINISHED : 4155
[INFO] DISTRIBUTING EVENT : 4156
[INFO] EVENT FINISHED : 4153
[INFO] DISTRIBUTING EVENT : 4157
[INFO] EVENT FINISHED : 4150
[INFO] DISTRIBUTING EVENT : 4158
[INFO] EVENT FINISHED : 4152
[INFO] DISTRIBUTING EVENT : 4159
[INFO] EVENT FINISHED : 4149
[INFO] DISTRIBUTING EVENT : 4160
[INFO] EVENT FINISHED : 4158
[INFO] DISTRIBUTING EVENT : 4161
[INFO] EVENT FINISHED : 4147
[INFO] DISTRIBUTING EVENT : 4162
[INFO] EVENT FINISHED : 4159
[INFO] DISTRIBUTING EVENT : 4163
[INFO] EVENT FINISHED : 4151
[INFO] DISTRIBUTING EVENT : 4164
[INFO] EVENT FINISHED : 4154
[INFO] DISTRIBUTING EVENT : 4165
[INFO] EVENT FINISHED : 4157
[INFO] DISTRIBUTING EVENT : 4166
[INFO] EVENT FINISHED : 4166
[INFO] DISTRIBUTING EVENT : 4167
[INFO] EVENT FINISHED : 4160
[INFO] DISTRIBUTING EVENT : 4168
[INFO] EVENT FINISHED : 4156
[INFO] DISTRIBUTING EVENT : 4169
[INFO] EVENT FINISHED : 4163
[INFO] DISTRIBUTING EVENT : 4170
[INFO] EVENT FINISHED : 4162
[INFO] DISTRIBUTING EVENT : 4171
[INFO] EVENT FINISHED : 4167
[INFO] DISTRIBUTING EVENT : 4172
[INFO] EVENT FINISHED : 4161
[INFO] DISTRIBUTING EVENT : 4173
[INFO] EVENT FINISHED : 4173
[INFO] DISTRIBUTING EVENT : 4174
[INFO] EVENT FINISHED : 4164
[INFO] DISTRIBUTING EVENT : 4175
[INFO] EVENT FINISHED : 4174
[INFO] DISTRIBUTING EVENT : 4176
[INFO] EVENT FINISHED : 4165
[INFO] DISTRIBUTING EVENT : 4177
[INFO] EVENT FINISHED : 4168
[INFO] DISTRIBUTING EVENT : 4178
[INFO] EVENT FINISHED : 4169
[INFO] DISTRIBUTING EVENT : 4179
[INFO] EVENT FINISHED : 4172
[INFO] DISTRIBUTING EVENT : 4180
[INFO] EVENT FINISHED : 4171
[INFO] DISTRIBUTING EVENT : 4181
[INFO] EVENT FINISHED : 4176
[INFO] DISTRIBUTING EVENT : 4182
[INFO] EVENT FINISHED : 4180
[INFO] DISTRIBUTING EVENT : 4183
[INFO] EVENT FINISHED : 4170
[INFO] DISTRIBUTING EVENT : 4184
[INFO] EVENT FINISHED : 4177
[INFO] DISTRIBUTING EVENT : 4185
[INFO] EVENT FINISHED : 4178
[INFO] DISTRIBUTING EVENT : 4186
[INFO] EVENT FINISHED : 4184
[INFO] DISTRIBUTING EVENT : 4187
[INFO] EVENT FINISHED : 4179
[INFO] DISTRIBUTING EVENT : 4188
[INFO] EVENT FINISHED : 4187
[INFO] DISTRIBUTING EVENT : 4189
[INFO] EVENT FINISHED : 4181
[INFO] DISTRIBUTING EVENT : 4190
[INFO] EVENT FINISHED : 4175
[INFO] DISTRIBUTING EVENT : 4191
[INFO] EVENT FINISHED : 4190
[INFO] DISTRIBUTING EVENT : 4192
[INFO] EVENT FINISHED : 4188
[INFO] DISTRIBUTING EVENT : 4193
[INFO] EVENT FINISHED : 4183
[INFO] DISTRIBUTING EVENT : 4194
[INFO] EVENT FINISHED : 4186
[INFO] DISTRIBUTING EVENT : 4195
[INFO] EVENT FINISHED : 4182
[INFO] DISTRIBUTING EVENT : 4196
[INFO] DISTRIBUTING EVENT : 4197
[INFO] EVENT FINISHED : 4196
[INFO] EVENT FINISHED : 4197
[INFO] DISTRIBUTING EVENT : 4198
[INFO] EVENT FINISHED : 4185
[INFO] DISTRIBUTING EVENT : 4199
[INFO] EVENT FINISHED : 4198
[INFO] DISTRIBUTING EVENT : 4200
[INFO] EVENT FINISHED : 4191
[INFO] DISTRIBUTING EVENT : 4201
[INFO] EVENT FINISHED : 4189
[INFO] DISTRIBUTING EVENT : 4202
[INFO] EVENT FINISHED : 4201
[INFO] DISTRIBUTING EVENT : 4203
[INFO] EVENT FINISHED : 4193
[INFO] DISTRIBUTING EVENT : 4204
[INFO] EVENT FINISHED : 4200
[INFO] DISTRIBUTING EVENT : 4205
[INFO] EVENT FINISHED : 4199
[INFO] DISTRIBUTING EVENT : 4206
[INFO] EVENT FINISHED : 4192
[INFO] DISTRIBUTING EVENT : 4207
[INFO] EVENT FINISHED : 4203
[INFO] DISTRIBUTING EVENT : 4208
[INFO] EVENT FINISHED : 4205
[INFO] DISTRIBUTING EVENT : 4209
[INFO] EVENT FINISHED : 4195
[INFO] DISTRIBUTING EVENT : 4210
[INFO] EVENT FINISHED : 4202
[INFO] DISTRIBUTING EVENT : 4211
[INFO] EVENT FINISHED : 4194
[INFO] DISTRIBUTING EVENT : 4212
[INFO] EVENT FINISHED : 4206
[INFO] DISTRIBUTING EVENT : 4213
[INFO] EVENT FINISHED : 4209
[INFO] DISTRIBUTING EVENT : 4214
[INFO] EVENT FINISHED : 4204
[INFO] DISTRIBUTING EVENT : 4215
[INFO] EVENT FINISHED : 4208
[INFO] DISTRIBUTING EVENT : 4216
[INFO] EVENT FINISHED : 4214
[INFO] DISTRIBUTING EVENT : 4217
[INFO] EVENT FINISHED : 4207
[INFO] DISTRIBUTING EVENT : 4218
[INFO] EVENT FINISHED : 4211
[INFO] DISTRIBUTING EVENT : 4219
[INFO] EVENT FINISHED : 4213
[INFO] DISTRIBUTING EVENT : 4220
[INFO] EVENT FINISHED : 4210
[INFO] DISTRIBUTING EVENT : 4221
[INFO] EVENT FINISHED : 4212
[INFO] DISTRIBUTING EVENT : 4222
[INFO] EVENT FINISHED : 4215
[INFO] DISTRIBUTING EVENT : 4223
[INFO] EVENT FINISHED : 4217
[INFO] DISTRIBUTING EVENT : 4224
[INFO] EVENT FINISHED : 4218
[INFO] DISTRIBUTING EVENT : 4225
[INFO] EVENT FINISHED : 4225
[INFO] DISTRIBUTING EVENT : 4226
[INFO] EVENT FINISHED : 4216
[INFO] DISTRIBUTING EVENT : 4227
[INFO] EVENT FINISHED : 4223
[INFO] DISTRIBUTING EVENT : 4228
[INFO] EVENT FINISHED : 4219
[INFO] DISTRIBUTING EVENT : 4229
[INFO] EVENT FINISHED : 4220
[INFO] DISTRIBUTING EVENT : 4230
[INFO] EVENT FINISHED : 4222
[INFO] DISTRIBUTING EVENT : 4231
[INFO] EVENT FINISHED : 4224
[INFO] DISTRIBUTING EVENT : 4232
[INFO] EVENT FINISHED : 4221
[INFO] DISTRIBUTING EVENT : 4233
[INFO] EVENT FINISHED : 4229
[INFO] DISTRIBUTING EVENT : 4234
[INFO] EVENT FINISHED : 4231
[INFO] DISTRIBUTING EVENT : 4235
[INFO] EVENT FINISHED : 4232
[INFO] DISTRIBUTING EVENT : 4236
[INFO] EVENT FINISHED : 4226
[INFO] DISTRIBUTING EVENT : 4237
[INFO] EVENT FINISHED : 4237
[INFO] DISTRIBUTING EVENT : 4238
[INFO] EVENT FINISHED : 4227
[INFO] DISTRIBUTING EVENT : 4239
[INFO] EVENT FINISHED : 4230
[INFO] DISTRIBUTING EVENT : 4240
[INFO] EVENT FINISHED : 4228
[INFO] DISTRIBUTING EVENT : 4241
[INFO] EVENT FINISHED : 4238
[INFO] DISTRIBUTING EVENT : 4242
[INFO] EVENT FINISHED : 4235
[INFO] DISTRIBUTING EVENT : 4243
[INFO] EVENT FINISHED : 4242
[INFO] DISTRIBUTING EVENT : 4244
[INFO] EVENT FINISHED : 4233
[INFO] DISTRIBUTING EVENT : 4245
[INFO] EVENT FINISHED : 4234
[INFO] DISTRIBUTING EVENT : 4246
[INFO] EVENT FINISHED : 4236
[INFO] DISTRIBUTING EVENT : 4247
[INFO] EVENT FINISHED : 4247
[INFO] DISTRIBUTING EVENT : 4248
[INFO] EVENT FINISHED : 4241
[INFO] DISTRIBUTING EVENT : 4249
[INFO] EVENT FINISHED : 4249
[INFO] DISTRIBUTING EVENT : 4250
[INFO] EVENT FINISHED : 4250
[INFO] DISTRIBUTING EVENT : 4251
[INFO] EVENT FINISHED : 4240
[INFO] DISTRIBUTING EVENT : 4252
[INFO] EVENT FINISHED : 4244
[INFO] DISTRIBUTING EVENT : 4253
[INFO] EVENT FINISHED : 4248
[INFO] DISTRIBUTING EVENT : 4254
[INFO] EVENT FINISHED : 4239
[INFO] DISTRIBUTING EVENT : 4255
[INFO] EVENT FINISHED : 4243
[INFO] DISTRIBUTING EVENT : 4256
[INFO] EVENT FINISHED : 4245
[INFO] DISTRIBUTING EVENT : 4257
[INFO] DISTRIBUTING EVENT : 4258
[INFO] EVENT FINISHED : 4257
[INFO] EVENT FINISHED : 4246
[INFO] DISTRIBUTING EVENT : 4259
[INFO] EVENT FINISHED : 4259
[INFO] DISTRIBUTING EVENT : 4260
[INFO] EVENT FINISHED : 4260
[INFO] DISTRIBUTING EVENT : 4261
[INFO] EVENT FINISHED : 4253
[INFO] DISTRIBUTING EVENT : 4262
[INFO] EVENT FINISHED : 4256
[INFO] DISTRIBUTING EVENT : 4263
[INFO] EVENT FINISHED : 4262
[INFO] DISTRIBUTING EVENT : 4264
[INFO] EVENT FINISHED : 4251
[INFO] DISTRIBUTING EVENT : 4265
[INFO] EVENT FINISHED : 4252
[INFO] DISTRIBUTING EVENT : 4266
[INFO] EVENT FINISHED : 4255
[INFO] DISTRIBUTING EVENT : 4267
[INFO] EVENT FINISHED : 4266
[INFO] DISTRIBUTING EVENT : 4268
[INFO] EVENT FINISHED : 4267
[INFO] DISTRIBUTING EVENT : 4269
[INFO] EVENT FINISHED : 4263
[INFO] DISTRIBUTING EVENT : 4270
[INFO] EVENT FINISHED : 4258
[INFO] DISTRIBUTING EVENT : 4271
[INFO] EVENT FINISHED : 4264
[INFO] DISTRIBUTING EVENT : 4272
[INFO] EVENT FINISHED : 4268
[INFO] DISTRIBUTING EVENT : 4273
[INFO] EVENT FINISHED : 4254
[INFO] DISTRIBUTING EVENT : 4274
[INFO] EVENT FINISHED : 4265
[INFO] DISTRIBUTING EVENT : 4275
[INFO] EVENT FINISHED : 4275
[INFO] DISTRIBUTING EVENT : 4276
[INFO] EVENT FINISHED : 4261
[INFO] DISTRIBUTING EVENT : 4277
[INFO] EVENT FINISHED : 4271
[INFO] DISTRIBUTING EVENT : 4278
[INFO] EVENT FINISHED : 4272
[INFO] DISTRIBUTING EVENT : 4279
[INFO] EVENT FINISHED : 4269
[INFO] DISTRIBUTING EVENT : 4280
[INFO] EVENT FINISHED : 4273
[INFO] DISTRIBUTING EVENT : 4281
[INFO] EVENT FINISHED : 4278
[INFO] DISTRIBUTING EVENT : 4282
[INFO] EVENT FINISHED : 4281
[INFO] DISTRIBUTING EVENT : 4283
[INFO] EVENT FINISHED : 4282
[INFO] DISTRIBUTING EVENT : 4284
[INFO] EVENT FINISHED : 4270
[INFO] DISTRIBUTING EVENT : 4285
[INFO] EVENT FINISHED : 4277
[INFO] DISTRIBUTING EVENT : 4286
[INFO] EVENT FINISHED : 4274
[INFO] DISTRIBUTING EVENT : 4287
[INFO] EVENT FINISHED : 4279
[INFO] DISTRIBUTING EVENT : 4288
[INFO] EVENT FINISHED : 4276
[INFO] DISTRIBUTING EVENT : 4289
[INFO] EVENT FINISHED : 4285
[INFO] DISTRIBUTING EVENT : 4290
[INFO] EVENT FINISHED : 4286
[INFO] DISTRIBUTING EVENT : 4291
[INFO] EVENT FINISHED : 4280
[INFO] DISTRIBUTING EVENT : 4292
[INFO] EVENT FINISHED : 4283
[INFO] DISTRIBUTING EVENT : 4293
[INFO] EVENT FINISHED : 4292
[INFO] DISTRIBUTING EVENT : 4294
[INFO] EVENT FINISHED : 4290
[INFO] DISTRIBUTING EVENT : 4295
[INFO] EVENT FINISHED : 4284
[INFO] DISTRIBUTING EVENT : 4296
[INFO] EVENT FINISHED : 4289
[INFO] DISTRIBUTING EVENT : 4297
[INFO] EVENT FINISHED : 4288
[INFO] DISTRIBUTING EVENT : 4298
[INFO] EVENT FINISHED : 4287
[INFO] DISTRIBUTING EVENT : 4299
[INFO] EVENT FINISHED : 4291
[INFO] DISTRIBUTING EVENT : 4300
[INFO] EVENT FINISHED : 4293
[INFO] DISTRIBUTING EVENT : 4301
[INFO] EVENT FINISHED : 4296
[INFO] DISTRIBUTING EVENT : 4302
[INFO] EVENT FINISHED : 4295
[INFO] DISTRIBUTING EVENT : 4303
[INFO] EVENT FINISHED : 4298
[INFO] DISTRIBUTING EVENT : 4304
[INFO] EVENT FINISHED : 4294
[INFO] DISTRIBUTING EVENT : 4305
[INFO] EVENT FINISHED : 4297
[INFO] DISTRIBUTING EVENT : 4306
[INFO] EVENT FINISHED : 4299
[INFO] DISTRIBUTING EVENT : 4307
[INFO] EVENT FINISHED : 4302
[INFO] DISTRIBUTING EVENT : 4308
[INFO] EVENT FINISHED : 4308
[INFO] DISTRIBUTING EVENT : 4309
[INFO] EVENT FINISHED : 4303
[INFO] DISTRIBUTING EVENT : 4310
[INFO] EVENT FINISHED : 4305
[INFO] DISTRIBUTING EVENT : 4311
[INFO] EVENT FINISHED : 4301
[INFO] DISTRIBUTING EVENT : 4312
[INFO] EVENT FINISHED : 4304
[INFO] DISTRIBUTING EVENT : 4313
[INFO] EVENT FINISHED : 4300
[INFO] DISTRIBUTING EVENT : 4314
[INFO] EVENT FINISHED : 4314
[INFO] DISTRIBUTING EVENT : 4315
[INFO] EVENT FINISHED : 4306
[INFO] DISTRIBUTING EVENT : 4316
[INFO] EVENT FINISHED : 4309
[INFO] DISTRIBUTING EVENT : 4317
[INFO] EVENT FINISHED : 4307
[INFO] DISTRIBUTING EVENT : 4318
[INFO] EVENT FINISHED : 4312
[INFO] DISTRIBUTING EVENT : 4319
[INFO] EVENT FINISHED : 4311
[INFO] DISTRIBUTING EVENT : 4320
[INFO] EVENT FINISHED : 4310
[INFO] DISTRIBUTING EVENT : 4321
[INFO] EVENT FINISHED : 4313
[INFO] DISTRIBUTING EVENT : 4322
[INFO] EVENT FINISHED : 4315
[INFO] DISTRIBUTING EVENT : 4323
[INFO] EVENT FINISHED : 4321
[INFO] DISTRIBUTING EVENT : 4324
[INFO] EVENT FINISHED : 4320
[INFO] DISTRIBUTING EVENT : 4325
[INFO] EVENT FINISHED : 4319
[INFO] DISTRIBUTING EVENT : 4326
[INFO] EVENT FINISHED : 4317
[INFO] DISTRIBUTING EVENT : 4327
[INFO] EVENT FINISHED : 4325
[INFO] DISTRIBUTING EVENT : 4328
[INFO] EVENT FINISHED : 4318
[INFO] DISTRIBUTING EVENT : 4329
[INFO] EVENT FINISHED : 4327
[INFO] DISTRIBUTING EVENT : 4330
[INFO] EVENT FINISHED : 4316
[INFO] DISTRIBUTING EVENT : 4331
[INFO] EVENT FINISHED : 4324
[INFO] DISTRIBUTING EVENT : 4332
[INFO] EVENT FINISHED : 4323
[INFO] DISTRIBUTING EVENT : 4333
[INFO] EVENT FINISHED : 4322
[INFO] DISTRIBUTING EVENT : 4334
[INFO] EVENT FINISHED : 4330
[INFO] DISTRIBUTING EVENT : 4335
[INFO] EVENT FINISHED : 4335
[INFO] DISTRIBUTING EVENT : 4336
[INFO] EVENT FINISHED : 4333
[INFO] DISTRIBUTING EVENT : 4337
[INFO] EVENT FINISHED : 4332
[INFO] DISTRIBUTING EVENT : 4338
[INFO] EVENT FINISHED : 4331
[INFO] DISTRIBUTING EVENT : 4339
[INFO] EVENT FINISHED : 4328
[INFO] DISTRIBUTING EVENT : 4340
[INFO] EVENT FINISHED : 4326
[INFO] DISTRIBUTING EVENT : 4341
[INFO] EVENT FINISHED : 4334
[INFO] EVENT FINISHED : 4329
[INFO] DISTRIBUTING EVENT : 4342
[INFO] DISTRIBUTING EVENT : 4343
[INFO] EVENT FINISHED : 4343
[INFO] DISTRIBUTING EVENT : 4344
[INFO] EVENT FINISHED : 4336
[INFO] DISTRIBUTING EVENT : 4345
[INFO] EVENT FINISHED : 4339
[INFO] DISTRIBUTING EVENT : 4346
[INFO] EVENT FINISHED : 4342
[INFO] DISTRIBUTING EVENT : 4347
[INFO] EVENT FINISHED : 4338
[INFO] DISTRIBUTING EVENT : 4348
[INFO] EVENT FINISHED : 4337
[INFO] DISTRIBUTING EVENT : 4349
[INFO] EVENT FINISHED : 4344
[INFO] DISTRIBUTING EVENT : 4350
[INFO] EVENT FINISHED : 4340
[INFO] DISTRIBUTING EVENT : 4351
[INFO] EVENT FINISHED : 4350
[INFO] DISTRIBUTING EVENT : 4352
[INFO] EVENT FINISHED : 4345
[INFO] DISTRIBUTING EVENT : 4353
[INFO] EVENT FINISHED : 4346
[INFO] DISTRIBUTING EVENT : 4354
[INFO] EVENT FINISHED : 4348
[INFO] DISTRIBUTING EVENT : 4355
[INFO] EVENT FINISHED : 4341
[INFO] DISTRIBUTING EVENT : 4356
[INFO] EVENT FINISHED : 4349
[INFO] DISTRIBUTING EVENT : 4357
[INFO] EVENT FINISHED : 4355
[INFO] DISTRIBUTING EVENT : 4358
[INFO] EVENT FINISHED : 4347
[INFO] DISTRIBUTING EVENT : 4359
[INFO] EVENT FINISHED : 4352
[INFO] DISTRIBUTING EVENT : 4360
[INFO] EVENT FINISHED : 4351
[INFO] DISTRIBUTING EVENT : 4361
[INFO] EVENT FINISHED : 4357
[INFO] DISTRIBUTING EVENT : 4362
[INFO] EVENT FINISHED : 4353
[INFO] DISTRIBUTING EVENT : 4363
[INFO] EVENT FINISHED : 4360
[INFO] DISTRIBUTING EVENT : 4364
[INFO] EVENT FINISHED : 4354
[INFO] DISTRIBUTING EVENT : 4365
[INFO] EVENT FINISHED : 4359
[INFO] DISTRIBUTING EVENT : 4366
[INFO] EVENT FINISHED : 4356
[INFO] DISTRIBUTING EVENT : 4367
[INFO] EVENT FINISHED : 4361
[INFO] DISTRIBUTING EVENT : 4368
[INFO] EVENT FINISHED : 4362
[INFO] DISTRIBUTING EVENT : 4369
[INFO] EVENT FINISHED : 4363
[INFO] DISTRIBUTING EVENT : 4370
[INFO] EVENT FINISHED : 4366
[INFO] DISTRIBUTING EVENT : 4371
[INFO] EVENT FINISHED : 4358
[INFO] DISTRIBUTING EVENT : 4372
[INFO] EVENT FINISHED : 4364
[INFO] DISTRIBUTING EVENT : 4373
[INFO] EVENT FINISHED : 4372
[INFO] DISTRIBUTING EVENT : 4374
[INFO] EVENT FINISHED : 4367
[INFO] DISTRIBUTING EVENT : 4375
[INFO] EVENT FINISHED : 4369
[INFO] DISTRIBUTING EVENT : 4376
[INFO] EVENT FINISHED : 4365
[INFO] DISTRIBUTING EVENT : 4377
[INFO] EVENT FINISHED : 4376
[INFO] DISTRIBUTING EVENT : 4378
[INFO] EVENT FINISHED : 4371
[INFO] DISTRIBUTING EVENT : 4379
[INFO] EVENT FINISHED : 4368
[INFO] DISTRIBUTING EVENT : 4380
[INFO] EVENT FINISHED : 4370
[INFO] DISTRIBUTING EVENT : 4381
[INFO] EVENT FINISHED : 4374
[INFO] DISTRIBUTING EVENT : 4382
[INFO] EVENT FINISHED : 4373
[INFO] DISTRIBUTING EVENT : 4383
[INFO] EVENT FINISHED : 4375
[INFO] DISTRIBUTING EVENT : 4384
[INFO] EVENT FINISHED : 4380
[INFO] DISTRIBUTING EVENT : 4385
[INFO] EVENT FINISHED : 4378
[INFO] DISTRIBUTING EVENT : 4386
[INFO] EVENT FINISHED : 4377
[INFO] DISTRIBUTING EVENT : 4387
[INFO] EVENT FINISHED : 4381
[INFO] DISTRIBUTING EVENT : 4388
[INFO] EVENT FINISHED : 4383
[INFO] DISTRIBUTING EVENT : 4389
[INFO] EVENT FINISHED : 4379
[INFO] DISTRIBUTING EVENT : 4390
[INFO] EVENT FINISHED : 4382
[INFO] DISTRIBUTING EVENT : 4391
[INFO] EVENT FINISHED : 4389
[INFO] DISTRIBUTING EVENT : 4392
[INFO] EVENT FINISHED : 4388
[INFO] DISTRIBUTING EVENT : 4393
[INFO] EVENT FINISHED : 4390
[INFO] DISTRIBUTING EVENT : 4394
[INFO] EVENT FINISHED : 4386
[INFO] DISTRIBUTING EVENT : 4395
[INFO] EVENT FINISHED : 4384
[INFO] DISTRIBUTING EVENT : 4396
[INFO] EVENT FINISHED : 4392
[INFO] DISTRIBUTING EVENT : 4397
[INFO] EVENT FINISHED : 4393
[INFO] DISTRIBUTING EVENT : 4398
[INFO] EVENT FINISHED : 4385
[INFO] DISTRIBUTING EVENT : 4399
[INFO] EVENT FINISHED : 4391
[INFO] DISTRIBUTING EVENT : 4400
[INFO] EVENT FINISHED : 4396
[INFO] DISTRIBUTING EVENT : 4401
[INFO] EVENT FINISHED : 4387
[INFO] EVENT FINISHED : 4395
[INFO] DISTRIBUTING EVENT : 4402
[INFO] DISTRIBUTING EVENT : 4403
[INFO] EVENT FINISHED : 4398
[INFO] DISTRIBUTING EVENT : 4404
[INFO] EVENT FINISHED : 4400
[INFO] DISTRIBUTING EVENT : 4405
[INFO] EVENT FINISHED : 4394
[INFO] DISTRIBUTING EVENT : 4406
[INFO] EVENT FINISHED : 4405
[INFO] DISTRIBUTING EVENT : 4407
[INFO] EVENT FINISHED : 4397
[INFO] DISTRIBUTING EVENT : 4408
[INFO] EVENT FINISHED : 4404
[INFO] DISTRIBUTING EVENT : 4409
[INFO] EVENT FINISHED : 4407
[INFO] DISTRIBUTING EVENT : 4410
[INFO] EVENT FINISHED : 4409
[INFO] DISTRIBUTING EVENT : 4411
[INFO] EVENT FINISHED : 4399
[INFO] DISTRIBUTING EVENT : 4412
[INFO] EVENT FINISHED : 4406
[INFO] DISTRIBUTING EVENT : 4413
[INFO] EVENT FINISHED : 4401
[INFO] DISTRIBUTING EVENT : 4414
[INFO] EVENT FINISHED : 4403
[INFO] DISTRIBUTING EVENT : 4415
[INFO] EVENT FINISHED : 4402
[INFO] DISTRIBUTING EVENT : 4416
[INFO] EVENT FINISHED : 4415
[INFO] DISTRIBUTING EVENT : 4417
[INFO] EVENT FINISHED : 4408
[INFO] DISTRIBUTING EVENT : 4418
[INFO] EVENT FINISHED : 4410
[INFO] DISTRIBUTING EVENT : 4419
[INFO] EVENT FINISHED : 4418
[INFO] DISTRIBUTING EVENT : 4420
[INFO] EVENT FINISHED : 4414
[INFO] DISTRIBUTING EVENT : 4421
[INFO] EVENT FINISHED : 4412
[INFO] DISTRIBUTING EVENT : 4422
[INFO] EVENT FINISHED : 4413
[INFO] DISTRIBUTING EVENT : 4423
[INFO] EVENT FINISHED : 4411
[INFO] DISTRIBUTING EVENT : 4424
[INFO] EVENT FINISHED : 4419
[INFO] DISTRIBUTING EVENT : 4425
[INFO] EVENT FINISHED : 4416
[INFO] DISTRIBUTING EVENT : 4426
[INFO] EVENT FINISHED : 4417
[INFO] DISTRIBUTING EVENT : 4427
[INFO] EVENT FINISHED : 4421
[INFO] DISTRIBUTING EVENT : 4428
[INFO] EVENT FINISHED : 4424
[INFO] DISTRIBUTING EVENT : 4429
[INFO] EVENT FINISHED : 4423
[INFO] DISTRIBUTING EVENT : 4430
[INFO] EVENT FINISHED : 4420
[INFO] DISTRIBUTING EVENT : 4431
[INFO] EVENT FINISHED : 4429
[INFO] DISTRIBUTING EVENT : 4432
[INFO] DISTRIBUTING EVENT : 4433
[INFO] EVENT FINISHED : 4432
[INFO] EVENT FINISHED : 4425
[INFO] DISTRIBUTING EVENT : 4434
[INFO] DISTRIBUTING EVENT : 4435
[INFO] EVENT FINISHED : 4431
[INFO] EVENT FINISHED : 4426
[INFO] DISTRIBUTING EVENT : 4436
[INFO] EVENT FINISHED : 4422
[INFO] DISTRIBUTING EVENT : 4437
[INFO] EVENT FINISHED : 4434
[INFO] DISTRIBUTING EVENT : 4438
[INFO] EVENT FINISHED : 4428
[INFO] DISTRIBUTING EVENT : 4439
[INFO] EVENT FINISHED : 4433
[INFO] DISTRIBUTING EVENT : 4440
[INFO] EVENT FINISHED : 4435
[INFO] DISTRIBUTING EVENT : 4441
[INFO] EVENT FINISHED : 4427
[INFO] DISTRIBUTING EVENT : 4442
[INFO] EVENT FINISHED : 4437
[INFO] DISTRIBUTING EVENT : 4443
[INFO] EVENT FINISHED : 4438
[INFO] DISTRIBUTING EVENT : 4444
[INFO] EVENT FINISHED : 4430
[INFO] DISTRIBUTING EVENT : 4445
[INFO] EVENT FINISHED : 4439
[INFO] DISTRIBUTING EVENT : 4446
[INFO] EVENT FINISHED : 4436
[INFO] DISTRIBUTING EVENT : 4447
[INFO] EVENT FINISHED : 4447
[INFO] DISTRIBUTING EVENT : 4448
[INFO] EVENT FINISHED : 4444
[INFO] DISTRIBUTING EVENT : 4449
[INFO] EVENT FINISHED : 4442
[INFO] DISTRIBUTING EVENT : 4450
[INFO] EVENT FINISHED : 4441
[INFO] DISTRIBUTING EVENT : 4451
[INFO] EVENT FINISHED : 4443
[INFO] DISTRIBUTING EVENT : 4452
[INFO] EVENT FINISHED : 4440
[INFO] DISTRIBUTING EVENT : 4453
[INFO] EVENT FINISHED : 4453
[INFO] DISTRIBUTING EVENT : 4454
[INFO] EVENT FINISHED : 4451
[INFO] DISTRIBUTING EVENT : 4455
[INFO] EVENT FINISHED : 4446
[INFO] DISTRIBUTING EVENT : 4456
[INFO] EVENT FINISHED : 4450
[INFO] DISTRIBUTING EVENT : 4457
[INFO] EVENT FINISHED : 4448
[INFO] DISTRIBUTING EVENT : 4458
[INFO] EVENT FINISHED : 4445
[INFO] DISTRIBUTING EVENT : 4459
[INFO] EVENT FINISHED : 4449
[INFO] DISTRIBUTING EVENT : 4460
[INFO] EVENT FINISHED : 4458
[INFO] DISTRIBUTING EVENT : 4461
[INFO] EVENT FINISHED : 4455
[INFO] DISTRIBUTING EVENT : 4462
[INFO] EVENT FINISHED : 4452
[INFO] DISTRIBUTING EVENT : 4463
[INFO] EVENT FINISHED : 4454
[INFO] DISTRIBUTING EVENT : 4464
[INFO] EVENT FINISHED : 4457
[INFO] DISTRIBUTING EVENT : 4465
[INFO] EVENT FINISHED : 4456
[INFO] DISTRIBUTING EVENT : 4466
[INFO] EVENT FINISHED : 4462
[INFO] DISTRIBUTING EVENT : 4467
[INFO] EVENT FINISHED : 4461
[INFO] DISTRIBUTING EVENT : 4468
[INFO] EVENT FINISHED : 4459
[INFO] DISTRIBUTING EVENT : 4469
[INFO] EVENT FINISHED : 4460
[INFO] DISTRIBUTING EVENT : 4470
[INFO] EVENT FINISHED : 4463
[INFO] DISTRIBUTING EVENT : 4471
[INFO] EVENT FINISHED : 4468
[INFO] DISTRIBUTING EVENT : 4472
[INFO] EVENT FINISHED : 4464
[INFO] DISTRIBUTING EVENT : 4473
[INFO] EVENT FINISHED : 4469
[INFO] DISTRIBUTING EVENT : 4474
[INFO] EVENT FINISHED : 4474
[INFO] DISTRIBUTING EVENT : 4475
[INFO] EVENT FINISHED : 4465
[INFO] DISTRIBUTING EVENT : 4476
[INFO] EVENT FINISHED : 4473
[INFO] DISTRIBUTING EVENT : 4477
[INFO] EVENT FINISHED : 4470
[INFO] DISTRIBUTING EVENT : 4478
[INFO] EVENT FINISHED : 4466
[INFO] DISTRIBUTING EVENT : 4479
[INFO] EVENT FINISHED : 4477
[INFO] DISTRIBUTING EVENT : 4480
[INFO] EVENT FINISHED : 4478
[INFO] DISTRIBUTING EVENT : 4481
[INFO] EVENT FINISHED : 4467
[INFO] DISTRIBUTING EVENT : 4482
[INFO] EVENT FINISHED : 4472
[INFO] DISTRIBUTING EVENT : 4483
[INFO] EVENT FINISHED : 4471
[INFO] DISTRIBUTING EVENT : 4484
[INFO] EVENT FINISHED : 4481
[INFO] DISTRIBUTING EVENT : 4485
[INFO] EVENT FINISHED : 4475
[INFO] DISTRIBUTING EVENT : 4486
[INFO] EVENT FINISHED : 4476
[INFO] DISTRIBUTING EVENT : 4487
[INFO] EVENT FINISHED : 4479
[INFO] DISTRIBUTING EVENT : 4488
[INFO] EVENT FINISHED : 4480
[INFO] DISTRIBUTING EVENT : 4489
[INFO] EVENT FINISHED : 4489
[INFO] DISTRIBUTING EVENT : 4490
[INFO] EVENT FINISHED : 4484
[INFO] DISTRIBUTING EVENT : 4491
[INFO] EVENT FINISHED : 4486
[INFO] DISTRIBUTING EVENT : 4492
[INFO] EVENT FINISHED : 4482
[INFO] DISTRIBUTING EVENT : 4493
[INFO] EVENT FINISHED : 4490
[INFO] DISTRIBUTING EVENT : 4494
[INFO] EVENT FINISHED : 4488
[INFO] DISTRIBUTING EVENT : 4495
[INFO] EVENT FINISHED : 4483
[INFO] DISTRIBUTING EVENT : 4496
[INFO] EVENT FINISHED : 4485
[INFO] DISTRIBUTING EVENT : 4497
[INFO] EVENT FINISHED : 4487
[INFO] DISTRIBUTING EVENT : 4498
[INFO] EVENT FINISHED : 4498
[INFO] DISTRIBUTING EVENT : 4499
[INFO] EVENT FINISHED : 4497
[INFO] DISTRIBUTING EVENT : 4500
[INFO] EVENT FINISHED : 4493
[INFO] DISTRIBUTING EVENT : 4501
[INFO] EVENT FINISHED : 4496
[INFO] DISTRIBUTING EVENT : 4502
[INFO] EVENT FINISHED : 4495
[INFO] DISTRIBUTING EVENT : 4503
[INFO] EVENT FINISHED : 4503
[INFO] DISTRIBUTING EVENT : 4504
[INFO] EVENT FINISHED : 4491
[INFO] DISTRIBUTING EVENT : 4505
[INFO] EVENT FINISHED : 4494
[INFO] DISTRIBUTING EVENT : 4506
[INFO] EVENT FINISHED : 4505
[INFO] DISTRIBUTING EVENT : 4507
[INFO] EVENT FINISHED : 4492
[INFO] DISTRIBUTING EVENT : 4508
[INFO] EVENT FINISHED : 4499
[INFO] DISTRIBUTING EVENT : 4509
[INFO] EVENT FINISHED : 4500
[INFO] DISTRIBUTING EVENT : 4510
[INFO] EVENT FINISHED : 4510
[INFO] DISTRIBUTING EVENT : 4511
[INFO] EVENT FINISHED : 4502
[INFO] DISTRIBUTING EVENT : 4512
[INFO] EVENT FINISHED : 4504
[INFO] DISTRIBUTING EVENT : 4513
[INFO] EVENT FINISHED : 4508
[INFO] DISTRIBUTING EVENT : 4514
[INFO] EVENT FINISHED : 4501
[INFO] DISTRIBUTING EVENT : 4515
[INFO] EVENT FINISHED : 4506
[INFO] DISTRIBUTING EVENT : 4516
[INFO] EVENT FINISHED : 4507
[INFO] DISTRIBUTING EVENT : 4517
[INFO] EVENT FINISHED : 4515
[INFO] DISTRIBUTING EVENT : 4518
[INFO] EVENT FINISHED : 4509
[INFO] DISTRIBUTING EVENT : 4519
[INFO] EVENT FINISHED : 4511
[INFO] DISTRIBUTING EVENT : 4520
[INFO] EVENT FINISHED : 4516
[INFO] DISTRIBUTING EVENT : 4521
[INFO] EVENT FINISHED : 4513
[INFO] DISTRIBUTING EVENT : 4522
[INFO] EVENT FINISHED : 4521
[INFO] DISTRIBUTING EVENT : 4523
[INFO] EVENT FINISHED : 4522
[INFO] DISTRIBUTING EVENT : 4524
[INFO] EVENT FINISHED : 4519
[INFO] DISTRIBUTING EVENT : 4525
[INFO] EVENT FINISHED : 4512
[INFO] DISTRIBUTING EVENT : 4526
[INFO] EVENT FINISHED : 4524
[INFO] DISTRIBUTING EVENT : 4527
[INFO] EVENT FINISHED : 4517
[INFO] DISTRIBUTING EVENT : 4528
[INFO] EVENT FINISHED : 4518
[INFO] DISTRIBUTING EVENT : 4529
[INFO] EVENT FINISHED : 4514
[INFO] DISTRIBUTING EVENT : 4530
[INFO] EVENT FINISHED : 4529
[INFO] DISTRIBUTING EVENT : 4531
[INFO] EVENT FINISHED : 4530
[INFO] DISTRIBUTING EVENT : 4532
[INFO] EVENT FINISHED : 4523
[INFO] DISTRIBUTING EVENT : 4533
[INFO] EVENT FINISHED : 4532
[INFO] DISTRIBUTING EVENT : 4534
[INFO] EVENT FINISHED : 4526
[INFO] DISTRIBUTING EVENT : 4535
[INFO] EVENT FINISHED : 4534
[INFO] DISTRIBUTING EVENT : 4536
[INFO] EVENT FINISHED : 4520
[INFO] DISTRIBUTING EVENT : 4537
[INFO] EVENT FINISHED : 4531
[INFO] DISTRIBUTING EVENT : 4538
[INFO] EVENT FINISHED : 4535
[INFO] DISTRIBUTING EVENT : 4539
[INFO] EVENT FINISHED : 4527
[INFO] DISTRIBUTING EVENT : 4540
[INFO] EVENT FINISHED : 4525
[INFO] DISTRIBUTING EVENT : 4541
[INFO] EVENT FINISHED : 4528
[INFO] DISTRIBUTING EVENT : 4542
[INFO] EVENT FINISHED : 4541
[INFO] DISTRIBUTING EVENT : 4543
[INFO] EVENT FINISHED : 4543
[INFO] DISTRIBUTING EVENT : 4544
[INFO] EVENT FINISHED : 4537
[INFO] DISTRIBUTING EVENT : 4545
[INFO] EVENT FINISHED : 4533
[INFO] DISTRIBUTING EVENT : 4546
[INFO] EVENT FINISHED : 4538
[INFO] DISTRIBUTING EVENT : 4547
[INFO] EVENT FINISHED : 4536
[INFO] DISTRIBUTING EVENT : 4548
[INFO] EVENT FINISHED : 4548
[INFO] DISTRIBUTING EVENT : 4549
[INFO] EVENT FINISHED : 4540
[INFO] DISTRIBUTING EVENT : 4550
[INFO] EVENT FINISHED : 4539
[INFO] DISTRIBUTING EVENT : 4551
[INFO] EVENT FINISHED : 4542
[INFO] DISTRIBUTING EVENT : 4552
[INFO] EVENT FINISHED : 4546
[INFO] DISTRIBUTING EVENT : 4553
[INFO] EVENT FINISHED : 4544
[INFO] DISTRIBUTING EVENT : 4554
[INFO] EVENT FINISHED : 4547
[INFO] DISTRIBUTING EVENT : 4555
[INFO] EVENT FINISHED : 4553
[INFO] DISTRIBUTING EVENT : 4556
[INFO] EVENT FINISHED : 4550
[INFO] DISTRIBUTING EVENT : 4557
[INFO] EVENT FINISHED : 4549
[INFO] DISTRIBUTING EVENT : 4558
[INFO] EVENT FINISHED : 4557
[INFO] DISTRIBUTING EVENT : 4559
[INFO] EVENT FINISHED : 4545
[INFO] DISTRIBUTING EVENT : 4560
[INFO] EVENT FINISHED : 4551
[INFO] DISTRIBUTING EVENT : 4561
[INFO] EVENT FINISHED : 4554
[INFO] DISTRIBUTING EVENT : 4562
[INFO] EVENT FINISHED : 4552
[INFO] DISTRIBUTING EVENT : 4563
[INFO] EVENT FINISHED : 4558
[INFO] DISTRIBUTING EVENT : 4564
[INFO] EVENT FINISHED : 4560
[INFO] DISTRIBUTING EVENT : 4565
[INFO] EVENT FINISHED : 4559
[INFO] DISTRIBUTING EVENT : 4566
[INFO] EVENT FINISHED : 4555
[INFO] DISTRIBUTING EVENT : 4567
[INFO] EVENT FINISHED : 4556
[INFO] DISTRIBUTING EVENT : 4568
[INFO] EVENT FINISHED : 4561
[INFO] DISTRIBUTING EVENT : 4569
[INFO] EVENT FINISHED : 4562
[INFO] DISTRIBUTING EVENT : 4570
[INFO] EVENT FINISHED : 4563
[INFO] DISTRIBUTING EVENT : 4571
[INFO] EVENT FINISHED : 4564
[INFO] DISTRIBUTING EVENT : 4572
[INFO] DISTRIBUTING EVENT : 4573
[INFO] EVENT FINISHED : 4569
[INFO] EVENT FINISHED : 4568
[INFO] DISTRIBUTING EVENT : 4574
[INFO] EVENT FINISHED : 4566
[INFO] DISTRIBUTING EVENT : 4575
[INFO] EVENT FINISHED : 4574
[INFO] DISTRIBUTING EVENT : 4576
[INFO] EVENT FINISHED : 4565
[INFO] DISTRIBUTING EVENT : 4577
[INFO] EVENT FINISHED : 4567
[INFO] DISTRIBUTING EVENT : 4578
[INFO] EVENT FINISHED : 4571
[INFO] DISTRIBUTING EVENT : 4579
[INFO] EVENT FINISHED : 4572
[INFO] DISTRIBUTING EVENT : 4580
[INFO] EVENT FINISHED : 4570
[INFO] DISTRIBUTING EVENT : 4581
[INFO] EVENT FINISHED : 4577
[INFO] DISTRIBUTING EVENT : 4582
[INFO] EVENT FINISHED : 4573
[INFO] DISTRIBUTING EVENT : 4583
[INFO] EVENT FINISHED : 4575
[INFO] DISTRIBUTING EVENT : 4584
[INFO] EVENT FINISHED : 4576
[INFO] DISTRIBUTING EVENT : 4585
[INFO] EVENT FINISHED : 4585
[INFO] DISTRIBUTING EVENT : 4586
[INFO] EVENT FINISHED : 4578
[INFO] DISTRIBUTING EVENT : 4587
[INFO] EVENT FINISHED : 4581
[INFO] DISTRIBUTING EVENT : 4588
[INFO] EVENT FINISHED : 4580
[INFO] DISTRIBUTING EVENT : 4589
[INFO] EVENT FINISHED : 4579
[INFO] DISTRIBUTING EVENT : 4590
[INFO] EVENT FINISHED : 4584
[INFO] DISTRIBUTING EVENT : 4591
[INFO] EVENT FINISHED : 4583
[INFO] DISTRIBUTING EVENT : 4592
[INFO] EVENT FINISHED : 4587
[INFO] DISTRIBUTING EVENT : 4593
[INFO] EVENT FINISHED : 4586
[INFO] DISTRIBUTING EVENT : 4594
[INFO] EVENT FINISHED : 4582
[INFO] DISTRIBUTING EVENT : 4595
[INFO] DISTRIBUTING EVENT : 4596
[INFO] EVENT FINISHED : 4595
[INFO] EVENT FINISHED : 4590
[INFO] DISTRIBUTING EVENT : 4597
[INFO] EVENT FINISHED : 4588
[INFO] DISTRIBUTING EVENT : 4598
[INFO] EVENT FINISHED : 4589
[INFO] DISTRIBUTING EVENT : 4599
[INFO] EVENT FINISHED : 4591
[INFO] DISTRIBUTING EVENT : 4600
[INFO] EVENT FINISHED : 4598
[INFO] DISTRIBUTING EVENT : 4601
[INFO] EVENT FINISHED : 4596
[INFO] DISTRIBUTING EVENT : 4602
[INFO] EVENT FINISHED : 4601
[INFO] DISTRIBUTING EVENT : 4603
[INFO] EVENT FINISHED : 4592
[INFO] DISTRIBUTING EVENT : 4604
[INFO] EVENT FINISHED : 4602
[INFO] DISTRIBUTING EVENT : 4605
[INFO] EVENT FINISHED : 4593
[INFO] DISTRIBUTING EVENT : 4606
[INFO] EVENT FINISHED : 4594
[INFO] DISTRIBUTING EVENT : 4607
[INFO] EVENT FINISHED : 4597
[INFO] DISTRIBUTING EVENT : 4608
[INFO] EVENT FINISHED : 4599
[INFO] DISTRIBUTING EVENT : 4609
[INFO] DISTRIBUTING EVENT : 4610
[INFO] EVENT FINISHED : 4609
[INFO] EVENT FINISHED : 4608
[INFO] DISTRIBUTING EVENT : 4611
[INFO] EVENT FINISHED : 4600
[INFO] DISTRIBUTING EVENT : 4612
[INFO] EVENT FINISHED : 4606
[INFO] DISTRIBUTING EVENT : 4613
[INFO] EVENT FINISHED : 4603
[INFO] DISTRIBUTING EVENT : 4614
[INFO] EVENT FINISHED : 4604
[INFO] DISTRIBUTING EVENT : 4615
[INFO] EVENT FINISHED : 4605
[INFO] DISTRIBUTING EVENT : 4616
[INFO] EVENT FINISHED : 4607
[INFO] DISTRIBUTING EVENT : 4617
[INFO] EVENT FINISHED : 4613
[INFO] DISTRIBUTING EVENT : 4618
[INFO] EVENT FINISHED : 4612
[INFO] DISTRIBUTING EVENT : 4619
[INFO] EVENT FINISHED : 4611
[INFO] DISTRIBUTING EVENT : 4620
[INFO] EVENT FINISHED : 4615
[INFO] DISTRIBUTING EVENT : 4621
[INFO] EVENT FINISHED : 4610
[INFO] DISTRIBUTING EVENT : 4622
[INFO] EVENT FINISHED : 4614
[INFO] DISTRIBUTING EVENT : 4623
[INFO] EVENT FINISHED : 4617
[INFO] DISTRIBUTING EVENT : 4624
[INFO] EVENT FINISHED : 4618
[INFO] DISTRIBUTING EVENT : 4625
[INFO] EVENT FINISHED : 4619
[INFO] DISTRIBUTING EVENT : 4626
[INFO] EVENT FINISHED : 4623
[INFO] DISTRIBUTING EVENT : 4627
[INFO] EVENT FINISHED : 4620
[INFO] DISTRIBUTING EVENT : 4628
[INFO] EVENT FINISHED : 4616
[INFO] DISTRIBUTING EVENT : 4629
[INFO] EVENT FINISHED : 4622
[INFO] DISTRIBUTING EVENT : 4630
[INFO] EVENT FINISHED : 4626
[INFO] DISTRIBUTING EVENT : 4631
[INFO] EVENT FINISHED : 4628
[INFO] DISTRIBUTING EVENT : 4632
[INFO] EVENT FINISHED : 4621
[INFO] DISTRIBUTING EVENT : 4633
[INFO] EVENT FINISHED : 4627
[INFO] DISTRIBUTING EVENT : 4634
[INFO] EVENT FINISHED : 4631
[INFO] DISTRIBUTING EVENT : 4635
[INFO] EVENT FINISHED : 4624
[INFO] DISTRIBUTING EVENT : 4636
[INFO] EVENT FINISHED : 4632
[INFO] DISTRIBUTING EVENT : 4637
[INFO] EVENT FINISHED : 4634
[INFO] DISTRIBUTING EVENT : 4638
[INFO] EVENT FINISHED : 4625
[INFO] DISTRIBUTING EVENT : 4639
[INFO] EVENT FINISHED : 4630
[INFO] DISTRIBUTING EVENT : 4640
[INFO] EVENT FINISHED : 4629
[INFO] DISTRIBUTING EVENT : 4641
[INFO] EVENT FINISHED : 4633
[INFO] DISTRIBUTING EVENT : 4642
[INFO] EVENT FINISHED : 4642
[INFO] DISTRIBUTING EVENT : 4643
[INFO] EVENT FINISHED : 4643
[INFO] DISTRIBUTING EVENT : 4644
[INFO] EVENT FINISHED : 4638
[INFO] DISTRIBUTING EVENT : 4645
[INFO] EVENT FINISHED : 4636
[INFO] DISTRIBUTING EVENT : 4646
[INFO] EVENT FINISHED : 4646
[INFO] DISTRIBUTING EVENT : 4647
[INFO] EVENT FINISHED : 4637
[INFO] DISTRIBUTING EVENT : 4648
[INFO] EVENT FINISHED : 4635
[INFO] DISTRIBUTING EVENT : 4649
[INFO] EVENT FINISHED : 4639
[INFO] DISTRIBUTING EVENT : 4650
[INFO] EVENT FINISHED : 4649
[INFO] DISTRIBUTING EVENT : 4651
[INFO] EVENT FINISHED : 4645
[INFO] DISTRIBUTING EVENT : 4652
[INFO] EVENT FINISHED : 4648
[INFO] DISTRIBUTING EVENT : 4653
[INFO] EVENT FINISHED : 4640
[INFO] DISTRIBUTING EVENT : 4654
[INFO] EVENT FINISHED : 4641
[INFO] DISTRIBUTING EVENT : 4655
[INFO] EVENT FINISHED : 4647
[INFO] DISTRIBUTING EVENT : 4656
[INFO] EVENT FINISHED : 4656
[INFO] DISTRIBUTING EVENT : 4657
[INFO] EVENT FINISHED : 4650
[INFO] DISTRIBUTING EVENT : 4658
[INFO] EVENT FINISHED : 4651
[INFO] DISTRIBUTING EVENT : 4659
[INFO] EVENT FINISHED : 4657
[INFO] DISTRIBUTING EVENT : 4660
[INFO] EVENT FINISHED : 4652
[INFO] DISTRIBUTING EVENT : 4661
[INFO] EVENT FINISHED : 4661
[INFO] DISTRIBUTING EVENT : 4662
[INFO] EVENT FINISHED : 4658
[INFO] DISTRIBUTING EVENT : 4663
[INFO] EVENT FINISHED : 4644
[INFO] DISTRIBUTING EVENT : 4664
[INFO] EVENT FINISHED : 4655
[INFO] DISTRIBUTING EVENT : 4665
[INFO] EVENT FINISHED : 4664
[INFO] DISTRIBUTING EVENT : 4666
[INFO] EVENT FINISHED : 4659
[INFO] DISTRIBUTING EVENT : 4667
[INFO] EVENT FINISHED : 4654
[INFO] DISTRIBUTING EVENT : 4668
[INFO] EVENT FINISHED : 4665
[INFO] DISTRIBUTING EVENT : 4669
[INFO] EVENT FINISHED : 4653
[INFO] DISTRIBUTING EVENT : 4670
[INFO] EVENT FINISHED : 4662
[INFO] DISTRIBUTING EVENT : 4671
[INFO] EVENT FINISHED : 4663
[INFO] DISTRIBUTING EVENT : 4672
[INFO] EVENT FINISHED : 4667
[INFO] DISTRIBUTING EVENT : 4673
[INFO] EVENT FINISHED : 4666
[INFO] DISTRIBUTING EVENT : 4674
[INFO] EVENT FINISHED : 4668
[INFO] DISTRIBUTING EVENT : 4675
[INFO] EVENT FINISHED : 4660
[INFO] DISTRIBUTING EVENT : 4676
[INFO] EVENT FINISHED : 4671
[INFO] DISTRIBUTING EVENT : 4677
[INFO] EVENT FINISHED : 4669
[INFO] DISTRIBUTING EVENT : 4678
[INFO] EVENT FINISHED : 4673
[INFO] DISTRIBUTING EVENT : 4679
[INFO] EVENT FINISHED : 4670
[INFO] DISTRIBUTING EVENT : 4680
[INFO] EVENT FINISHED : 4672
[INFO] DISTRIBUTING EVENT : 4681
[INFO] EVENT FINISHED : 4680
[INFO] DISTRIBUTING EVENT : 4682
[INFO] EVENT FINISHED : 4675
[INFO] DISTRIBUTING EVENT : 4683
[INFO] EVENT FINISHED : 4674
[INFO] DISTRIBUTING EVENT : 4684
[INFO] EVENT FINISHED : 4676
[INFO] DISTRIBUTING EVENT : 4685
[INFO] EVENT FINISHED : 4678
[INFO] DISTRIBUTING EVENT : 4686
[INFO] EVENT FINISHED : 4677
[INFO] DISTRIBUTING EVENT : 4687
[INFO] EVENT FINISHED : 4684
[INFO] DISTRIBUTING EVENT : 4688
[INFO] EVENT FINISHED : 4686
[INFO] DISTRIBUTING EVENT : 4689
[INFO] EVENT FINISHED : 4679
[INFO] DISTRIBUTING EVENT : 4690
[INFO] EVENT FINISHED : 4682
[INFO] DISTRIBUTING EVENT : 4691
[INFO] EVENT FINISHED : 4688
[INFO] DISTRIBUTING EVENT : 4692
[INFO] EVENT FINISHED : 4681
[INFO] DISTRIBUTING EVENT : 4693
[INFO] EVENT FINISHED : 4689
[INFO] DISTRIBUTING EVENT : 4694
[INFO] EVENT FINISHED : 4687
[INFO] DISTRIBUTING EVENT : 4695
[INFO] EVENT FINISHED : 4685
[INFO] DISTRIBUTING EVENT : 4696
[INFO] EVENT FINISHED : 4690
[INFO] DISTRIBUTING EVENT : 4697
[INFO] EVENT FINISHED : 4683
[INFO] DISTRIBUTING EVENT : 4698
[INFO] EVENT FINISHED : 4692
[INFO] DISTRIBUTING EVENT : 4699
[INFO] EVENT FINISHED : 4693
[INFO] DISTRIBUTING EVENT : 4700
[INFO] EVENT FINISHED : 4691
[INFO] DISTRIBUTING EVENT : 4701
[INFO] EVENT FINISHED : 4697
[INFO] DISTRIBUTING EVENT : 4702
[INFO] EVENT FINISHED : 4696
[INFO] DISTRIBUTING EVENT : 4703
[INFO] EVENT FINISHED : 4698
[INFO] DISTRIBUTING EVENT : 4704
[INFO] EVENT FINISHED : 4694
[INFO] DISTRIBUTING EVENT : 4705
[INFO] EVENT FINISHED : 4702
[INFO] DISTRIBUTING EVENT : 4706
[INFO] EVENT FINISHED : 4699
[INFO] DISTRIBUTING EVENT : 4707
[INFO] EVENT FINISHED : 4695
[INFO] DISTRIBUTING EVENT : 4708
[INFO] EVENT FINISHED : 4701
[INFO] DISTRIBUTING EVENT : 4709
[INFO] EVENT FINISHED : 4700
[INFO] DISTRIBUTING EVENT : 4710
[INFO] EVENT FINISHED : 4708
[INFO] DISTRIBUTING EVENT : 4711
[INFO] EVENT FINISHED : 4703
[INFO] DISTRIBUTING EVENT : 4712
[INFO] EVENT FINISHED : 4706
[INFO] DISTRIBUTING EVENT : 4713
[INFO] EVENT FINISHED : 4707
[INFO] DISTRIBUTING EVENT : 4714
[INFO] EVENT FINISHED : 4711
[INFO] DISTRIBUTING EVENT : 4715
[INFO] EVENT FINISHED : 4705
[INFO] DISTRIBUTING EVENT : 4716
[INFO] EVENT FINISHED : 4704
[INFO] DISTRIBUTING EVENT : 4717
[INFO] EVENT FINISHED : 4709
[INFO] DISTRIBUTING EVENT : 4718
[INFO] EVENT FINISHED : 4710
[INFO] DISTRIBUTING EVENT : 4719
[INFO] EVENT FINISHED : 4713
[INFO] DISTRIBUTING EVENT : 4720
[INFO] EVENT FINISHED : 4717
[INFO] DISTRIBUTING EVENT : 4721
[INFO] EVENT FINISHED : 4720
[INFO] DISTRIBUTING EVENT : 4722
[INFO] EVENT FINISHED : 4714
[INFO] DISTRIBUTING EVENT : 4723
[INFO] EVENT FINISHED : 4715
[INFO] DISTRIBUTING EVENT : 4724
[INFO] EVENT FINISHED : 4716
[INFO] DISTRIBUTING EVENT : 4725
[INFO] EVENT FINISHED : 4725
[INFO] DISTRIBUTING EVENT : 4726
[INFO] EVENT FINISHED : 4712
[INFO] DISTRIBUTING EVENT : 4727
[INFO] EVENT FINISHED : 4726
[INFO] DISTRIBUTING EVENT : 4728
[INFO] EVENT FINISHED : 4721
[INFO] DISTRIBUTING EVENT : 4729
[INFO] EVENT FINISHED : 4722
[INFO] DISTRIBUTING EVENT : 4730
[INFO] EVENT FINISHED : 4723
[INFO] DISTRIBUTING EVENT : 4731
[INFO] EVENT FINISHED : 4718
[INFO] DISTRIBUTING EVENT : 4732
[INFO] EVENT FINISHED : 4724
[INFO] DISTRIBUTING EVENT : 4733
[INFO] EVENT FINISHED : 4731
[INFO] DISTRIBUTING EVENT : 4734
[INFO] EVENT FINISHED : 4719
[INFO] DISTRIBUTING EVENT : 4735
[INFO] EVENT FINISHED : 4727
[INFO] DISTRIBUTING EVENT : 4736
[INFO] EVENT FINISHED : 4735
[INFO] DISTRIBUTING EVENT : 4737
[INFO] EVENT FINISHED : 4736
[INFO] DISTRIBUTING EVENT : 4738
[INFO] EVENT FINISHED : 4729
[INFO] DISTRIBUTING EVENT : 4739
[INFO] EVENT FINISHED : 4733
[INFO] DISTRIBUTING EVENT : 4740
[INFO] EVENT FINISHED : 4734
[INFO] DISTRIBUTING EVENT : 4741
[INFO] EVENT FINISHED : 4730
[INFO] DISTRIBUTING EVENT : 4742
[INFO] EVENT FINISHED : 4738
[INFO] DISTRIBUTING EVENT : 4743
[INFO] EVENT FINISHED : 4743
[INFO] DISTRIBUTING EVENT : 4744
[INFO] EVENT FINISHED : 4732
[INFO] DISTRIBUTING EVENT : 4745
[INFO] EVENT FINISHED : 4728
[INFO] DISTRIBUTING EVENT : 4746
[INFO] EVENT FINISHED : 4737
[INFO] DISTRIBUTING EVENT : 4747
[INFO] EVENT FINISHED : 4739
[INFO] DISTRIBUTING EVENT : 4748
[INFO] EVENT FINISHED : 4742
[INFO] DISTRIBUTING EVENT : 4749
[INFO] EVENT FINISHED : 4740
[INFO] DISTRIBUTING EVENT : 4750
[INFO] EVENT FINISHED : 4747
[INFO] DISTRIBUTING EVENT : 4751
[INFO] DISTRIBUTING EVENT : 4752
[INFO] EVENT FINISHED : 4751
[INFO] EVENT FINISHED : 4746
[INFO] DISTRIBUTING EVENT : 4753
[INFO] EVENT FINISHED : 4744
[INFO] DISTRIBUTING EVENT : 4754
[INFO] EVENT FINISHED : 4754
[INFO] DISTRIBUTING EVENT : 4755
[INFO] EVENT FINISHED : 4741
[INFO] DISTRIBUTING EVENT : 4756
[INFO] EVENT FINISHED : 4750
[INFO] DISTRIBUTING EVENT : 4757
[INFO] EVENT FINISHED : 4745
[INFO] DISTRIBUTING EVENT : 4758
[INFO] EVENT FINISHED : 4752
[INFO] DISTRIBUTING EVENT : 4759
[INFO] EVENT FINISHED : 4749
[INFO] DISTRIBUTING EVENT : 4760
[INFO] EVENT FINISHED : 4748
[INFO] DISTRIBUTING EVENT : 4761
[INFO] EVENT FINISHED : 4756
[INFO] DISTRIBUTING EVENT : 4762
[INFO] EVENT FINISHED : 4761
[INFO] DISTRIBUTING EVENT : 4763
[INFO] EVENT FINISHED : 4759
[INFO] DISTRIBUTING EVENT : 4764
[INFO] EVENT FINISHED : 4755
[INFO] DISTRIBUTING EVENT : 4765
[INFO] EVENT FINISHED : 4757
[INFO] DISTRIBUTING EVENT : 4766
[INFO] EVENT FINISHED : 4758
[INFO] DISTRIBUTING EVENT : 4767
[INFO] EVENT FINISHED : 4760
[INFO] DISTRIBUTING EVENT : 4768
[INFO] EVENT FINISHED : 4753
[INFO] DISTRIBUTING EVENT : 4769
[INFO] EVENT FINISHED : 4769
[INFO] DISTRIBUTING EVENT : 4770
[INFO] EVENT FINISHED : 4770
[INFO] DISTRIBUTING EVENT : 4771
[INFO] DISTRIBUTING EVENT : 4772
[INFO] EVENT FINISHED : 4771
[INFO] EVENT FINISHED : 4764
[INFO] DISTRIBUTING EVENT : 4773
[INFO] EVENT FINISHED : 4766
[INFO] DISTRIBUTING EVENT : 4774
[INFO] EVENT FINISHED : 4767
[INFO] DISTRIBUTING EVENT : 4775
[INFO] EVENT FINISHED : 4762
[INFO] DISTRIBUTING EVENT : 4776
[INFO] EVENT FINISHED : 4768
[INFO] DISTRIBUTING EVENT : 4777
[INFO] EVENT FINISHED : 4763
[INFO] DISTRIBUTING EVENT : 4778
[INFO] EVENT FINISHED : 4765
[INFO] DISTRIBUTING EVENT : 4779
[INFO] EVENT FINISHED : 4779
[INFO] DISTRIBUTING EVENT : 4780
[INFO] DISTRIBUTING EVENT : 4781
[INFO] EVENT FINISHED : 4780
[INFO] EVENT FINISHED : 4773
[INFO] DISTRIBUTING EVENT : 4782
[INFO] EVENT FINISHED : 4774
[INFO] DISTRIBUTING EVENT : 4783
[INFO] EVENT FINISHED : 4775
[INFO] DISTRIBUTING EVENT : 4784
[INFO] EVENT FINISHED : 4778
[INFO] DISTRIBUTING EVENT : 4785
[INFO] EVENT FINISHED : 4772
[INFO] DISTRIBUTING EVENT : 4786
[INFO] EVENT FINISHED : 4781
[INFO] DISTRIBUTING EVENT : 4787
[INFO] EVENT FINISHED : 4777
[INFO] DISTRIBUTING EVENT : 4788
[INFO] EVENT FINISHED : 4787
[INFO] DISTRIBUTING EVENT : 4789
[INFO] EVENT FINISHED : 4776
[INFO] DISTRIBUTING EVENT : 4790
[INFO] EVENT FINISHED : 4788
[INFO] DISTRIBUTING EVENT : 4791
[INFO] EVENT FINISHED : 4783
[INFO] DISTRIBUTING EVENT : 4792
[INFO] EVENT FINISHED : 4786
[INFO] DISTRIBUTING EVENT : 4793
[INFO] EVENT FINISHED : 4789
[INFO] DISTRIBUTING EVENT : 4794
[INFO] EVENT FINISHED : 4785
[INFO] DISTRIBUTING EVENT : 4795
[INFO] EVENT FINISHED : 4791
[INFO] DISTRIBUTING EVENT : 4796
[INFO] EVENT FINISHED : 4790
[INFO] DISTRIBUTING EVENT : 4797
[INFO] EVENT FINISHED : 4784
[INFO] DISTRIBUTING EVENT : 4798
[INFO] EVENT FINISHED : 4782
[INFO] DISTRIBUTING EVENT : 4799
[INFO] EVENT FINISHED : 4792
[INFO] DISTRIBUTING EVENT : 4800
[INFO] EVENT FINISHED : 4794
[INFO] DISTRIBUTING EVENT : 4801
[INFO] DISTRIBUTING EVENT : 4802
[INFO] EVENT FINISHED : 4801
[INFO] EVENT FINISHED : 4802
[INFO] DISTRIBUTING EVENT : 4803
[INFO] EVENT FINISHED : 4795
[INFO] DISTRIBUTING EVENT : 4804
[INFO] EVENT FINISHED : 4798
[INFO] DISTRIBUTING EVENT : 4805
[INFO] EVENT FINISHED : 4800
[INFO] DISTRIBUTING EVENT : 4806
[INFO] EVENT FINISHED : 4797
[INFO] DISTRIBUTING EVENT : 4807
[INFO] EVENT FINISHED : 4793
[INFO] DISTRIBUTING EVENT : 4808
[INFO] EVENT FINISHED : 4796
[INFO] DISTRIBUTING EVENT : 4809
[INFO] EVENT FINISHED : 4799
[INFO] DISTRIBUTING EVENT : 4810
[INFO] EVENT FINISHED : 4807
[INFO] DISTRIBUTING EVENT : 4811
[INFO] EVENT FINISHED : 4804
[INFO] DISTRIBUTING EVENT : 4812
[INFO] EVENT FINISHED : 4803
[INFO] DISTRIBUTING EVENT : 4813
[INFO] EVENT FINISHED : 4808
[INFO] DISTRIBUTING EVENT : 4814
[INFO] EVENT FINISHED : 4806
[INFO] DISTRIBUTING EVENT : 4815
[INFO] EVENT FINISHED : 4815
[INFO] DISTRIBUTING EVENT : 4816
[INFO] EVENT FINISHED : 4805
[INFO] DISTRIBUTING EVENT : 4817
[INFO] DISTRIBUTING EVENT : 4818
[INFO] EVENT FINISHED : 4809
[INFO] EVENT FINISHED : 4817
[INFO] DISTRIBUTING EVENT : 4819
[INFO] EVENT FINISHED : 4818
[INFO] DISTRIBUTING EVENT : 4820
[INFO] EVENT FINISHED : 4810
[INFO] DISTRIBUTING EVENT : 4821
[INFO] EVENT FINISHED : 4814
[INFO] DISTRIBUTING EVENT : 4822
[INFO] EVENT FINISHED : 4811
[INFO] DISTRIBUTING EVENT : 4823
[INFO] EVENT FINISHED : 4821
[INFO] DISTRIBUTING EVENT : 4824
[INFO] EVENT FINISHED : 4812
[INFO] DISTRIBUTING EVENT : 4825
[INFO] EVENT FINISHED : 4816
[INFO] DISTRIBUTING EVENT : 4826
[INFO] EVENT FINISHED : 4826
[INFO] DISTRIBUTING EVENT : 4827
[INFO] EVENT FINISHED : 4813
[INFO] DISTRIBUTING EVENT : 4828
[INFO] EVENT FINISHED : 4828
[INFO] DISTRIBUTING EVENT : 4829
[INFO] EVENT FINISHED : 4820
[INFO] DISTRIBUTING EVENT : 4830
[INFO] EVENT FINISHED : 4822
[INFO] DISTRIBUTING EVENT : 4831
[INFO] EVENT FINISHED : 4819
[INFO] DISTRIBUTING EVENT : 4832
[INFO] EVENT FINISHED : 4824
[INFO] DISTRIBUTING EVENT : 4833
[INFO] EVENT FINISHED : 4833
[INFO] DISTRIBUTING EVENT : 4834
[INFO] EVENT FINISHED : 4823
[INFO] DISTRIBUTING EVENT : 4835
[INFO] EVENT FINISHED : 4825
[INFO] DISTRIBUTING EVENT : 4836
[INFO] EVENT FINISHED : 4832
[INFO] DISTRIBUTING EVENT : 4837
[INFO] EVENT FINISHED : 4827
[INFO] DISTRIBUTING EVENT : 4838
[INFO] EVENT FINISHED : 4836
[INFO] DISTRIBUTING EVENT : 4839
[INFO] EVENT FINISHED : 4830
[INFO] DISTRIBUTING EVENT : 4840
[INFO] EVENT FINISHED : 4829
[INFO] DISTRIBUTING EVENT : 4841
[INFO] EVENT FINISHED : 4840
[INFO] DISTRIBUTING EVENT : 4842
[INFO] EVENT FINISHED : 4831
[INFO] DISTRIBUTING EVENT : 4843
[INFO] EVENT FINISHED : 4842
[INFO] DISTRIBUTING EVENT : 4844
[INFO] EVENT FINISHED : 4835
[INFO] DISTRIBUTING EVENT : 4845
[INFO] EVENT FINISHED : 4843
[INFO] DISTRIBUTING EVENT : 4846
[INFO] EVENT FINISHED : 4834
[INFO] DISTRIBUTING EVENT : 4847
[INFO] EVENT FINISHED : 4838
[INFO] DISTRIBUTING EVENT : 4848
[INFO] EVENT FINISHED : 4837
[INFO] DISTRIBUTING EVENT : 4849
[INFO] EVENT FINISHED : 4844
[INFO] DISTRIBUTING EVENT : 4850
[INFO] EVENT FINISHED : 4845
[INFO] DISTRIBUTING EVENT : 4851
[INFO] EVENT FINISHED : 4839
[INFO] DISTRIBUTING EVENT : 4852
[INFO] EVENT FINISHED : 4849
[INFO] DISTRIBUTING EVENT : 4853
[INFO] EVENT FINISHED : 4841
[INFO] DISTRIBUTING EVENT : 4854
[INFO] EVENT FINISHED : 4846
[INFO] DISTRIBUTING EVENT : 4855
[INFO] EVENT FINISHED : 4850
[INFO] DISTRIBUTING EVENT : 4856
[INFO] EVENT FINISHED : 4848
[INFO] DISTRIBUTING EVENT : 4857
[INFO] EVENT FINISHED : 4854
[INFO] DISTRIBUTING EVENT : 4858
[INFO] EVENT FINISHED : 4856
[INFO] DISTRIBUTING EVENT : 4859
[INFO] EVENT FINISHED : 4847
[INFO] DISTRIBUTING EVENT : 4860
[INFO] EVENT FINISHED : 4857
[INFO] DISTRIBUTING EVENT : 4861
[INFO] EVENT FINISHED : 4852
[INFO] DISTRIBUTING EVENT : 4862
[INFO] EVENT FINISHED : 4851
[INFO] DISTRIBUTING EVENT : 4863
[INFO] EVENT FINISHED : 4862
[INFO] DISTRIBUTING EVENT : 4864
[INFO] EVENT FINISHED : 4861
[INFO] DISTRIBUTING EVENT : 4865
[INFO] EVENT FINISHED : 4859
[INFO] DISTRIBUTING EVENT : 4866
[INFO] EVENT FINISHED : 4858
[INFO] DISTRIBUTING EVENT : 4867
[INFO] EVENT FINISHED : 4853
[INFO] DISTRIBUTING EVENT : 4868
[INFO] EVENT FINISHED : 4867
[INFO] DISTRIBUTING EVENT : 4869
[INFO] EVENT FINISHED : 4855
[INFO] DISTRIBUTING EVENT : 4870
[INFO] EVENT FINISHED : 4863
[INFO] DISTRIBUTING EVENT : 4871
[INFO] EVENT FINISHED : 4860
[INFO] DISTRIBUTING EVENT : 4872
[INFO] EVENT FINISHED : 4872
[INFO] DISTRIBUTING EVENT : 4873
[INFO] EVENT FINISHED : 4865
[INFO] DISTRIBUTING EVENT : 4874
[INFO] EVENT FINISHED : 4869
[INFO] DISTRIBUTING EVENT : 4875
[INFO] EVENT FINISHED : 4864
[INFO] DISTRIBUTING EVENT : 4876
[INFO] EVENT FINISHED : 4876
[INFO] DISTRIBUTING EVENT : 4877
[INFO] EVENT FINISHED : 4874
[INFO] DISTRIBUTING EVENT : 4878
[INFO] EVENT FINISHED : 4866
[INFO] DISTRIBUTING EVENT : 4879
[INFO] EVENT FINISHED : 4870
[INFO] DISTRIBUTING EVENT : 4880
[INFO] EVENT FINISHED : 4878
[INFO] DISTRIBUTING EVENT : 4881
[INFO] EVENT FINISHED : 4873
[INFO] DISTRIBUTING EVENT : 4882
[INFO] EVENT FINISHED : 4868
[INFO] DISTRIBUTING EVENT : 4883
[INFO] EVENT FINISHED : 4875
[INFO] DISTRIBUTING EVENT : 4884
[INFO] EVENT FINISHED : 4871
[INFO] DISTRIBUTING EVENT : 4885
[INFO] EVENT FINISHED : 4880
[INFO] DISTRIBUTING EVENT : 4886
[INFO] EVENT FINISHED : 4882
[INFO] DISTRIBUTING EVENT : 4887
[INFO] EVENT FINISHED : 4879
[INFO] DISTRIBUTING EVENT : 4888
[INFO] EVENT FINISHED : 4881
[INFO] DISTRIBUTING EVENT : 4889
[INFO] EVENT FINISHED : 4877
[INFO] DISTRIBUTING EVENT : 4890
[INFO] EVENT FINISHED : 4884
[INFO] DISTRIBUTING EVENT : 4891
[INFO] EVENT FINISHED : 4887
[INFO] DISTRIBUTING EVENT : 4892
[INFO] EVENT FINISHED : 4892
[INFO] DISTRIBUTING EVENT : 4893
[INFO] EVENT FINISHED : 4885
[INFO] DISTRIBUTING EVENT : 4894
[INFO] EVENT FINISHED : 4886
[INFO] DISTRIBUTING EVENT : 4895
[INFO] EVENT FINISHED : 4883
[INFO] DISTRIBUTING EVENT : 4896
[INFO] EVENT FINISHED : 4889
[INFO] EVENT FINISHED : 4888
[INFO] DISTRIBUTING EVENT : 4897
[INFO] DISTRIBUTING EVENT : 4898
[INFO] EVENT FINISHED : 4890
[INFO] DISTRIBUTING EVENT : 4899
[INFO] EVENT FINISHED : 4894
[INFO] DISTRIBUTING EVENT : 4900
[INFO] EVENT FINISHED : 4893
[INFO] DISTRIBUTING EVENT : 4901
[INFO] EVENT FINISHED : 4896
[INFO] DISTRIBUTING EVENT : 4902
[INFO] EVENT FINISHED : 4901
[INFO] DISTRIBUTING EVENT : 4903
[INFO] EVENT FINISHED : 4891
[INFO] DISTRIBUTING EVENT : 4904
[INFO] EVENT FINISHED : 4897
[INFO] DISTRIBUTING EVENT : 4905
[INFO] EVENT FINISHED : 4905
[INFO] DISTRIBUTING EVENT : 4906
[INFO] EVENT FINISHED : 4906
[INFO] DISTRIBUTING EVENT : 4907
[INFO] EVENT FINISHED : 4900
[INFO] DISTRIBUTING EVENT : 4908
[INFO] EVENT FINISHED : 4898
[INFO] DISTRIBUTING EVENT : 4909
[INFO] EVENT FINISHED : 4903
[INFO] DISTRIBUTING EVENT : 4910
[INFO] EVENT FINISHED : 4904
[INFO] DISTRIBUTING EVENT : 4911
[INFO] EVENT FINISHED : 4895
[INFO] DISTRIBUTING EVENT : 4912
[INFO] EVENT FINISHED : 4911
[INFO] DISTRIBUTING EVENT : 4913
[INFO] EVENT FINISHED : 4899
[INFO] DISTRIBUTING EVENT : 4914
[INFO] EVENT FINISHED : 4907
[INFO] DISTRIBUTING EVENT : 4915
[INFO] EVENT FINISHED : 4902
[INFO] DISTRIBUTING EVENT : 4916
[INFO] EVENT FINISHED : 4914
[INFO] DISTRIBUTING EVENT : 4917
[INFO] EVENT FINISHED : 4915
[INFO] DISTRIBUTING EVENT : 4918
[INFO] EVENT FINISHED : 4909
[INFO] DISTRIBUTING EVENT : 4919
[INFO] EVENT FINISHED : 4918
[INFO] DISTRIBUTING EVENT : 4920
[INFO] EVENT FINISHED : 4908
[INFO] DISTRIBUTING EVENT : 4921
[INFO] EVENT FINISHED : 4910
[INFO] DISTRIBUTING EVENT : 4922
[INFO] EVENT FINISHED : 4912
[INFO] DISTRIBUTING EVENT : 4923
[INFO] EVENT FINISHED : 4913
[INFO] DISTRIBUTING EVENT : 4924
[INFO] EVENT FINISHED : 4921
[INFO] DISTRIBUTING EVENT : 4925
[INFO] EVENT FINISHED : 4920
[INFO] DISTRIBUTING EVENT : 4926
[INFO] EVENT FINISHED : 4916
[INFO] DISTRIBUTING EVENT : 4927
[INFO] EVENT FINISHED : 4926
[INFO] DISTRIBUTING EVENT : 4928
[INFO] EVENT FINISHED : 4923
[INFO] DISTRIBUTING EVENT : 4929
[INFO] EVENT FINISHED : 4917
[INFO] DISTRIBUTING EVENT : 4930
[INFO] EVENT FINISHED : 4919
[INFO] DISTRIBUTING EVENT : 4931
[INFO] EVENT FINISHED : 4925
[INFO] DISTRIBUTING EVENT : 4932
[INFO] EVENT FINISHED : 4922
[INFO] DISTRIBUTING EVENT : 4933
[INFO] EVENT FINISHED : 4924
[INFO] DISTRIBUTING EVENT : 4934
[INFO] EVENT FINISHED : 4929
[INFO] DISTRIBUTING EVENT : 4935
[INFO] EVENT FINISHED : 4935
[INFO] DISTRIBUTING EVENT : 4936
[INFO] EVENT FINISHED : 4928
[INFO] DISTRIBUTING EVENT : 4937
[INFO] EVENT FINISHED : 4930
[INFO] DISTRIBUTING EVENT : 4938
[INFO] EVENT FINISHED : 4937
[INFO] DISTRIBUTING EVENT : 4939
[INFO] EVENT FINISHED : 4932
[INFO] DISTRIBUTING EVENT : 4940
[INFO] EVENT FINISHED : 4927
[INFO] DISTRIBUTING EVENT : 4941
[INFO] EVENT FINISHED : 4933
[INFO] DISTRIBUTING EVENT : 4942
[INFO] EVENT FINISHED : 4931
[INFO] DISTRIBUTING EVENT : 4943
[INFO] EVENT FINISHED : 4942
[INFO] DISTRIBUTING EVENT : 4944
[INFO] EVENT FINISHED : 4944
[INFO] DISTRIBUTING EVENT : 4945
[INFO] EVENT FINISHED : 4943
[INFO] DISTRIBUTING EVENT : 4946
[INFO] EVENT FINISHED : 4934
[INFO] DISTRIBUTING EVENT : 4947
[INFO] EVENT FINISHED : 4947
[INFO] DISTRIBUTING EVENT : 4948
[INFO] EVENT FINISHED : 4940
[INFO] DISTRIBUTING EVENT : 4949
[INFO] EVENT FINISHED : 4946
[INFO] DISTRIBUTING EVENT : 4950
[INFO] EVENT FINISHED : 4939
[INFO] DISTRIBUTING EVENT : 4951
[INFO] EVENT FINISHED : 4938
[INFO] DISTRIBUTING EVENT : 4952
[INFO] EVENT FINISHED : 4936
[INFO] DISTRIBUTING EVENT : 4953
[INFO] EVENT FINISHED : 4945
[INFO] DISTRIBUTING EVENT : 4954
[INFO] EVENT FINISHED : 4954
[INFO] DISTRIBUTING EVENT : 4955
[INFO] EVENT FINISHED : 4941
[INFO] DISTRIBUTING EVENT : 4956
[INFO] EVENT FINISHED : 4948
[INFO] DISTRIBUTING EVENT : 4957
[INFO] EVENT FINISHED : 4951
[INFO] DISTRIBUTING EVENT : 4958
[INFO] EVENT FINISHED : 4958
[INFO] DISTRIBUTING EVENT : 4959
[INFO] EVENT FINISHED : 4952
[INFO] DISTRIBUTING EVENT : 4960
[INFO] EVENT FINISHED : 4950
[INFO] DISTRIBUTING EVENT : 4961
[INFO] EVENT FINISHED : 4949
[INFO] DISTRIBUTING EVENT : 4962
[INFO] EVENT FINISHED : 4955
[INFO] DISTRIBUTING EVENT : 4963
[INFO] EVENT FINISHED : 4960
[INFO] DISTRIBUTING EVENT : 4964
[INFO] EVENT FINISHED : 4957
[INFO] DISTRIBUTING EVENT : 4965
[INFO] EVENT FINISHED : 4953
[INFO] DISTRIBUTING EVENT : 4966
[INFO] EVENT FINISHED : 4961
[INFO] DISTRIBUTING EVENT : 4967
[INFO] EVENT FINISHED : 4956
[INFO] DISTRIBUTING EVENT : 4968
[INFO] EVENT FINISHED : 4962
[INFO] DISTRIBUTING EVENT : 4969
[INFO] EVENT FINISHED : 4959
[INFO] DISTRIBUTING EVENT : 4970
[INFO] EVENT FINISHED : 4966
[INFO] DISTRIBUTING EVENT : 4971
[INFO] EVENT FINISHED : 4965
[INFO] DISTRIBUTING EVENT : 4972
[INFO] EVENT FINISHED : 4963
[INFO] DISTRIBUTING EVENT : 4973
[INFO] EVENT FINISHED : 4972
[INFO] DISTRIBUTING EVENT : 4974
[INFO] EVENT FINISHED : 4967
[INFO] DISTRIBUTING EVENT : 4975
[INFO] EVENT FINISHED : 4964
[INFO] EVENT FINISHED : 4970
[INFO] DISTRIBUTING EVENT : 4976
[INFO] DISTRIBUTING EVENT : 4977
[INFO] EVENT FINISHED : 4973
[INFO] DISTRIBUTING EVENT : 4978
[INFO] EVENT FINISHED : 4976
[INFO] DISTRIBUTING EVENT : 4979
[INFO] EVENT FINISHED : 4977
[INFO] DISTRIBUTING EVENT : 4980
[INFO] EVENT FINISHED : 4974
[INFO] DISTRIBUTING EVENT : 4981
[INFO] EVENT FINISHED : 4971
[INFO] DISTRIBUTING EVENT : 4982
[INFO] EVENT FINISHED : 4969
[INFO] DISTRIBUTING EVENT : 4983
[INFO] EVENT FINISHED : 4968
[INFO] DISTRIBUTING EVENT : 4984
[INFO] EVENT FINISHED : 4978
[INFO] DISTRIBUTING EVENT : 4985
[INFO] EVENT FINISHED : 4975
[INFO] DISTRIBUTING EVENT : 4986
[INFO] EVENT FINISHED : 4982
[INFO] DISTRIBUTING EVENT : 4987
[INFO] EVENT FINISHED : 4981
[INFO] DISTRIBUTING EVENT : 4988
[INFO] EVENT FINISHED : 4980
[INFO] DISTRIBUTING EVENT : 4989
[INFO] EVENT FINISHED : 4983
[INFO] DISTRIBUTING EVENT : 4990
[INFO] EVENT FINISHED : 4979
[INFO] DISTRIBUTING EVENT : 4991
[INFO] EVENT FINISHED : 4989
[INFO] DISTRIBUTING EVENT : 4992
[INFO] EVENT FINISHED : 4984
[INFO] DISTRIBUTING EVENT : 4993
[INFO] EVENT FINISHED : 4985
[INFO] DISTRIBUTING EVENT : 4994
[INFO] EVENT FINISHED : 4986
[INFO] DISTRIBUTING EVENT : 4995
[INFO] EVENT FINISHED : 4988
[INFO] DISTRIBUTING EVENT : 4996
[INFO] EVENT FINISHED : 4991
[INFO] DISTRIBUTING EVENT : 4997
[INFO] EVENT FINISHED : 4990
[INFO] DISTRIBUTING EVENT : 4998
[INFO] EVENT FINISHED : 4987
[INFO] DISTRIBUTING EVENT : 4999
[INFO] EVENT FINISHED : 4992
[INFO] EVENT FINISHED : 4993
[INFO] DISTRIBUTING EVENT : 5000
[INFO] EVENT FINISHED : 4995
[INFO] EVENT FINISHED : 5000
[INFO] EVENT FINISHED : 4996
[INFO] EVENT FINISHED : 4994
[INFO] EVENT FINISHED : 4999
[INFO] EVENT FINISHED : 4997
[INFO] SIMULATION IS DONE. INITIATING SHUTDOWN.
[INFO] EVENT FINISHED : 4998
[INFO] Merger process 5638 returned
[INFO] Simulation process took 2628.41 s
[INFO] SIMULATION RETURNED SUCCESFULLY
